/home/jiangt/FaaSLight-Re/Original_app/app3-dynamic/numpy/_globals.py=_NoValueType=__new__=80
/home/jiangt/FaaSLight-Re/Original_app/app3-dynamic/numpy/_version.py=get_versions=20
/home/jiangt/FaaSLight-Re/Original_app/app3-dynamic/numpy/core/overrides.py=array_function_from_dispatcher=217
/home/jiangt/FaaSLight-Re/Original_app/app3-dynamic/numpy/core/overrides.py=array_function_from_dispatcher=decorator=221
/home/jiangt/FaaSLight-Re/Original_app/app3-dynamic/numpy/core/overrides.py=array_function_dispatch=128
/home/jiangt/FaaSLight-Re/Original_app/app3-dynamic/numpy/core/overrides.py=array_function_dispatch=decorator=170
/home/jiangt/FaaSLight-Re/Original_app/app3-dynamic/numpy/core/overrides.py=array_function_from_dispatcher=217
/home/jiangt/FaaSLight-Re/Original_app/app3-dynamic/numpy/core/overrides.py=array_function_from_dispatcher=decorator=221
/home/jiangt/FaaSLight-Re/Original_app/app3-dynamic/numpy/core/overrides.py=array_function_dispatch=128
/home/jiangt/FaaSLight-Re/Original_app/app3-dynamic/numpy/core/overrides.py=array_function_dispatch=decorator=170
/home/jiangt/FaaSLight-Re/Original_app/app3-dynamic/numpy/core/overrides.py=array_function_from_dispatcher=217
/home/jiangt/FaaSLight-Re/Original_app/app3-dynamic/numpy/core/overrides.py=array_function_from_dispatcher=decorator=221
/home/jiangt/FaaSLight-Re/Original_app/app3-dynamic/numpy/core/overrides.py=array_function_dispatch=128
/home/jiangt/FaaSLight-Re/Original_app/app3-dynamic/numpy/core/overrides.py=array_function_dispatch=decorator=170
/home/jiangt/FaaSLight-Re/Original_app/app3-dynamic/numpy/core/overrides.py=array_function_from_dispatcher=217
/home/jiangt/FaaSLight-Re/Original_app/app3-dynamic/numpy/core/overrides.py=array_function_from_dispatcher=decorator=221
/home/jiangt/FaaSLight-Re/Original_app/app3-dynamic/numpy/core/overrides.py=array_function_dispatch=128
/home/jiangt/FaaSLight-Re/Original_app/app3-dynamic/numpy/core/overrides.py=array_function_dispatch=decorator=170
/home/jiangt/FaaSLight-Re/Original_app/app3-dynamic/numpy/core/overrides.py=array_function_from_dispatcher=217
/home/jiangt/FaaSLight-Re/Original_app/app3-dynamic/numpy/core/overrides.py=array_function_from_dispatcher=decorator=221
/home/jiangt/FaaSLight-Re/Original_app/app3-dynamic/numpy/core/overrides.py=array_function_dispatch=128
/home/jiangt/FaaSLight-Re/Original_app/app3-dynamic/numpy/core/overrides.py=array_function_dispatch=decorator=170
/home/jiangt/FaaSLight-Re/Original_app/app3-dynamic/numpy/core/overrides.py=array_function_from_dispatcher=217
/home/jiangt/FaaSLight-Re/Original_app/app3-dynamic/numpy/core/overrides.py=array_function_from_dispatcher=decorator=221
/home/jiangt/FaaSLight-Re/Original_app/app3-dynamic/numpy/core/overrides.py=array_function_dispatch=128
/home/jiangt/FaaSLight-Re/Original_app/app3-dynamic/numpy/core/overrides.py=array_function_dispatch=decorator=170
/home/jiangt/FaaSLight-Re/Original_app/app3-dynamic/numpy/core/overrides.py=array_function_from_dispatcher=217
/home/jiangt/FaaSLight-Re/Original_app/app3-dynamic/numpy/core/overrides.py=array_function_from_dispatcher=decorator=221
/home/jiangt/FaaSLight-Re/Original_app/app3-dynamic/numpy/core/overrides.py=array_function_dispatch=128
/home/jiangt/FaaSLight-Re/Original_app/app3-dynamic/numpy/core/overrides.py=array_function_dispatch=decorator=170
/home/jiangt/FaaSLight-Re/Original_app/app3-dynamic/numpy/core/overrides.py=array_function_from_dispatcher=217
/home/jiangt/FaaSLight-Re/Original_app/app3-dynamic/numpy/core/overrides.py=array_function_from_dispatcher=decorator=221
/home/jiangt/FaaSLight-Re/Original_app/app3-dynamic/numpy/core/overrides.py=array_function_dispatch=128
/home/jiangt/FaaSLight-Re/Original_app/app3-dynamic/numpy/core/overrides.py=array_function_dispatch=decorator=170
/home/jiangt/FaaSLight-Re/Original_app/app3-dynamic/numpy/core/overrides.py=array_function_from_dispatcher=217
/home/jiangt/FaaSLight-Re/Original_app/app3-dynamic/numpy/core/overrides.py=array_function_from_dispatcher=decorator=221
/home/jiangt/FaaSLight-Re/Original_app/app3-dynamic/numpy/core/overrides.py=array_function_dispatch=128
/home/jiangt/FaaSLight-Re/Original_app/app3-dynamic/numpy/core/overrides.py=array_function_dispatch=decorator=170
/home/jiangt/FaaSLight-Re/Original_app/app3-dynamic/numpy/core/overrides.py=array_function_from_dispatcher=217
/home/jiangt/FaaSLight-Re/Original_app/app3-dynamic/numpy/core/overrides.py=array_function_from_dispatcher=decorator=221
/home/jiangt/FaaSLight-Re/Original_app/app3-dynamic/numpy/core/overrides.py=array_function_dispatch=128
/home/jiangt/FaaSLight-Re/Original_app/app3-dynamic/numpy/core/overrides.py=array_function_dispatch=decorator=170
/home/jiangt/FaaSLight-Re/Original_app/app3-dynamic/numpy/core/overrides.py=array_function_from_dispatcher=217
/home/jiangt/FaaSLight-Re/Original_app/app3-dynamic/numpy/core/overrides.py=array_function_from_dispatcher=decorator=221
/home/jiangt/FaaSLight-Re/Original_app/app3-dynamic/numpy/core/overrides.py=array_function_dispatch=128
/home/jiangt/FaaSLight-Re/Original_app/app3-dynamic/numpy/core/overrides.py=array_function_dispatch=decorator=170
/home/jiangt/FaaSLight-Re/Original_app/app3-dynamic/numpy/core/overrides.py=array_function_from_dispatcher=217
/home/jiangt/FaaSLight-Re/Original_app/app3-dynamic/numpy/core/overrides.py=array_function_from_dispatcher=decorator=221
/home/jiangt/FaaSLight-Re/Original_app/app3-dynamic/numpy/core/overrides.py=array_function_dispatch=128
/home/jiangt/FaaSLight-Re/Original_app/app3-dynamic/numpy/core/overrides.py=array_function_dispatch=decorator=170
/home/jiangt/FaaSLight-Re/Original_app/app3-dynamic/numpy/core/overrides.py=array_function_from_dispatcher=217
/home/jiangt/FaaSLight-Re/Original_app/app3-dynamic/numpy/core/overrides.py=array_function_from_dispatcher=decorator=221
/home/jiangt/FaaSLight-Re/Original_app/app3-dynamic/numpy/core/overrides.py=array_function_dispatch=128
/home/jiangt/FaaSLight-Re/Original_app/app3-dynamic/numpy/core/overrides.py=array_function_dispatch=decorator=170
/home/jiangt/FaaSLight-Re/Original_app/app3-dynamic/numpy/core/overrides.py=array_function_from_dispatcher=217
/home/jiangt/FaaSLight-Re/Original_app/app3-dynamic/numpy/core/overrides.py=array_function_from_dispatcher=decorator=221
/home/jiangt/FaaSLight-Re/Original_app/app3-dynamic/numpy/core/overrides.py=array_function_dispatch=128
/home/jiangt/FaaSLight-Re/Original_app/app3-dynamic/numpy/core/overrides.py=array_function_dispatch=decorator=170
/home/jiangt/FaaSLight-Re/Original_app/app3-dynamic/numpy/core/overrides.py=array_function_from_dispatcher=217
/home/jiangt/FaaSLight-Re/Original_app/app3-dynamic/numpy/core/overrides.py=array_function_from_dispatcher=decorator=221
/home/jiangt/FaaSLight-Re/Original_app/app3-dynamic/numpy/core/overrides.py=array_function_dispatch=128
/home/jiangt/FaaSLight-Re/Original_app/app3-dynamic/numpy/core/overrides.py=array_function_dispatch=decorator=170
/home/jiangt/FaaSLight-Re/Original_app/app3-dynamic/numpy/core/overrides.py=array_function_from_dispatcher=217
/home/jiangt/FaaSLight-Re/Original_app/app3-dynamic/numpy/core/overrides.py=array_function_from_dispatcher=decorator=221
/home/jiangt/FaaSLight-Re/Original_app/app3-dynamic/numpy/core/overrides.py=array_function_dispatch=128
/home/jiangt/FaaSLight-Re/Original_app/app3-dynamic/numpy/core/overrides.py=array_function_dispatch=decorator=170
/home/jiangt/FaaSLight-Re/Original_app/app3-dynamic/numpy/core/overrides.py=array_function_from_dispatcher=217
/home/jiangt/FaaSLight-Re/Original_app/app3-dynamic/numpy/core/overrides.py=array_function_from_dispatcher=decorator=221
/home/jiangt/FaaSLight-Re/Original_app/app3-dynamic/numpy/core/overrides.py=array_function_dispatch=128
/home/jiangt/FaaSLight-Re/Original_app/app3-dynamic/numpy/core/overrides.py=array_function_dispatch=decorator=170
/home/jiangt/FaaSLight-Re/Original_app/app3-dynamic/numpy/core/overrides.py=array_function_from_dispatcher=217
/home/jiangt/FaaSLight-Re/Original_app/app3-dynamic/numpy/core/overrides.py=array_function_from_dispatcher=decorator=221
/home/jiangt/FaaSLight-Re/Original_app/app3-dynamic/numpy/core/overrides.py=array_function_dispatch=128
/home/jiangt/FaaSLight-Re/Original_app/app3-dynamic/numpy/core/overrides.py=array_function_dispatch=decorator=170
/home/jiangt/FaaSLight-Re/Original_app/app3-dynamic/numpy/core/overrides.py=array_function_from_dispatcher=217
/home/jiangt/FaaSLight-Re/Original_app/app3-dynamic/numpy/core/overrides.py=array_function_from_dispatcher=decorator=221
/home/jiangt/FaaSLight-Re/Original_app/app3-dynamic/numpy/core/overrides.py=array_function_dispatch=128
/home/jiangt/FaaSLight-Re/Original_app/app3-dynamic/numpy/core/overrides.py=array_function_dispatch=decorator=170
/home/jiangt/FaaSLight-Re/Original_app/app3-dynamic/numpy/core/overrides.py=array_function_from_dispatcher=217
/home/jiangt/FaaSLight-Re/Original_app/app3-dynamic/numpy/core/overrides.py=array_function_from_dispatcher=decorator=221
/home/jiangt/FaaSLight-Re/Original_app/app3-dynamic/numpy/core/overrides.py=array_function_dispatch=128
/home/jiangt/FaaSLight-Re/Original_app/app3-dynamic/numpy/core/overrides.py=array_function_dispatch=decorator=170
/home/jiangt/FaaSLight-Re/Original_app/app3-dynamic/numpy/core/overrides.py=array_function_from_dispatcher=217
/home/jiangt/FaaSLight-Re/Original_app/app3-dynamic/numpy/core/overrides.py=array_function_from_dispatcher=decorator=221
/home/jiangt/FaaSLight-Re/Original_app/app3-dynamic/numpy/core/overrides.py=array_function_dispatch=128
/home/jiangt/FaaSLight-Re/Original_app/app3-dynamic/numpy/core/overrides.py=array_function_dispatch=decorator=170
/home/jiangt/FaaSLight-Re/Original_app/app3-dynamic/numpy/core/overrides.py=array_function_from_dispatcher=217
/home/jiangt/FaaSLight-Re/Original_app/app3-dynamic/numpy/core/overrides.py=array_function_from_dispatcher=decorator=221
/home/jiangt/FaaSLight-Re/Original_app/app3-dynamic/numpy/core/overrides.py=array_function_dispatch=128
/home/jiangt/FaaSLight-Re/Original_app/app3-dynamic/numpy/core/overrides.py=array_function_dispatch=decorator=170
/home/jiangt/FaaSLight-Re/Original_app/app3-dynamic/numpy/core/overrides.py=array_function_from_dispatcher=217
/home/jiangt/FaaSLight-Re/Original_app/app3-dynamic/numpy/core/overrides.py=array_function_from_dispatcher=decorator=221
/home/jiangt/FaaSLight-Re/Original_app/app3-dynamic/numpy/core/overrides.py=array_function_dispatch=128
/home/jiangt/FaaSLight-Re/Original_app/app3-dynamic/numpy/core/overrides.py=array_function_dispatch=decorator=170
/home/jiangt/FaaSLight-Re/Original_app/app3-dynamic/numpy/core/_string_helpers.py=english_lower=16
/home/jiangt/FaaSLight-Re/Original_app/app3-dynamic/numpy/core/_string_helpers.py=english_lower=16
/home/jiangt/FaaSLight-Re/Original_app/app3-dynamic/numpy/core/_string_helpers.py=english_lower=16
/home/jiangt/FaaSLight-Re/Original_app/app3-dynamic/numpy/core/_string_helpers.py=english_lower=16
/home/jiangt/FaaSLight-Re/Original_app/app3-dynamic/numpy/core/_string_helpers.py=english_lower=16
/home/jiangt/FaaSLight-Re/Original_app/app3-dynamic/numpy/core/_string_helpers.py=english_lower=16
/home/jiangt/FaaSLight-Re/Original_app/app3-dynamic/numpy/core/_string_helpers.py=english_lower=16
/home/jiangt/FaaSLight-Re/Original_app/app3-dynamic/numpy/core/_string_helpers.py=english_lower=16
/home/jiangt/FaaSLight-Re/Original_app/app3-dynamic/numpy/core/_string_helpers.py=english_lower=16
/home/jiangt/FaaSLight-Re/Original_app/app3-dynamic/numpy/core/_string_helpers.py=english_lower=16
/home/jiangt/FaaSLight-Re/Original_app/app3-dynamic/numpy/core/_string_helpers.py=english_lower=16
/home/jiangt/FaaSLight-Re/Original_app/app3-dynamic/numpy/core/_string_helpers.py=english_lower=16
/home/jiangt/FaaSLight-Re/Original_app/app3-dynamic/numpy/core/_string_helpers.py=english_lower=16
/home/jiangt/FaaSLight-Re/Original_app/app3-dynamic/numpy/core/_string_helpers.py=english_lower=16
/home/jiangt/FaaSLight-Re/Original_app/app3-dynamic/numpy/core/_string_helpers.py=english_lower=16
/home/jiangt/FaaSLight-Re/Original_app/app3-dynamic/numpy/core/_string_helpers.py=english_lower=16
/home/jiangt/FaaSLight-Re/Original_app/app3-dynamic/numpy/core/_string_helpers.py=english_lower=16
/home/jiangt/FaaSLight-Re/Original_app/app3-dynamic/numpy/core/_string_helpers.py=english_lower=16
/home/jiangt/FaaSLight-Re/Original_app/app3-dynamic/numpy/core/_string_helpers.py=english_lower=16
/home/jiangt/FaaSLight-Re/Original_app/app3-dynamic/numpy/core/_string_helpers.py=english_lower=16
/home/jiangt/FaaSLight-Re/Original_app/app3-dynamic/numpy/core/_string_helpers.py=english_lower=16
/home/jiangt/FaaSLight-Re/Original_app/app3-dynamic/numpy/core/_string_helpers.py=english_lower=16
/home/jiangt/FaaSLight-Re/Original_app/app3-dynamic/numpy/core/_string_helpers.py=english_lower=16
/home/jiangt/FaaSLight-Re/Original_app/app3-dynamic/numpy/core/_string_helpers.py=english_lower=16
/home/jiangt/FaaSLight-Re/Original_app/app3-dynamic/numpy/core/_string_helpers.py=english_lower=16
/home/jiangt/FaaSLight-Re/Original_app/app3-dynamic/numpy/core/_string_helpers.py=english_lower=16
/home/jiangt/FaaSLight-Re/Original_app/app3-dynamic/numpy/core/_string_helpers.py=english_lower=16
/home/jiangt/FaaSLight-Re/Original_app/app3-dynamic/numpy/core/_string_helpers.py=english_lower=16
/home/jiangt/FaaSLight-Re/Original_app/app3-dynamic/numpy/core/_string_helpers.py=english_lower=16
/home/jiangt/FaaSLight-Re/Original_app/app3-dynamic/numpy/core/_string_helpers.py=english_lower=16
/home/jiangt/FaaSLight-Re/Original_app/app3-dynamic/numpy/core/_string_helpers.py=english_lower=16
/home/jiangt/FaaSLight-Re/Original_app/app3-dynamic/numpy/core/_string_helpers.py=english_lower=16
/home/jiangt/FaaSLight-Re/Original_app/app3-dynamic/numpy/core/_string_helpers.py=english_lower=16
/home/jiangt/FaaSLight-Re/Original_app/app3-dynamic/numpy/core/_string_helpers.py=english_lower=16
/home/jiangt/FaaSLight-Re/Original_app/app3-dynamic/numpy/core/_string_helpers.py=english_lower=16
/home/jiangt/FaaSLight-Re/Original_app/app3-dynamic/numpy/core/_string_helpers.py=english_lower=16
/home/jiangt/FaaSLight-Re/Original_app/app3-dynamic/numpy/core/_type_aliases.py=_add_types=74
/home/jiangt/FaaSLight-Re/Original_app/app3-dynamic/numpy/core/_type_aliases.py=_add_aliases=94
/home/jiangt/FaaSLight-Re/Original_app/app3-dynamic/numpy/core/_type_aliases.py=bitname=58
/home/jiangt/FaaSLight-Re/Original_app/app3-dynamic/numpy/core/_type_aliases.py=_bits_of=44
/home/jiangt/FaaSLight-Re/Original_app/app3-dynamic/numpy/core/_dtype.py=_kind_name=24
/home/jiangt/FaaSLight-Re/Original_app/app3-dynamic/numpy/core/_type_aliases.py=bitname=58
/home/jiangt/FaaSLight-Re/Original_app/app3-dynamic/numpy/core/_type_aliases.py=_bits_of=44
/home/jiangt/FaaSLight-Re/Original_app/app3-dynamic/numpy/core/_dtype.py=_kind_name=24
/home/jiangt/FaaSLight-Re/Original_app/app3-dynamic/numpy/core/_type_aliases.py=bitname=58
/home/jiangt/FaaSLight-Re/Original_app/app3-dynamic/numpy/core/_type_aliases.py=_bits_of=44
/home/jiangt/FaaSLight-Re/Original_app/app3-dynamic/numpy/core/_dtype.py=_kind_name=24
/home/jiangt/FaaSLight-Re/Original_app/app3-dynamic/numpy/core/_type_aliases.py=bitname=58
/home/jiangt/FaaSLight-Re/Original_app/app3-dynamic/numpy/core/_type_aliases.py=_bits_of=44
/home/jiangt/FaaSLight-Re/Original_app/app3-dynamic/numpy/core/_dtype.py=_kind_name=24
/home/jiangt/FaaSLight-Re/Original_app/app3-dynamic/numpy/core/_type_aliases.py=bitname=58
/home/jiangt/FaaSLight-Re/Original_app/app3-dynamic/numpy/core/_type_aliases.py=_bits_of=44
/home/jiangt/FaaSLight-Re/Original_app/app3-dynamic/numpy/core/_dtype.py=_kind_name=24
/home/jiangt/FaaSLight-Re/Original_app/app3-dynamic/numpy/core/_type_aliases.py=bitname=58
/home/jiangt/FaaSLight-Re/Original_app/app3-dynamic/numpy/core/_type_aliases.py=_bits_of=44
/home/jiangt/FaaSLight-Re/Original_app/app3-dynamic/numpy/core/_dtype.py=_kind_name=24
/home/jiangt/FaaSLight-Re/Original_app/app3-dynamic/numpy/core/_type_aliases.py=bitname=58
/home/jiangt/FaaSLight-Re/Original_app/app3-dynamic/numpy/core/_type_aliases.py=_bits_of=44
/home/jiangt/FaaSLight-Re/Original_app/app3-dynamic/numpy/core/_dtype.py=_kind_name=24
/home/jiangt/FaaSLight-Re/Original_app/app3-dynamic/numpy/core/_type_aliases.py=bitname=58
/home/jiangt/FaaSLight-Re/Original_app/app3-dynamic/numpy/core/_type_aliases.py=_bits_of=44
/home/jiangt/FaaSLight-Re/Original_app/app3-dynamic/numpy/core/_dtype.py=_kind_name=24
/home/jiangt/FaaSLight-Re/Original_app/app3-dynamic/numpy/core/_type_aliases.py=bitname=58
/home/jiangt/FaaSLight-Re/Original_app/app3-dynamic/numpy/core/_type_aliases.py=_bits_of=44
/home/jiangt/FaaSLight-Re/Original_app/app3-dynamic/numpy/core/_dtype.py=_kind_name=24
/home/jiangt/FaaSLight-Re/Original_app/app3-dynamic/numpy/core/_type_aliases.py=bitname=58
/home/jiangt/FaaSLight-Re/Original_app/app3-dynamic/numpy/core/_type_aliases.py=_bits_of=44
/home/jiangt/FaaSLight-Re/Original_app/app3-dynamic/numpy/core/_dtype.py=_kind_name=24
/home/jiangt/FaaSLight-Re/Original_app/app3-dynamic/numpy/core/_type_aliases.py=bitname=58
/home/jiangt/FaaSLight-Re/Original_app/app3-dynamic/numpy/core/_type_aliases.py=_bits_of=44
/home/jiangt/FaaSLight-Re/Original_app/app3-dynamic/numpy/core/_dtype.py=_kind_name=24
/home/jiangt/FaaSLight-Re/Original_app/app3-dynamic/numpy/core/_type_aliases.py=bitname=58
/home/jiangt/FaaSLight-Re/Original_app/app3-dynamic/numpy/core/_type_aliases.py=_bits_of=44
/home/jiangt/FaaSLight-Re/Original_app/app3-dynamic/numpy/core/_dtype.py=_kind_name=24
/home/jiangt/FaaSLight-Re/Original_app/app3-dynamic/numpy/core/_type_aliases.py=bitname=58
/home/jiangt/FaaSLight-Re/Original_app/app3-dynamic/numpy/core/_type_aliases.py=_bits_of=44
/home/jiangt/FaaSLight-Re/Original_app/app3-dynamic/numpy/core/_dtype.py=_kind_name=24
/home/jiangt/FaaSLight-Re/Original_app/app3-dynamic/numpy/core/_type_aliases.py=bitname=58
/home/jiangt/FaaSLight-Re/Original_app/app3-dynamic/numpy/core/_type_aliases.py=_bits_of=44
/home/jiangt/FaaSLight-Re/Original_app/app3-dynamic/numpy/core/_dtype.py=_kind_name=24
/home/jiangt/FaaSLight-Re/Original_app/app3-dynamic/numpy/core/_type_aliases.py=bitname=58
/home/jiangt/FaaSLight-Re/Original_app/app3-dynamic/numpy/core/_type_aliases.py=_bits_of=44
/home/jiangt/FaaSLight-Re/Original_app/app3-dynamic/numpy/core/_dtype.py=_kind_name=24
/home/jiangt/FaaSLight-Re/Original_app/app3-dynamic/numpy/core/_type_aliases.py=bitname=58
/home/jiangt/FaaSLight-Re/Original_app/app3-dynamic/numpy/core/_type_aliases.py=_bits_of=44
/home/jiangt/FaaSLight-Re/Original_app/app3-dynamic/numpy/core/_dtype.py=_kind_name=24
/home/jiangt/FaaSLight-Re/Original_app/app3-dynamic/numpy/core/_type_aliases.py=_add_integer_aliases=123
/home/jiangt/FaaSLight-Re/Original_app/app3-dynamic/numpy/core/_type_aliases.py=_set_up_aliases=151
/home/jiangt/FaaSLight-Re/Original_app/app3-dynamic/numpy/core/_type_aliases.py=_set_array_types=211
/home/jiangt/FaaSLight-Re/Original_app/app3-dynamic/numpy/core/_type_aliases.py=_add_array_type=203
/home/jiangt/FaaSLight-Re/Original_app/app3-dynamic/numpy/core/_type_aliases.py=_add_array_type=203
/home/jiangt/FaaSLight-Re/Original_app/app3-dynamic/numpy/core/_type_aliases.py=_add_array_type=203
/home/jiangt/FaaSLight-Re/Original_app/app3-dynamic/numpy/core/_type_aliases.py=_add_array_type=203
/home/jiangt/FaaSLight-Re/Original_app/app3-dynamic/numpy/core/_type_aliases.py=_add_array_type=203
/home/jiangt/FaaSLight-Re/Original_app/app3-dynamic/numpy/core/_type_aliases.py=_add_array_type=203
/home/jiangt/FaaSLight-Re/Original_app/app3-dynamic/numpy/core/_type_aliases.py=_add_array_type=203
/home/jiangt/FaaSLight-Re/Original_app/app3-dynamic/numpy/core/_type_aliases.py=_add_array_type=203
/home/jiangt/FaaSLight-Re/Original_app/app3-dynamic/numpy/core/_type_aliases.py=_add_array_type=203
/home/jiangt/FaaSLight-Re/Original_app/app3-dynamic/numpy/core/_type_aliases.py=_add_array_type=203
/home/jiangt/FaaSLight-Re/Original_app/app3-dynamic/numpy/core/_type_aliases.py=_add_array_type=203
/home/jiangt/FaaSLight-Re/Original_app/app3-dynamic/numpy/core/_type_aliases.py=_add_array_type=203
/home/jiangt/FaaSLight-Re/Original_app/app3-dynamic/numpy/core/_type_aliases.py=_add_array_type=203
/home/jiangt/FaaSLight-Re/Original_app/app3-dynamic/numpy/core/_type_aliases.py=_add_array_type=203
/home/jiangt/FaaSLight-Re/Original_app/app3-dynamic/numpy/core/_type_aliases.py=_add_array_type=203
/home/jiangt/FaaSLight-Re/Original_app/app3-dynamic/numpy/core/_type_aliases.py=_add_array_type=203
/home/jiangt/FaaSLight-Re/Original_app/app3-dynamic/numpy/core/_type_aliases.py=_add_array_type=203
/home/jiangt/FaaSLight-Re/Original_app/app3-dynamic/numpy/core/_type_aliases.py=_add_array_type=203
/home/jiangt/FaaSLight-Re/Original_app/app3-dynamic/numpy/core/_type_aliases.py=_add_array_type=203
/home/jiangt/FaaSLight-Re/Original_app/app3-dynamic/numpy/core/_type_aliases.py=_add_array_type=203
/home/jiangt/FaaSLight-Re/Original_app/app3-dynamic/numpy/core/_type_aliases.py=_add_array_type=203
/home/jiangt/FaaSLight-Re/Original_app/app3-dynamic/numpy/core/_type_aliases.py=_add_array_type=203
/home/jiangt/FaaSLight-Re/Original_app/app3-dynamic/numpy/core/_type_aliases.py=_add_array_type=203
/home/jiangt/FaaSLight-Re/Original_app/app3-dynamic/numpy/core/_type_aliases.py=_add_array_type=203
/home/jiangt/FaaSLight-Re/Original_app/app3-dynamic/numpy/core/_type_aliases.py=_add_array_type=203
/home/jiangt/FaaSLight-Re/Original_app/app3-dynamic/numpy/core/_type_aliases.py=_add_array_type=203
/home/jiangt/FaaSLight-Re/Original_app/app3-dynamic/numpy/core/_type_aliases.py=_add_array_type=203
/home/jiangt/FaaSLight-Re/Original_app/app3-dynamic/numpy/core/_type_aliases.py=_add_array_type=203
/home/jiangt/FaaSLight-Re/Original_app/app3-dynamic/numpy/core/_type_aliases.py=_add_array_type=203
/home/jiangt/FaaSLight-Re/Original_app/app3-dynamic/numpy/core/_type_aliases.py=_add_array_type=203
/home/jiangt/FaaSLight-Re/Original_app/app3-dynamic/numpy/core/overrides.py=set_module=110
/home/jiangt/FaaSLight-Re/Original_app/app3-dynamic/numpy/core/overrides.py=set_module=decorator=121
/home/jiangt/FaaSLight-Re/Original_app/app3-dynamic/numpy/core/overrides.py=set_module=110
/home/jiangt/FaaSLight-Re/Original_app/app3-dynamic/numpy/core/overrides.py=set_module=decorator=121
/home/jiangt/FaaSLight-Re/Original_app/app3-dynamic/numpy/core/overrides.py=set_module=110
/home/jiangt/FaaSLight-Re/Original_app/app3-dynamic/numpy/core/overrides.py=set_module=decorator=121
/home/jiangt/FaaSLight-Re/Original_app/app3-dynamic/numpy/core/overrides.py=set_module=110
/home/jiangt/FaaSLight-Re/Original_app/app3-dynamic/numpy/core/overrides.py=set_module=decorator=121
/home/jiangt/FaaSLight-Re/Original_app/app3-dynamic/numpy/core/overrides.py=set_module=110
/home/jiangt/FaaSLight-Re/Original_app/app3-dynamic/numpy/core/overrides.py=set_module=decorator=121
/home/jiangt/FaaSLight-Re/Original_app/app3-dynamic/numpy/core/overrides.py=set_module=110
/home/jiangt/FaaSLight-Re/Original_app/app3-dynamic/numpy/core/overrides.py=set_module=decorator=121
/home/jiangt/FaaSLight-Re/Original_app/app3-dynamic/numpy/core/numerictypes.py=_construct_lookups=440
/home/jiangt/FaaSLight-Re/Original_app/app3-dynamic/numpy/core/overrides.py=set_module=110
/home/jiangt/FaaSLight-Re/Original_app/app3-dynamic/numpy/core/overrides.py=set_module=decorator=121
/home/jiangt/FaaSLight-Re/Original_app/app3-dynamic/numpy/core/numerictypes.py=_scalar_type_key=513
/home/jiangt/FaaSLight-Re/Original_app/app3-dynamic/numpy/core/numerictypes.py=_scalar_type_key=513
/home/jiangt/FaaSLight-Re/Original_app/app3-dynamic/numpy/core/numerictypes.py=_scalar_type_key=513
/home/jiangt/FaaSLight-Re/Original_app/app3-dynamic/numpy/core/numerictypes.py=_scalar_type_key=513
/home/jiangt/FaaSLight-Re/Original_app/app3-dynamic/numpy/core/numerictypes.py=_scalar_type_key=513
/home/jiangt/FaaSLight-Re/Original_app/app3-dynamic/numpy/core/numerictypes.py=_scalar_type_key=513
/home/jiangt/FaaSLight-Re/Original_app/app3-dynamic/numpy/core/numerictypes.py=_scalar_type_key=513
/home/jiangt/FaaSLight-Re/Original_app/app3-dynamic/numpy/core/numerictypes.py=_scalar_type_key=513
/home/jiangt/FaaSLight-Re/Original_app/app3-dynamic/numpy/core/numerictypes.py=_scalar_type_key=513
/home/jiangt/FaaSLight-Re/Original_app/app3-dynamic/numpy/core/numerictypes.py=_scalar_type_key=513
/home/jiangt/FaaSLight-Re/Original_app/app3-dynamic/numpy/core/numerictypes.py=_scalar_type_key=513
/home/jiangt/FaaSLight-Re/Original_app/app3-dynamic/numpy/core/numerictypes.py=_scalar_type_key=513
/home/jiangt/FaaSLight-Re/Original_app/app3-dynamic/numpy/core/numerictypes.py=_scalar_type_key=513
/home/jiangt/FaaSLight-Re/Original_app/app3-dynamic/numpy/core/numerictypes.py=_scalar_type_key=513
/home/jiangt/FaaSLight-Re/Original_app/app3-dynamic/numpy/core/numerictypes.py=_scalar_type_key=513
/home/jiangt/FaaSLight-Re/Original_app/app3-dynamic/numpy/core/numerictypes.py=_scalar_type_key=513
/home/jiangt/FaaSLight-Re/Original_app/app3-dynamic/numpy/core/numerictypes.py=_scalar_type_key=513
/home/jiangt/FaaSLight-Re/Original_app/app3-dynamic/numpy/core/numerictypes.py=_scalar_type_key=513
/home/jiangt/FaaSLight-Re/Original_app/app3-dynamic/numpy/core/numerictypes.py=_scalar_type_key=513
/home/jiangt/FaaSLight-Re/Original_app/app3-dynamic/numpy/core/numerictypes.py=_scalar_type_key=513
/home/jiangt/FaaSLight-Re/Original_app/app3-dynamic/numpy/core/numerictypes.py=_scalar_type_key=513
/home/jiangt/FaaSLight-Re/Original_app/app3-dynamic/numpy/core/numerictypes.py=_scalar_type_key=513
/home/jiangt/FaaSLight-Re/Original_app/app3-dynamic/numpy/core/numerictypes.py=_scalar_type_key=513
/home/jiangt/FaaSLight-Re/Original_app/app3-dynamic/numpy/core/numerictypes.py=_scalar_type_key=513
/home/jiangt/FaaSLight-Re/Original_app/app3-dynamic/numpy/core/numerictypes.py=_register_types=588
/home/jiangt/FaaSLight-Re/Original_app/app3-dynamic/numpy/core/overrides.py=set_module=110
/home/jiangt/FaaSLight-Re/Original_app/app3-dynamic/numpy/core/overrides.py=set_module=decorator=121
/home/jiangt/FaaSLight-Re/Original_app/app3-dynamic/numpy/core/_exceptions.py=_display_as_base=17
/home/jiangt/FaaSLight-Re/Original_app/app3-dynamic/numpy/core/_exceptions.py=_display_as_base=17
/home/jiangt/FaaSLight-Re/Original_app/app3-dynamic/numpy/core/_exceptions.py=_display_as_base=17
/home/jiangt/FaaSLight-Re/Original_app/app3-dynamic/numpy/core/_exceptions.py=_display_as_base=17
/home/jiangt/FaaSLight-Re/Original_app/app3-dynamic/numpy/core/_exceptions.py=_display_as_base=17
/home/jiangt/FaaSLight-Re/Original_app/app3-dynamic/numpy/core/overrides.py=set_module=110
/home/jiangt/FaaSLight-Re/Original_app/app3-dynamic/numpy/core/overrides.py=set_module=decorator=121
/home/jiangt/FaaSLight-Re/Original_app/app3-dynamic/numpy/core/overrides.py=set_module=110
/home/jiangt/FaaSLight-Re/Original_app/app3-dynamic/numpy/core/overrides.py=set_module=decorator=121
/home/jiangt/FaaSLight-Re/Original_app/app3-dynamic/numpy/core/_exceptions.py=_display_as_base=17
/home/jiangt/FaaSLight-Re/Original_app/app3-dynamic/numpy/core/overrides.py=set_module=110
/home/jiangt/FaaSLight-Re/Original_app/app3-dynamic/numpy/core/overrides.py=set_module=decorator=121
/home/jiangt/FaaSLight-Re/Original_app/app3-dynamic/numpy/core/overrides.py=set_module=110
/home/jiangt/FaaSLight-Re/Original_app/app3-dynamic/numpy/core/overrides.py=set_module=decorator=121
/home/jiangt/FaaSLight-Re/Original_app/app3-dynamic/numpy/core/overrides.py=set_module=110
/home/jiangt/FaaSLight-Re/Original_app/app3-dynamic/numpy/core/overrides.py=set_module=decorator=121
/home/jiangt/FaaSLight-Re/Original_app/app3-dynamic/numpy/core/overrides.py=set_module=110
/home/jiangt/FaaSLight-Re/Original_app/app3-dynamic/numpy/core/overrides.py=set_module=decorator=121
/home/jiangt/FaaSLight-Re/Original_app/app3-dynamic/numpy/core/overrides.py=set_module=110
/home/jiangt/FaaSLight-Re/Original_app/app3-dynamic/numpy/core/overrides.py=set_module=decorator=121
/home/jiangt/FaaSLight-Re/Original_app/app3-dynamic/numpy/core/overrides.py=set_module=110
/home/jiangt/FaaSLight-Re/Original_app/app3-dynamic/numpy/core/overrides.py=set_module=decorator=121
/home/jiangt/FaaSLight-Re/Original_app/app3-dynamic/numpy/core/overrides.py=set_module=110
/home/jiangt/FaaSLight-Re/Original_app/app3-dynamic/numpy/core/overrides.py=set_module=decorator=121
/home/jiangt/FaaSLight-Re/Original_app/app3-dynamic/numpy/core/_ufunc_config.py=_setdef=441
/home/jiangt/FaaSLight-Re/Original_app/app3-dynamic/numpy/core/overrides.py=set_module=110
/home/jiangt/FaaSLight-Re/Original_app/app3-dynamic/numpy/core/overrides.py=set_module=decorator=121
/home/jiangt/FaaSLight-Re/Original_app/app3-dynamic/numpy/core/overrides.py=array_function_dispatch=128
/home/jiangt/FaaSLight-Re/Original_app/app3-dynamic/numpy/core/overrides.py=array_function_dispatch=decorator=170
/home/jiangt/FaaSLight-Re/Original_app/app3-dynamic/numpy/core/overrides.py=verify_matching_signatures=88
/home/jiangt/FaaSLight-Re/Original_app/app3-dynamic/numpy/compat/_inspect.py=getargspec=96
/home/jiangt/FaaSLight-Re/Original_app/app3-dynamic/numpy/compat/_inspect.py=ismethod=13
/home/jiangt/FaaSLight-Re/Original_app/app3-dynamic/numpy/compat/_inspect.py=isfunction=26
/home/jiangt/FaaSLight-Re/Original_app/app3-dynamic/numpy/compat/_inspect.py=getargs=65
/home/jiangt/FaaSLight-Re/Original_app/app3-dynamic/numpy/compat/_inspect.py=iscode=41
/home/jiangt/FaaSLight-Re/Original_app/app3-dynamic/numpy/compat/_inspect.py=getargspec=96
/home/jiangt/FaaSLight-Re/Original_app/app3-dynamic/numpy/compat/_inspect.py=ismethod=13
/home/jiangt/FaaSLight-Re/Original_app/app3-dynamic/numpy/compat/_inspect.py=isfunction=26
/home/jiangt/FaaSLight-Re/Original_app/app3-dynamic/numpy/compat/_inspect.py=getargs=65
/home/jiangt/FaaSLight-Re/Original_app/app3-dynamic/numpy/compat/_inspect.py=iscode=41
/home/jiangt/FaaSLight-Re/Original_app/app3-dynamic/numpy/core/overrides.py=array_function_dispatch=128
/home/jiangt/FaaSLight-Re/Original_app/app3-dynamic/numpy/core/overrides.py=array_function_dispatch=decorator=170
/home/jiangt/FaaSLight-Re/Original_app/app3-dynamic/numpy/core/overrides.py=verify_matching_signatures=88
/home/jiangt/FaaSLight-Re/Original_app/app3-dynamic/numpy/compat/_inspect.py=getargspec=96
/home/jiangt/FaaSLight-Re/Original_app/app3-dynamic/numpy/compat/_inspect.py=ismethod=13
/home/jiangt/FaaSLight-Re/Original_app/app3-dynamic/numpy/compat/_inspect.py=isfunction=26
/home/jiangt/FaaSLight-Re/Original_app/app3-dynamic/numpy/compat/_inspect.py=getargs=65
/home/jiangt/FaaSLight-Re/Original_app/app3-dynamic/numpy/compat/_inspect.py=iscode=41
/home/jiangt/FaaSLight-Re/Original_app/app3-dynamic/numpy/compat/_inspect.py=getargspec=96
/home/jiangt/FaaSLight-Re/Original_app/app3-dynamic/numpy/compat/_inspect.py=ismethod=13
/home/jiangt/FaaSLight-Re/Original_app/app3-dynamic/numpy/compat/_inspect.py=isfunction=26
/home/jiangt/FaaSLight-Re/Original_app/app3-dynamic/numpy/compat/_inspect.py=getargs=65
/home/jiangt/FaaSLight-Re/Original_app/app3-dynamic/numpy/compat/_inspect.py=iscode=41
/home/jiangt/FaaSLight-Re/Original_app/app3-dynamic/numpy/core/overrides.py=array_function_dispatch=128
/home/jiangt/FaaSLight-Re/Original_app/app3-dynamic/numpy/core/overrides.py=array_function_dispatch=decorator=170
/home/jiangt/FaaSLight-Re/Original_app/app3-dynamic/numpy/core/overrides.py=verify_matching_signatures=88
/home/jiangt/FaaSLight-Re/Original_app/app3-dynamic/numpy/compat/_inspect.py=getargspec=96
/home/jiangt/FaaSLight-Re/Original_app/app3-dynamic/numpy/compat/_inspect.py=ismethod=13
/home/jiangt/FaaSLight-Re/Original_app/app3-dynamic/numpy/compat/_inspect.py=isfunction=26
/home/jiangt/FaaSLight-Re/Original_app/app3-dynamic/numpy/compat/_inspect.py=getargs=65
/home/jiangt/FaaSLight-Re/Original_app/app3-dynamic/numpy/compat/_inspect.py=iscode=41
/home/jiangt/FaaSLight-Re/Original_app/app3-dynamic/numpy/compat/_inspect.py=getargspec=96
/home/jiangt/FaaSLight-Re/Original_app/app3-dynamic/numpy/compat/_inspect.py=ismethod=13
/home/jiangt/FaaSLight-Re/Original_app/app3-dynamic/numpy/compat/_inspect.py=isfunction=26
/home/jiangt/FaaSLight-Re/Original_app/app3-dynamic/numpy/compat/_inspect.py=getargs=65
/home/jiangt/FaaSLight-Re/Original_app/app3-dynamic/numpy/compat/_inspect.py=iscode=41
/home/jiangt/FaaSLight-Re/Original_app/app3-dynamic/numpy/core/overrides.py=array_function_dispatch=128
/home/jiangt/FaaSLight-Re/Original_app/app3-dynamic/numpy/core/overrides.py=array_function_dispatch=decorator=170
/home/jiangt/FaaSLight-Re/Original_app/app3-dynamic/numpy/core/overrides.py=verify_matching_signatures=88
/home/jiangt/FaaSLight-Re/Original_app/app3-dynamic/numpy/compat/_inspect.py=getargspec=96
/home/jiangt/FaaSLight-Re/Original_app/app3-dynamic/numpy/compat/_inspect.py=ismethod=13
/home/jiangt/FaaSLight-Re/Original_app/app3-dynamic/numpy/compat/_inspect.py=isfunction=26
/home/jiangt/FaaSLight-Re/Original_app/app3-dynamic/numpy/compat/_inspect.py=getargs=65
/home/jiangt/FaaSLight-Re/Original_app/app3-dynamic/numpy/compat/_inspect.py=iscode=41
/home/jiangt/FaaSLight-Re/Original_app/app3-dynamic/numpy/compat/_inspect.py=getargspec=96
/home/jiangt/FaaSLight-Re/Original_app/app3-dynamic/numpy/compat/_inspect.py=ismethod=13
/home/jiangt/FaaSLight-Re/Original_app/app3-dynamic/numpy/compat/_inspect.py=isfunction=26
/home/jiangt/FaaSLight-Re/Original_app/app3-dynamic/numpy/compat/_inspect.py=getargs=65
/home/jiangt/FaaSLight-Re/Original_app/app3-dynamic/numpy/compat/_inspect.py=iscode=41
/home/jiangt/FaaSLight-Re/Original_app/app3-dynamic/numpy/core/overrides.py=array_function_dispatch=128
/home/jiangt/FaaSLight-Re/Original_app/app3-dynamic/numpy/core/overrides.py=array_function_dispatch=decorator=170
/home/jiangt/FaaSLight-Re/Original_app/app3-dynamic/numpy/core/overrides.py=verify_matching_signatures=88
/home/jiangt/FaaSLight-Re/Original_app/app3-dynamic/numpy/compat/_inspect.py=getargspec=96
/home/jiangt/FaaSLight-Re/Original_app/app3-dynamic/numpy/compat/_inspect.py=ismethod=13
/home/jiangt/FaaSLight-Re/Original_app/app3-dynamic/numpy/compat/_inspect.py=isfunction=26
/home/jiangt/FaaSLight-Re/Original_app/app3-dynamic/numpy/compat/_inspect.py=getargs=65
/home/jiangt/FaaSLight-Re/Original_app/app3-dynamic/numpy/compat/_inspect.py=iscode=41
/home/jiangt/FaaSLight-Re/Original_app/app3-dynamic/numpy/compat/_inspect.py=getargspec=96
/home/jiangt/FaaSLight-Re/Original_app/app3-dynamic/numpy/compat/_inspect.py=ismethod=13
/home/jiangt/FaaSLight-Re/Original_app/app3-dynamic/numpy/compat/_inspect.py=isfunction=26
/home/jiangt/FaaSLight-Re/Original_app/app3-dynamic/numpy/compat/_inspect.py=getargs=65
/home/jiangt/FaaSLight-Re/Original_app/app3-dynamic/numpy/compat/_inspect.py=iscode=41
/home/jiangt/FaaSLight-Re/Original_app/app3-dynamic/numpy/core/overrides.py=array_function_dispatch=128
/home/jiangt/FaaSLight-Re/Original_app/app3-dynamic/numpy/core/overrides.py=array_function_dispatch=decorator=170
/home/jiangt/FaaSLight-Re/Original_app/app3-dynamic/numpy/core/overrides.py=verify_matching_signatures=88
/home/jiangt/FaaSLight-Re/Original_app/app3-dynamic/numpy/compat/_inspect.py=getargspec=96
/home/jiangt/FaaSLight-Re/Original_app/app3-dynamic/numpy/compat/_inspect.py=ismethod=13
/home/jiangt/FaaSLight-Re/Original_app/app3-dynamic/numpy/compat/_inspect.py=isfunction=26
/home/jiangt/FaaSLight-Re/Original_app/app3-dynamic/numpy/compat/_inspect.py=getargs=65
/home/jiangt/FaaSLight-Re/Original_app/app3-dynamic/numpy/compat/_inspect.py=iscode=41
/home/jiangt/FaaSLight-Re/Original_app/app3-dynamic/numpy/compat/_inspect.py=getargspec=96
/home/jiangt/FaaSLight-Re/Original_app/app3-dynamic/numpy/compat/_inspect.py=ismethod=13
/home/jiangt/FaaSLight-Re/Original_app/app3-dynamic/numpy/compat/_inspect.py=isfunction=26
/home/jiangt/FaaSLight-Re/Original_app/app3-dynamic/numpy/compat/_inspect.py=getargs=65
/home/jiangt/FaaSLight-Re/Original_app/app3-dynamic/numpy/compat/_inspect.py=iscode=41
/home/jiangt/FaaSLight-Re/Original_app/app3-dynamic/numpy/core/overrides.py=array_function_dispatch=128
/home/jiangt/FaaSLight-Re/Original_app/app3-dynamic/numpy/core/overrides.py=array_function_dispatch=decorator=170
/home/jiangt/FaaSLight-Re/Original_app/app3-dynamic/numpy/core/overrides.py=verify_matching_signatures=88
/home/jiangt/FaaSLight-Re/Original_app/app3-dynamic/numpy/compat/_inspect.py=getargspec=96
/home/jiangt/FaaSLight-Re/Original_app/app3-dynamic/numpy/compat/_inspect.py=ismethod=13
/home/jiangt/FaaSLight-Re/Original_app/app3-dynamic/numpy/compat/_inspect.py=isfunction=26
/home/jiangt/FaaSLight-Re/Original_app/app3-dynamic/numpy/compat/_inspect.py=getargs=65
/home/jiangt/FaaSLight-Re/Original_app/app3-dynamic/numpy/compat/_inspect.py=iscode=41
/home/jiangt/FaaSLight-Re/Original_app/app3-dynamic/numpy/compat/_inspect.py=getargspec=96
/home/jiangt/FaaSLight-Re/Original_app/app3-dynamic/numpy/compat/_inspect.py=ismethod=13
/home/jiangt/FaaSLight-Re/Original_app/app3-dynamic/numpy/compat/_inspect.py=isfunction=26
/home/jiangt/FaaSLight-Re/Original_app/app3-dynamic/numpy/compat/_inspect.py=getargs=65
/home/jiangt/FaaSLight-Re/Original_app/app3-dynamic/numpy/compat/_inspect.py=iscode=41
/home/jiangt/FaaSLight-Re/Original_app/app3-dynamic/numpy/core/overrides.py=array_function_dispatch=128
/home/jiangt/FaaSLight-Re/Original_app/app3-dynamic/numpy/core/overrides.py=array_function_dispatch=decorator=170
/home/jiangt/FaaSLight-Re/Original_app/app3-dynamic/numpy/core/overrides.py=verify_matching_signatures=88
/home/jiangt/FaaSLight-Re/Original_app/app3-dynamic/numpy/compat/_inspect.py=getargspec=96
/home/jiangt/FaaSLight-Re/Original_app/app3-dynamic/numpy/compat/_inspect.py=ismethod=13
/home/jiangt/FaaSLight-Re/Original_app/app3-dynamic/numpy/compat/_inspect.py=isfunction=26
/home/jiangt/FaaSLight-Re/Original_app/app3-dynamic/numpy/compat/_inspect.py=getargs=65
/home/jiangt/FaaSLight-Re/Original_app/app3-dynamic/numpy/compat/_inspect.py=iscode=41
/home/jiangt/FaaSLight-Re/Original_app/app3-dynamic/numpy/compat/_inspect.py=getargspec=96
/home/jiangt/FaaSLight-Re/Original_app/app3-dynamic/numpy/compat/_inspect.py=ismethod=13
/home/jiangt/FaaSLight-Re/Original_app/app3-dynamic/numpy/compat/_inspect.py=isfunction=26
/home/jiangt/FaaSLight-Re/Original_app/app3-dynamic/numpy/compat/_inspect.py=getargs=65
/home/jiangt/FaaSLight-Re/Original_app/app3-dynamic/numpy/compat/_inspect.py=iscode=41
/home/jiangt/FaaSLight-Re/Original_app/app3-dynamic/numpy/core/overrides.py=array_function_dispatch=128
/home/jiangt/FaaSLight-Re/Original_app/app3-dynamic/numpy/core/overrides.py=array_function_dispatch=decorator=170
/home/jiangt/FaaSLight-Re/Original_app/app3-dynamic/numpy/core/overrides.py=verify_matching_signatures=88
/home/jiangt/FaaSLight-Re/Original_app/app3-dynamic/numpy/compat/_inspect.py=getargspec=96
/home/jiangt/FaaSLight-Re/Original_app/app3-dynamic/numpy/compat/_inspect.py=ismethod=13
/home/jiangt/FaaSLight-Re/Original_app/app3-dynamic/numpy/compat/_inspect.py=isfunction=26
/home/jiangt/FaaSLight-Re/Original_app/app3-dynamic/numpy/compat/_inspect.py=getargs=65
/home/jiangt/FaaSLight-Re/Original_app/app3-dynamic/numpy/compat/_inspect.py=iscode=41
/home/jiangt/FaaSLight-Re/Original_app/app3-dynamic/numpy/compat/_inspect.py=getargspec=96
/home/jiangt/FaaSLight-Re/Original_app/app3-dynamic/numpy/compat/_inspect.py=ismethod=13
/home/jiangt/FaaSLight-Re/Original_app/app3-dynamic/numpy/compat/_inspect.py=isfunction=26
/home/jiangt/FaaSLight-Re/Original_app/app3-dynamic/numpy/compat/_inspect.py=getargs=65
/home/jiangt/FaaSLight-Re/Original_app/app3-dynamic/numpy/compat/_inspect.py=iscode=41
/home/jiangt/FaaSLight-Re/Original_app/app3-dynamic/numpy/core/overrides.py=array_function_dispatch=128
/home/jiangt/FaaSLight-Re/Original_app/app3-dynamic/numpy/core/overrides.py=array_function_dispatch=decorator=170
/home/jiangt/FaaSLight-Re/Original_app/app3-dynamic/numpy/core/overrides.py=verify_matching_signatures=88
/home/jiangt/FaaSLight-Re/Original_app/app3-dynamic/numpy/compat/_inspect.py=getargspec=96
/home/jiangt/FaaSLight-Re/Original_app/app3-dynamic/numpy/compat/_inspect.py=ismethod=13
/home/jiangt/FaaSLight-Re/Original_app/app3-dynamic/numpy/compat/_inspect.py=isfunction=26
/home/jiangt/FaaSLight-Re/Original_app/app3-dynamic/numpy/compat/_inspect.py=getargs=65
/home/jiangt/FaaSLight-Re/Original_app/app3-dynamic/numpy/compat/_inspect.py=iscode=41
/home/jiangt/FaaSLight-Re/Original_app/app3-dynamic/numpy/compat/_inspect.py=getargspec=96
/home/jiangt/FaaSLight-Re/Original_app/app3-dynamic/numpy/compat/_inspect.py=ismethod=13
/home/jiangt/FaaSLight-Re/Original_app/app3-dynamic/numpy/compat/_inspect.py=isfunction=26
/home/jiangt/FaaSLight-Re/Original_app/app3-dynamic/numpy/compat/_inspect.py=getargs=65
/home/jiangt/FaaSLight-Re/Original_app/app3-dynamic/numpy/compat/_inspect.py=iscode=41
/home/jiangt/FaaSLight-Re/Original_app/app3-dynamic/numpy/core/overrides.py=array_function_dispatch=128
/home/jiangt/FaaSLight-Re/Original_app/app3-dynamic/numpy/core/overrides.py=array_function_dispatch=decorator=170
/home/jiangt/FaaSLight-Re/Original_app/app3-dynamic/numpy/core/overrides.py=verify_matching_signatures=88
/home/jiangt/FaaSLight-Re/Original_app/app3-dynamic/numpy/compat/_inspect.py=getargspec=96
/home/jiangt/FaaSLight-Re/Original_app/app3-dynamic/numpy/compat/_inspect.py=ismethod=13
/home/jiangt/FaaSLight-Re/Original_app/app3-dynamic/numpy/compat/_inspect.py=isfunction=26
/home/jiangt/FaaSLight-Re/Original_app/app3-dynamic/numpy/compat/_inspect.py=getargs=65
/home/jiangt/FaaSLight-Re/Original_app/app3-dynamic/numpy/compat/_inspect.py=iscode=41
/home/jiangt/FaaSLight-Re/Original_app/app3-dynamic/numpy/compat/_inspect.py=getargspec=96
/home/jiangt/FaaSLight-Re/Original_app/app3-dynamic/numpy/compat/_inspect.py=ismethod=13
/home/jiangt/FaaSLight-Re/Original_app/app3-dynamic/numpy/compat/_inspect.py=isfunction=26
/home/jiangt/FaaSLight-Re/Original_app/app3-dynamic/numpy/compat/_inspect.py=getargs=65
/home/jiangt/FaaSLight-Re/Original_app/app3-dynamic/numpy/compat/_inspect.py=iscode=41
/home/jiangt/FaaSLight-Re/Original_app/app3-dynamic/numpy/core/overrides.py=array_function_dispatch=128
/home/jiangt/FaaSLight-Re/Original_app/app3-dynamic/numpy/core/overrides.py=array_function_dispatch=decorator=170
/home/jiangt/FaaSLight-Re/Original_app/app3-dynamic/numpy/core/overrides.py=verify_matching_signatures=88
/home/jiangt/FaaSLight-Re/Original_app/app3-dynamic/numpy/compat/_inspect.py=getargspec=96
/home/jiangt/FaaSLight-Re/Original_app/app3-dynamic/numpy/compat/_inspect.py=ismethod=13
/home/jiangt/FaaSLight-Re/Original_app/app3-dynamic/numpy/compat/_inspect.py=isfunction=26
/home/jiangt/FaaSLight-Re/Original_app/app3-dynamic/numpy/compat/_inspect.py=getargs=65
/home/jiangt/FaaSLight-Re/Original_app/app3-dynamic/numpy/compat/_inspect.py=iscode=41
/home/jiangt/FaaSLight-Re/Original_app/app3-dynamic/numpy/compat/_inspect.py=getargspec=96
/home/jiangt/FaaSLight-Re/Original_app/app3-dynamic/numpy/compat/_inspect.py=ismethod=13
/home/jiangt/FaaSLight-Re/Original_app/app3-dynamic/numpy/compat/_inspect.py=isfunction=26
/home/jiangt/FaaSLight-Re/Original_app/app3-dynamic/numpy/compat/_inspect.py=getargs=65
/home/jiangt/FaaSLight-Re/Original_app/app3-dynamic/numpy/compat/_inspect.py=iscode=41
/home/jiangt/FaaSLight-Re/Original_app/app3-dynamic/numpy/core/overrides.py=array_function_dispatch=128
/home/jiangt/FaaSLight-Re/Original_app/app3-dynamic/numpy/core/overrides.py=array_function_dispatch=decorator=170
/home/jiangt/FaaSLight-Re/Original_app/app3-dynamic/numpy/core/overrides.py=verify_matching_signatures=88
/home/jiangt/FaaSLight-Re/Original_app/app3-dynamic/numpy/compat/_inspect.py=getargspec=96
/home/jiangt/FaaSLight-Re/Original_app/app3-dynamic/numpy/compat/_inspect.py=ismethod=13
/home/jiangt/FaaSLight-Re/Original_app/app3-dynamic/numpy/compat/_inspect.py=isfunction=26
/home/jiangt/FaaSLight-Re/Original_app/app3-dynamic/numpy/compat/_inspect.py=getargs=65
/home/jiangt/FaaSLight-Re/Original_app/app3-dynamic/numpy/compat/_inspect.py=iscode=41
/home/jiangt/FaaSLight-Re/Original_app/app3-dynamic/numpy/compat/_inspect.py=getargspec=96
/home/jiangt/FaaSLight-Re/Original_app/app3-dynamic/numpy/compat/_inspect.py=ismethod=13
/home/jiangt/FaaSLight-Re/Original_app/app3-dynamic/numpy/compat/_inspect.py=isfunction=26
/home/jiangt/FaaSLight-Re/Original_app/app3-dynamic/numpy/compat/_inspect.py=getargs=65
/home/jiangt/FaaSLight-Re/Original_app/app3-dynamic/numpy/compat/_inspect.py=iscode=41
/home/jiangt/FaaSLight-Re/Original_app/app3-dynamic/numpy/core/overrides.py=array_function_dispatch=128
/home/jiangt/FaaSLight-Re/Original_app/app3-dynamic/numpy/core/overrides.py=array_function_dispatch=decorator=170
/home/jiangt/FaaSLight-Re/Original_app/app3-dynamic/numpy/core/overrides.py=verify_matching_signatures=88
/home/jiangt/FaaSLight-Re/Original_app/app3-dynamic/numpy/compat/_inspect.py=getargspec=96
/home/jiangt/FaaSLight-Re/Original_app/app3-dynamic/numpy/compat/_inspect.py=ismethod=13
/home/jiangt/FaaSLight-Re/Original_app/app3-dynamic/numpy/compat/_inspect.py=isfunction=26
/home/jiangt/FaaSLight-Re/Original_app/app3-dynamic/numpy/compat/_inspect.py=getargs=65
/home/jiangt/FaaSLight-Re/Original_app/app3-dynamic/numpy/compat/_inspect.py=iscode=41
/home/jiangt/FaaSLight-Re/Original_app/app3-dynamic/numpy/compat/_inspect.py=getargspec=96
/home/jiangt/FaaSLight-Re/Original_app/app3-dynamic/numpy/compat/_inspect.py=ismethod=13
/home/jiangt/FaaSLight-Re/Original_app/app3-dynamic/numpy/compat/_inspect.py=isfunction=26
/home/jiangt/FaaSLight-Re/Original_app/app3-dynamic/numpy/compat/_inspect.py=getargs=65
/home/jiangt/FaaSLight-Re/Original_app/app3-dynamic/numpy/compat/_inspect.py=iscode=41
/home/jiangt/FaaSLight-Re/Original_app/app3-dynamic/numpy/core/overrides.py=array_function_dispatch=128
/home/jiangt/FaaSLight-Re/Original_app/app3-dynamic/numpy/core/overrides.py=array_function_dispatch=decorator=170
/home/jiangt/FaaSLight-Re/Original_app/app3-dynamic/numpy/core/overrides.py=verify_matching_signatures=88
/home/jiangt/FaaSLight-Re/Original_app/app3-dynamic/numpy/compat/_inspect.py=getargspec=96
/home/jiangt/FaaSLight-Re/Original_app/app3-dynamic/numpy/compat/_inspect.py=ismethod=13
/home/jiangt/FaaSLight-Re/Original_app/app3-dynamic/numpy/compat/_inspect.py=isfunction=26
/home/jiangt/FaaSLight-Re/Original_app/app3-dynamic/numpy/compat/_inspect.py=getargs=65
/home/jiangt/FaaSLight-Re/Original_app/app3-dynamic/numpy/compat/_inspect.py=iscode=41
/home/jiangt/FaaSLight-Re/Original_app/app3-dynamic/numpy/compat/_inspect.py=getargspec=96
/home/jiangt/FaaSLight-Re/Original_app/app3-dynamic/numpy/compat/_inspect.py=ismethod=13
/home/jiangt/FaaSLight-Re/Original_app/app3-dynamic/numpy/compat/_inspect.py=isfunction=26
/home/jiangt/FaaSLight-Re/Original_app/app3-dynamic/numpy/compat/_inspect.py=getargs=65
/home/jiangt/FaaSLight-Re/Original_app/app3-dynamic/numpy/compat/_inspect.py=iscode=41
/home/jiangt/FaaSLight-Re/Original_app/app3-dynamic/numpy/core/overrides.py=array_function_dispatch=128
/home/jiangt/FaaSLight-Re/Original_app/app3-dynamic/numpy/core/overrides.py=array_function_dispatch=decorator=170
/home/jiangt/FaaSLight-Re/Original_app/app3-dynamic/numpy/core/overrides.py=verify_matching_signatures=88
/home/jiangt/FaaSLight-Re/Original_app/app3-dynamic/numpy/compat/_inspect.py=getargspec=96
/home/jiangt/FaaSLight-Re/Original_app/app3-dynamic/numpy/compat/_inspect.py=ismethod=13
/home/jiangt/FaaSLight-Re/Original_app/app3-dynamic/numpy/compat/_inspect.py=isfunction=26
/home/jiangt/FaaSLight-Re/Original_app/app3-dynamic/numpy/compat/_inspect.py=getargs=65
/home/jiangt/FaaSLight-Re/Original_app/app3-dynamic/numpy/compat/_inspect.py=iscode=41
/home/jiangt/FaaSLight-Re/Original_app/app3-dynamic/numpy/compat/_inspect.py=getargspec=96
/home/jiangt/FaaSLight-Re/Original_app/app3-dynamic/numpy/compat/_inspect.py=ismethod=13
/home/jiangt/FaaSLight-Re/Original_app/app3-dynamic/numpy/compat/_inspect.py=isfunction=26
/home/jiangt/FaaSLight-Re/Original_app/app3-dynamic/numpy/compat/_inspect.py=getargs=65
/home/jiangt/FaaSLight-Re/Original_app/app3-dynamic/numpy/compat/_inspect.py=iscode=41
/home/jiangt/FaaSLight-Re/Original_app/app3-dynamic/numpy/core/overrides.py=array_function_dispatch=128
/home/jiangt/FaaSLight-Re/Original_app/app3-dynamic/numpy/core/overrides.py=array_function_dispatch=decorator=170
/home/jiangt/FaaSLight-Re/Original_app/app3-dynamic/numpy/core/overrides.py=verify_matching_signatures=88
/home/jiangt/FaaSLight-Re/Original_app/app3-dynamic/numpy/compat/_inspect.py=getargspec=96
/home/jiangt/FaaSLight-Re/Original_app/app3-dynamic/numpy/compat/_inspect.py=ismethod=13
/home/jiangt/FaaSLight-Re/Original_app/app3-dynamic/numpy/compat/_inspect.py=isfunction=26
/home/jiangt/FaaSLight-Re/Original_app/app3-dynamic/numpy/compat/_inspect.py=getargs=65
/home/jiangt/FaaSLight-Re/Original_app/app3-dynamic/numpy/compat/_inspect.py=iscode=41
/home/jiangt/FaaSLight-Re/Original_app/app3-dynamic/numpy/compat/_inspect.py=getargspec=96
/home/jiangt/FaaSLight-Re/Original_app/app3-dynamic/numpy/compat/_inspect.py=ismethod=13
/home/jiangt/FaaSLight-Re/Original_app/app3-dynamic/numpy/compat/_inspect.py=isfunction=26
/home/jiangt/FaaSLight-Re/Original_app/app3-dynamic/numpy/compat/_inspect.py=getargs=65
/home/jiangt/FaaSLight-Re/Original_app/app3-dynamic/numpy/compat/_inspect.py=iscode=41
/home/jiangt/FaaSLight-Re/Original_app/app3-dynamic/numpy/core/overrides.py=array_function_dispatch=128
/home/jiangt/FaaSLight-Re/Original_app/app3-dynamic/numpy/core/overrides.py=array_function_dispatch=decorator=170
/home/jiangt/FaaSLight-Re/Original_app/app3-dynamic/numpy/core/overrides.py=verify_matching_signatures=88
/home/jiangt/FaaSLight-Re/Original_app/app3-dynamic/numpy/compat/_inspect.py=getargspec=96
/home/jiangt/FaaSLight-Re/Original_app/app3-dynamic/numpy/compat/_inspect.py=ismethod=13
/home/jiangt/FaaSLight-Re/Original_app/app3-dynamic/numpy/compat/_inspect.py=isfunction=26
/home/jiangt/FaaSLight-Re/Original_app/app3-dynamic/numpy/compat/_inspect.py=getargs=65
/home/jiangt/FaaSLight-Re/Original_app/app3-dynamic/numpy/compat/_inspect.py=iscode=41
/home/jiangt/FaaSLight-Re/Original_app/app3-dynamic/numpy/compat/_inspect.py=getargspec=96
/home/jiangt/FaaSLight-Re/Original_app/app3-dynamic/numpy/compat/_inspect.py=ismethod=13
/home/jiangt/FaaSLight-Re/Original_app/app3-dynamic/numpy/compat/_inspect.py=isfunction=26
/home/jiangt/FaaSLight-Re/Original_app/app3-dynamic/numpy/compat/_inspect.py=getargs=65
/home/jiangt/FaaSLight-Re/Original_app/app3-dynamic/numpy/compat/_inspect.py=iscode=41
/home/jiangt/FaaSLight-Re/Original_app/app3-dynamic/numpy/core/overrides.py=array_function_dispatch=128
/home/jiangt/FaaSLight-Re/Original_app/app3-dynamic/numpy/core/overrides.py=array_function_dispatch=decorator=170
/home/jiangt/FaaSLight-Re/Original_app/app3-dynamic/numpy/core/overrides.py=verify_matching_signatures=88
/home/jiangt/FaaSLight-Re/Original_app/app3-dynamic/numpy/compat/_inspect.py=getargspec=96
/home/jiangt/FaaSLight-Re/Original_app/app3-dynamic/numpy/compat/_inspect.py=ismethod=13
/home/jiangt/FaaSLight-Re/Original_app/app3-dynamic/numpy/compat/_inspect.py=isfunction=26
/home/jiangt/FaaSLight-Re/Original_app/app3-dynamic/numpy/compat/_inspect.py=getargs=65
/home/jiangt/FaaSLight-Re/Original_app/app3-dynamic/numpy/compat/_inspect.py=iscode=41
/home/jiangt/FaaSLight-Re/Original_app/app3-dynamic/numpy/compat/_inspect.py=getargspec=96
/home/jiangt/FaaSLight-Re/Original_app/app3-dynamic/numpy/compat/_inspect.py=ismethod=13
/home/jiangt/FaaSLight-Re/Original_app/app3-dynamic/numpy/compat/_inspect.py=isfunction=26
/home/jiangt/FaaSLight-Re/Original_app/app3-dynamic/numpy/compat/_inspect.py=getargs=65
/home/jiangt/FaaSLight-Re/Original_app/app3-dynamic/numpy/compat/_inspect.py=iscode=41
/home/jiangt/FaaSLight-Re/Original_app/app3-dynamic/numpy/core/overrides.py=array_function_dispatch=128
/home/jiangt/FaaSLight-Re/Original_app/app3-dynamic/numpy/core/overrides.py=array_function_dispatch=decorator=170
/home/jiangt/FaaSLight-Re/Original_app/app3-dynamic/numpy/core/overrides.py=verify_matching_signatures=88
/home/jiangt/FaaSLight-Re/Original_app/app3-dynamic/numpy/compat/_inspect.py=getargspec=96
/home/jiangt/FaaSLight-Re/Original_app/app3-dynamic/numpy/compat/_inspect.py=ismethod=13
/home/jiangt/FaaSLight-Re/Original_app/app3-dynamic/numpy/compat/_inspect.py=isfunction=26
/home/jiangt/FaaSLight-Re/Original_app/app3-dynamic/numpy/compat/_inspect.py=getargs=65
/home/jiangt/FaaSLight-Re/Original_app/app3-dynamic/numpy/compat/_inspect.py=iscode=41
/home/jiangt/FaaSLight-Re/Original_app/app3-dynamic/numpy/compat/_inspect.py=getargspec=96
/home/jiangt/FaaSLight-Re/Original_app/app3-dynamic/numpy/compat/_inspect.py=ismethod=13
/home/jiangt/FaaSLight-Re/Original_app/app3-dynamic/numpy/compat/_inspect.py=isfunction=26
/home/jiangt/FaaSLight-Re/Original_app/app3-dynamic/numpy/compat/_inspect.py=getargs=65
/home/jiangt/FaaSLight-Re/Original_app/app3-dynamic/numpy/compat/_inspect.py=iscode=41
/home/jiangt/FaaSLight-Re/Original_app/app3-dynamic/numpy/core/overrides.py=array_function_dispatch=128
/home/jiangt/FaaSLight-Re/Original_app/app3-dynamic/numpy/core/overrides.py=array_function_dispatch=decorator=170
/home/jiangt/FaaSLight-Re/Original_app/app3-dynamic/numpy/core/overrides.py=verify_matching_signatures=88
/home/jiangt/FaaSLight-Re/Original_app/app3-dynamic/numpy/compat/_inspect.py=getargspec=96
/home/jiangt/FaaSLight-Re/Original_app/app3-dynamic/numpy/compat/_inspect.py=ismethod=13
/home/jiangt/FaaSLight-Re/Original_app/app3-dynamic/numpy/compat/_inspect.py=isfunction=26
/home/jiangt/FaaSLight-Re/Original_app/app3-dynamic/numpy/compat/_inspect.py=getargs=65
/home/jiangt/FaaSLight-Re/Original_app/app3-dynamic/numpy/compat/_inspect.py=iscode=41
/home/jiangt/FaaSLight-Re/Original_app/app3-dynamic/numpy/compat/_inspect.py=getargspec=96
/home/jiangt/FaaSLight-Re/Original_app/app3-dynamic/numpy/compat/_inspect.py=ismethod=13
/home/jiangt/FaaSLight-Re/Original_app/app3-dynamic/numpy/compat/_inspect.py=isfunction=26
/home/jiangt/FaaSLight-Re/Original_app/app3-dynamic/numpy/compat/_inspect.py=getargs=65
/home/jiangt/FaaSLight-Re/Original_app/app3-dynamic/numpy/compat/_inspect.py=iscode=41
/home/jiangt/FaaSLight-Re/Original_app/app3-dynamic/numpy/core/overrides.py=array_function_dispatch=128
/home/jiangt/FaaSLight-Re/Original_app/app3-dynamic/numpy/core/overrides.py=array_function_dispatch=decorator=170
/home/jiangt/FaaSLight-Re/Original_app/app3-dynamic/numpy/core/overrides.py=verify_matching_signatures=88
/home/jiangt/FaaSLight-Re/Original_app/app3-dynamic/numpy/compat/_inspect.py=getargspec=96
/home/jiangt/FaaSLight-Re/Original_app/app3-dynamic/numpy/compat/_inspect.py=ismethod=13
/home/jiangt/FaaSLight-Re/Original_app/app3-dynamic/numpy/compat/_inspect.py=isfunction=26
/home/jiangt/FaaSLight-Re/Original_app/app3-dynamic/numpy/compat/_inspect.py=getargs=65
/home/jiangt/FaaSLight-Re/Original_app/app3-dynamic/numpy/compat/_inspect.py=iscode=41
/home/jiangt/FaaSLight-Re/Original_app/app3-dynamic/numpy/compat/_inspect.py=getargspec=96
/home/jiangt/FaaSLight-Re/Original_app/app3-dynamic/numpy/compat/_inspect.py=ismethod=13
/home/jiangt/FaaSLight-Re/Original_app/app3-dynamic/numpy/compat/_inspect.py=isfunction=26
/home/jiangt/FaaSLight-Re/Original_app/app3-dynamic/numpy/compat/_inspect.py=getargs=65
/home/jiangt/FaaSLight-Re/Original_app/app3-dynamic/numpy/compat/_inspect.py=iscode=41
/home/jiangt/FaaSLight-Re/Original_app/app3-dynamic/numpy/core/overrides.py=array_function_dispatch=128
/home/jiangt/FaaSLight-Re/Original_app/app3-dynamic/numpy/core/overrides.py=array_function_dispatch=decorator=170
/home/jiangt/FaaSLight-Re/Original_app/app3-dynamic/numpy/core/overrides.py=verify_matching_signatures=88
/home/jiangt/FaaSLight-Re/Original_app/app3-dynamic/numpy/compat/_inspect.py=getargspec=96
/home/jiangt/FaaSLight-Re/Original_app/app3-dynamic/numpy/compat/_inspect.py=ismethod=13
/home/jiangt/FaaSLight-Re/Original_app/app3-dynamic/numpy/compat/_inspect.py=isfunction=26
/home/jiangt/FaaSLight-Re/Original_app/app3-dynamic/numpy/compat/_inspect.py=getargs=65
/home/jiangt/FaaSLight-Re/Original_app/app3-dynamic/numpy/compat/_inspect.py=iscode=41
/home/jiangt/FaaSLight-Re/Original_app/app3-dynamic/numpy/compat/_inspect.py=getargspec=96
/home/jiangt/FaaSLight-Re/Original_app/app3-dynamic/numpy/compat/_inspect.py=ismethod=13
/home/jiangt/FaaSLight-Re/Original_app/app3-dynamic/numpy/compat/_inspect.py=isfunction=26
/home/jiangt/FaaSLight-Re/Original_app/app3-dynamic/numpy/compat/_inspect.py=getargs=65
/home/jiangt/FaaSLight-Re/Original_app/app3-dynamic/numpy/compat/_inspect.py=iscode=41
/home/jiangt/FaaSLight-Re/Original_app/app3-dynamic/numpy/core/overrides.py=array_function_dispatch=128
/home/jiangt/FaaSLight-Re/Original_app/app3-dynamic/numpy/core/overrides.py=array_function_dispatch=decorator=170
/home/jiangt/FaaSLight-Re/Original_app/app3-dynamic/numpy/core/overrides.py=verify_matching_signatures=88
/home/jiangt/FaaSLight-Re/Original_app/app3-dynamic/numpy/compat/_inspect.py=getargspec=96
/home/jiangt/FaaSLight-Re/Original_app/app3-dynamic/numpy/compat/_inspect.py=ismethod=13
/home/jiangt/FaaSLight-Re/Original_app/app3-dynamic/numpy/compat/_inspect.py=isfunction=26
/home/jiangt/FaaSLight-Re/Original_app/app3-dynamic/numpy/compat/_inspect.py=getargs=65
/home/jiangt/FaaSLight-Re/Original_app/app3-dynamic/numpy/compat/_inspect.py=iscode=41
/home/jiangt/FaaSLight-Re/Original_app/app3-dynamic/numpy/compat/_inspect.py=getargspec=96
/home/jiangt/FaaSLight-Re/Original_app/app3-dynamic/numpy/compat/_inspect.py=ismethod=13
/home/jiangt/FaaSLight-Re/Original_app/app3-dynamic/numpy/compat/_inspect.py=isfunction=26
/home/jiangt/FaaSLight-Re/Original_app/app3-dynamic/numpy/compat/_inspect.py=getargs=65
/home/jiangt/FaaSLight-Re/Original_app/app3-dynamic/numpy/compat/_inspect.py=iscode=41
/home/jiangt/FaaSLight-Re/Original_app/app3-dynamic/numpy/core/overrides.py=array_function_dispatch=128
/home/jiangt/FaaSLight-Re/Original_app/app3-dynamic/numpy/core/overrides.py=array_function_dispatch=decorator=170
/home/jiangt/FaaSLight-Re/Original_app/app3-dynamic/numpy/core/overrides.py=verify_matching_signatures=88
/home/jiangt/FaaSLight-Re/Original_app/app3-dynamic/numpy/compat/_inspect.py=getargspec=96
/home/jiangt/FaaSLight-Re/Original_app/app3-dynamic/numpy/compat/_inspect.py=ismethod=13
/home/jiangt/FaaSLight-Re/Original_app/app3-dynamic/numpy/compat/_inspect.py=isfunction=26
/home/jiangt/FaaSLight-Re/Original_app/app3-dynamic/numpy/compat/_inspect.py=getargs=65
/home/jiangt/FaaSLight-Re/Original_app/app3-dynamic/numpy/compat/_inspect.py=iscode=41
/home/jiangt/FaaSLight-Re/Original_app/app3-dynamic/numpy/compat/_inspect.py=getargspec=96
/home/jiangt/FaaSLight-Re/Original_app/app3-dynamic/numpy/compat/_inspect.py=ismethod=13
/home/jiangt/FaaSLight-Re/Original_app/app3-dynamic/numpy/compat/_inspect.py=isfunction=26
/home/jiangt/FaaSLight-Re/Original_app/app3-dynamic/numpy/compat/_inspect.py=getargs=65
/home/jiangt/FaaSLight-Re/Original_app/app3-dynamic/numpy/compat/_inspect.py=iscode=41
/home/jiangt/FaaSLight-Re/Original_app/app3-dynamic/numpy/core/overrides.py=array_function_dispatch=128
/home/jiangt/FaaSLight-Re/Original_app/app3-dynamic/numpy/core/overrides.py=array_function_dispatch=decorator=170
/home/jiangt/FaaSLight-Re/Original_app/app3-dynamic/numpy/core/overrides.py=verify_matching_signatures=88
/home/jiangt/FaaSLight-Re/Original_app/app3-dynamic/numpy/compat/_inspect.py=getargspec=96
/home/jiangt/FaaSLight-Re/Original_app/app3-dynamic/numpy/compat/_inspect.py=ismethod=13
/home/jiangt/FaaSLight-Re/Original_app/app3-dynamic/numpy/compat/_inspect.py=isfunction=26
/home/jiangt/FaaSLight-Re/Original_app/app3-dynamic/numpy/compat/_inspect.py=getargs=65
/home/jiangt/FaaSLight-Re/Original_app/app3-dynamic/numpy/compat/_inspect.py=iscode=41
/home/jiangt/FaaSLight-Re/Original_app/app3-dynamic/numpy/compat/_inspect.py=getargspec=96
/home/jiangt/FaaSLight-Re/Original_app/app3-dynamic/numpy/compat/_inspect.py=ismethod=13
/home/jiangt/FaaSLight-Re/Original_app/app3-dynamic/numpy/compat/_inspect.py=isfunction=26
/home/jiangt/FaaSLight-Re/Original_app/app3-dynamic/numpy/compat/_inspect.py=getargs=65
/home/jiangt/FaaSLight-Re/Original_app/app3-dynamic/numpy/compat/_inspect.py=iscode=41
/home/jiangt/FaaSLight-Re/Original_app/app3-dynamic/numpy/core/overrides.py=array_function_dispatch=128
/home/jiangt/FaaSLight-Re/Original_app/app3-dynamic/numpy/core/overrides.py=array_function_dispatch=decorator=170
/home/jiangt/FaaSLight-Re/Original_app/app3-dynamic/numpy/core/overrides.py=verify_matching_signatures=88
/home/jiangt/FaaSLight-Re/Original_app/app3-dynamic/numpy/compat/_inspect.py=getargspec=96
/home/jiangt/FaaSLight-Re/Original_app/app3-dynamic/numpy/compat/_inspect.py=ismethod=13
/home/jiangt/FaaSLight-Re/Original_app/app3-dynamic/numpy/compat/_inspect.py=isfunction=26
/home/jiangt/FaaSLight-Re/Original_app/app3-dynamic/numpy/compat/_inspect.py=getargs=65
/home/jiangt/FaaSLight-Re/Original_app/app3-dynamic/numpy/compat/_inspect.py=iscode=41
/home/jiangt/FaaSLight-Re/Original_app/app3-dynamic/numpy/compat/_inspect.py=getargspec=96
/home/jiangt/FaaSLight-Re/Original_app/app3-dynamic/numpy/compat/_inspect.py=ismethod=13
/home/jiangt/FaaSLight-Re/Original_app/app3-dynamic/numpy/compat/_inspect.py=isfunction=26
/home/jiangt/FaaSLight-Re/Original_app/app3-dynamic/numpy/compat/_inspect.py=getargs=65
/home/jiangt/FaaSLight-Re/Original_app/app3-dynamic/numpy/compat/_inspect.py=iscode=41
/home/jiangt/FaaSLight-Re/Original_app/app3-dynamic/numpy/core/overrides.py=array_function_dispatch=128
/home/jiangt/FaaSLight-Re/Original_app/app3-dynamic/numpy/core/overrides.py=array_function_dispatch=decorator=170
/home/jiangt/FaaSLight-Re/Original_app/app3-dynamic/numpy/core/overrides.py=verify_matching_signatures=88
/home/jiangt/FaaSLight-Re/Original_app/app3-dynamic/numpy/compat/_inspect.py=getargspec=96
/home/jiangt/FaaSLight-Re/Original_app/app3-dynamic/numpy/compat/_inspect.py=ismethod=13
/home/jiangt/FaaSLight-Re/Original_app/app3-dynamic/numpy/compat/_inspect.py=isfunction=26
/home/jiangt/FaaSLight-Re/Original_app/app3-dynamic/numpy/compat/_inspect.py=getargs=65
/home/jiangt/FaaSLight-Re/Original_app/app3-dynamic/numpy/compat/_inspect.py=iscode=41
/home/jiangt/FaaSLight-Re/Original_app/app3-dynamic/numpy/compat/_inspect.py=getargspec=96
/home/jiangt/FaaSLight-Re/Original_app/app3-dynamic/numpy/compat/_inspect.py=ismethod=13
/home/jiangt/FaaSLight-Re/Original_app/app3-dynamic/numpy/compat/_inspect.py=isfunction=26
/home/jiangt/FaaSLight-Re/Original_app/app3-dynamic/numpy/compat/_inspect.py=getargs=65
/home/jiangt/FaaSLight-Re/Original_app/app3-dynamic/numpy/compat/_inspect.py=iscode=41
/home/jiangt/FaaSLight-Re/Original_app/app3-dynamic/numpy/core/overrides.py=array_function_dispatch=128
/home/jiangt/FaaSLight-Re/Original_app/app3-dynamic/numpy/core/overrides.py=array_function_dispatch=decorator=170
/home/jiangt/FaaSLight-Re/Original_app/app3-dynamic/numpy/core/overrides.py=verify_matching_signatures=88
/home/jiangt/FaaSLight-Re/Original_app/app3-dynamic/numpy/compat/_inspect.py=getargspec=96
/home/jiangt/FaaSLight-Re/Original_app/app3-dynamic/numpy/compat/_inspect.py=ismethod=13
/home/jiangt/FaaSLight-Re/Original_app/app3-dynamic/numpy/compat/_inspect.py=isfunction=26
/home/jiangt/FaaSLight-Re/Original_app/app3-dynamic/numpy/compat/_inspect.py=getargs=65
/home/jiangt/FaaSLight-Re/Original_app/app3-dynamic/numpy/compat/_inspect.py=iscode=41
/home/jiangt/FaaSLight-Re/Original_app/app3-dynamic/numpy/compat/_inspect.py=getargspec=96
/home/jiangt/FaaSLight-Re/Original_app/app3-dynamic/numpy/compat/_inspect.py=ismethod=13
/home/jiangt/FaaSLight-Re/Original_app/app3-dynamic/numpy/compat/_inspect.py=isfunction=26
/home/jiangt/FaaSLight-Re/Original_app/app3-dynamic/numpy/compat/_inspect.py=getargs=65
/home/jiangt/FaaSLight-Re/Original_app/app3-dynamic/numpy/compat/_inspect.py=iscode=41
/home/jiangt/FaaSLight-Re/Original_app/app3-dynamic/numpy/core/overrides.py=array_function_dispatch=128
/home/jiangt/FaaSLight-Re/Original_app/app3-dynamic/numpy/core/overrides.py=array_function_dispatch=decorator=170
/home/jiangt/FaaSLight-Re/Original_app/app3-dynamic/numpy/core/overrides.py=verify_matching_signatures=88
/home/jiangt/FaaSLight-Re/Original_app/app3-dynamic/numpy/compat/_inspect.py=getargspec=96
/home/jiangt/FaaSLight-Re/Original_app/app3-dynamic/numpy/compat/_inspect.py=ismethod=13
/home/jiangt/FaaSLight-Re/Original_app/app3-dynamic/numpy/compat/_inspect.py=isfunction=26
/home/jiangt/FaaSLight-Re/Original_app/app3-dynamic/numpy/compat/_inspect.py=getargs=65
/home/jiangt/FaaSLight-Re/Original_app/app3-dynamic/numpy/compat/_inspect.py=iscode=41
/home/jiangt/FaaSLight-Re/Original_app/app3-dynamic/numpy/compat/_inspect.py=getargspec=96
/home/jiangt/FaaSLight-Re/Original_app/app3-dynamic/numpy/compat/_inspect.py=ismethod=13
/home/jiangt/FaaSLight-Re/Original_app/app3-dynamic/numpy/compat/_inspect.py=isfunction=26
/home/jiangt/FaaSLight-Re/Original_app/app3-dynamic/numpy/compat/_inspect.py=getargs=65
/home/jiangt/FaaSLight-Re/Original_app/app3-dynamic/numpy/compat/_inspect.py=iscode=41
/home/jiangt/FaaSLight-Re/Original_app/app3-dynamic/numpy/core/overrides.py=array_function_dispatch=128
/home/jiangt/FaaSLight-Re/Original_app/app3-dynamic/numpy/core/overrides.py=array_function_dispatch=decorator=170
/home/jiangt/FaaSLight-Re/Original_app/app3-dynamic/numpy/core/overrides.py=verify_matching_signatures=88
/home/jiangt/FaaSLight-Re/Original_app/app3-dynamic/numpy/compat/_inspect.py=getargspec=96
/home/jiangt/FaaSLight-Re/Original_app/app3-dynamic/numpy/compat/_inspect.py=ismethod=13
/home/jiangt/FaaSLight-Re/Original_app/app3-dynamic/numpy/compat/_inspect.py=isfunction=26
/home/jiangt/FaaSLight-Re/Original_app/app3-dynamic/numpy/compat/_inspect.py=getargs=65
/home/jiangt/FaaSLight-Re/Original_app/app3-dynamic/numpy/compat/_inspect.py=iscode=41
/home/jiangt/FaaSLight-Re/Original_app/app3-dynamic/numpy/compat/_inspect.py=getargspec=96
/home/jiangt/FaaSLight-Re/Original_app/app3-dynamic/numpy/compat/_inspect.py=ismethod=13
/home/jiangt/FaaSLight-Re/Original_app/app3-dynamic/numpy/compat/_inspect.py=isfunction=26
/home/jiangt/FaaSLight-Re/Original_app/app3-dynamic/numpy/compat/_inspect.py=getargs=65
/home/jiangt/FaaSLight-Re/Original_app/app3-dynamic/numpy/compat/_inspect.py=iscode=41
/home/jiangt/FaaSLight-Re/Original_app/app3-dynamic/numpy/core/overrides.py=array_function_dispatch=128
/home/jiangt/FaaSLight-Re/Original_app/app3-dynamic/numpy/core/overrides.py=array_function_dispatch=decorator=170
/home/jiangt/FaaSLight-Re/Original_app/app3-dynamic/numpy/core/overrides.py=verify_matching_signatures=88
/home/jiangt/FaaSLight-Re/Original_app/app3-dynamic/numpy/compat/_inspect.py=getargspec=96
/home/jiangt/FaaSLight-Re/Original_app/app3-dynamic/numpy/compat/_inspect.py=ismethod=13
/home/jiangt/FaaSLight-Re/Original_app/app3-dynamic/numpy/compat/_inspect.py=isfunction=26
/home/jiangt/FaaSLight-Re/Original_app/app3-dynamic/numpy/compat/_inspect.py=getargs=65
/home/jiangt/FaaSLight-Re/Original_app/app3-dynamic/numpy/compat/_inspect.py=iscode=41
/home/jiangt/FaaSLight-Re/Original_app/app3-dynamic/numpy/compat/_inspect.py=getargspec=96
/home/jiangt/FaaSLight-Re/Original_app/app3-dynamic/numpy/compat/_inspect.py=ismethod=13
/home/jiangt/FaaSLight-Re/Original_app/app3-dynamic/numpy/compat/_inspect.py=isfunction=26
/home/jiangt/FaaSLight-Re/Original_app/app3-dynamic/numpy/compat/_inspect.py=getargs=65
/home/jiangt/FaaSLight-Re/Original_app/app3-dynamic/numpy/compat/_inspect.py=iscode=41
/home/jiangt/FaaSLight-Re/Original_app/app3-dynamic/numpy/core/overrides.py=array_function_dispatch=128
/home/jiangt/FaaSLight-Re/Original_app/app3-dynamic/numpy/core/overrides.py=array_function_dispatch=decorator=170
/home/jiangt/FaaSLight-Re/Original_app/app3-dynamic/numpy/core/overrides.py=verify_matching_signatures=88
/home/jiangt/FaaSLight-Re/Original_app/app3-dynamic/numpy/compat/_inspect.py=getargspec=96
/home/jiangt/FaaSLight-Re/Original_app/app3-dynamic/numpy/compat/_inspect.py=ismethod=13
/home/jiangt/FaaSLight-Re/Original_app/app3-dynamic/numpy/compat/_inspect.py=isfunction=26
/home/jiangt/FaaSLight-Re/Original_app/app3-dynamic/numpy/compat/_inspect.py=getargs=65
/home/jiangt/FaaSLight-Re/Original_app/app3-dynamic/numpy/compat/_inspect.py=iscode=41
/home/jiangt/FaaSLight-Re/Original_app/app3-dynamic/numpy/compat/_inspect.py=getargspec=96
/home/jiangt/FaaSLight-Re/Original_app/app3-dynamic/numpy/compat/_inspect.py=ismethod=13
/home/jiangt/FaaSLight-Re/Original_app/app3-dynamic/numpy/compat/_inspect.py=isfunction=26
/home/jiangt/FaaSLight-Re/Original_app/app3-dynamic/numpy/compat/_inspect.py=getargs=65
/home/jiangt/FaaSLight-Re/Original_app/app3-dynamic/numpy/compat/_inspect.py=iscode=41
/home/jiangt/FaaSLight-Re/Original_app/app3-dynamic/numpy/core/overrides.py=array_function_dispatch=128
/home/jiangt/FaaSLight-Re/Original_app/app3-dynamic/numpy/core/overrides.py=array_function_dispatch=decorator=170
/home/jiangt/FaaSLight-Re/Original_app/app3-dynamic/numpy/core/overrides.py=verify_matching_signatures=88
/home/jiangt/FaaSLight-Re/Original_app/app3-dynamic/numpy/compat/_inspect.py=getargspec=96
/home/jiangt/FaaSLight-Re/Original_app/app3-dynamic/numpy/compat/_inspect.py=ismethod=13
/home/jiangt/FaaSLight-Re/Original_app/app3-dynamic/numpy/compat/_inspect.py=isfunction=26
/home/jiangt/FaaSLight-Re/Original_app/app3-dynamic/numpy/compat/_inspect.py=getargs=65
/home/jiangt/FaaSLight-Re/Original_app/app3-dynamic/numpy/compat/_inspect.py=iscode=41
/home/jiangt/FaaSLight-Re/Original_app/app3-dynamic/numpy/compat/_inspect.py=getargspec=96
/home/jiangt/FaaSLight-Re/Original_app/app3-dynamic/numpy/compat/_inspect.py=ismethod=13
/home/jiangt/FaaSLight-Re/Original_app/app3-dynamic/numpy/compat/_inspect.py=isfunction=26
/home/jiangt/FaaSLight-Re/Original_app/app3-dynamic/numpy/compat/_inspect.py=getargs=65
/home/jiangt/FaaSLight-Re/Original_app/app3-dynamic/numpy/compat/_inspect.py=iscode=41
/home/jiangt/FaaSLight-Re/Original_app/app3-dynamic/numpy/core/overrides.py=array_function_dispatch=128
/home/jiangt/FaaSLight-Re/Original_app/app3-dynamic/numpy/core/overrides.py=array_function_dispatch=decorator=170
/home/jiangt/FaaSLight-Re/Original_app/app3-dynamic/numpy/core/overrides.py=verify_matching_signatures=88
/home/jiangt/FaaSLight-Re/Original_app/app3-dynamic/numpy/compat/_inspect.py=getargspec=96
/home/jiangt/FaaSLight-Re/Original_app/app3-dynamic/numpy/compat/_inspect.py=ismethod=13
/home/jiangt/FaaSLight-Re/Original_app/app3-dynamic/numpy/compat/_inspect.py=isfunction=26
/home/jiangt/FaaSLight-Re/Original_app/app3-dynamic/numpy/compat/_inspect.py=getargs=65
/home/jiangt/FaaSLight-Re/Original_app/app3-dynamic/numpy/compat/_inspect.py=iscode=41
/home/jiangt/FaaSLight-Re/Original_app/app3-dynamic/numpy/compat/_inspect.py=getargspec=96
/home/jiangt/FaaSLight-Re/Original_app/app3-dynamic/numpy/compat/_inspect.py=ismethod=13
/home/jiangt/FaaSLight-Re/Original_app/app3-dynamic/numpy/compat/_inspect.py=isfunction=26
/home/jiangt/FaaSLight-Re/Original_app/app3-dynamic/numpy/compat/_inspect.py=getargs=65
/home/jiangt/FaaSLight-Re/Original_app/app3-dynamic/numpy/compat/_inspect.py=iscode=41
/home/jiangt/FaaSLight-Re/Original_app/app3-dynamic/numpy/core/overrides.py=array_function_dispatch=128
/home/jiangt/FaaSLight-Re/Original_app/app3-dynamic/numpy/core/overrides.py=array_function_dispatch=decorator=170
/home/jiangt/FaaSLight-Re/Original_app/app3-dynamic/numpy/core/overrides.py=verify_matching_signatures=88
/home/jiangt/FaaSLight-Re/Original_app/app3-dynamic/numpy/compat/_inspect.py=getargspec=96
/home/jiangt/FaaSLight-Re/Original_app/app3-dynamic/numpy/compat/_inspect.py=ismethod=13
/home/jiangt/FaaSLight-Re/Original_app/app3-dynamic/numpy/compat/_inspect.py=isfunction=26
/home/jiangt/FaaSLight-Re/Original_app/app3-dynamic/numpy/compat/_inspect.py=getargs=65
/home/jiangt/FaaSLight-Re/Original_app/app3-dynamic/numpy/compat/_inspect.py=iscode=41
/home/jiangt/FaaSLight-Re/Original_app/app3-dynamic/numpy/compat/_inspect.py=getargspec=96
/home/jiangt/FaaSLight-Re/Original_app/app3-dynamic/numpy/compat/_inspect.py=ismethod=13
/home/jiangt/FaaSLight-Re/Original_app/app3-dynamic/numpy/compat/_inspect.py=isfunction=26
/home/jiangt/FaaSLight-Re/Original_app/app3-dynamic/numpy/compat/_inspect.py=getargs=65
/home/jiangt/FaaSLight-Re/Original_app/app3-dynamic/numpy/compat/_inspect.py=iscode=41
/home/jiangt/FaaSLight-Re/Original_app/app3-dynamic/numpy/core/overrides.py=array_function_dispatch=128
/home/jiangt/FaaSLight-Re/Original_app/app3-dynamic/numpy/core/overrides.py=array_function_dispatch=decorator=170
/home/jiangt/FaaSLight-Re/Original_app/app3-dynamic/numpy/core/overrides.py=verify_matching_signatures=88
/home/jiangt/FaaSLight-Re/Original_app/app3-dynamic/numpy/compat/_inspect.py=getargspec=96
/home/jiangt/FaaSLight-Re/Original_app/app3-dynamic/numpy/compat/_inspect.py=ismethod=13
/home/jiangt/FaaSLight-Re/Original_app/app3-dynamic/numpy/compat/_inspect.py=isfunction=26
/home/jiangt/FaaSLight-Re/Original_app/app3-dynamic/numpy/compat/_inspect.py=getargs=65
/home/jiangt/FaaSLight-Re/Original_app/app3-dynamic/numpy/compat/_inspect.py=iscode=41
/home/jiangt/FaaSLight-Re/Original_app/app3-dynamic/numpy/compat/_inspect.py=getargspec=96
/home/jiangt/FaaSLight-Re/Original_app/app3-dynamic/numpy/compat/_inspect.py=ismethod=13
/home/jiangt/FaaSLight-Re/Original_app/app3-dynamic/numpy/compat/_inspect.py=isfunction=26
/home/jiangt/FaaSLight-Re/Original_app/app3-dynamic/numpy/compat/_inspect.py=getargs=65
/home/jiangt/FaaSLight-Re/Original_app/app3-dynamic/numpy/compat/_inspect.py=iscode=41
/home/jiangt/FaaSLight-Re/Original_app/app3-dynamic/numpy/core/overrides.py=array_function_dispatch=128
/home/jiangt/FaaSLight-Re/Original_app/app3-dynamic/numpy/core/overrides.py=array_function_dispatch=decorator=170
/home/jiangt/FaaSLight-Re/Original_app/app3-dynamic/numpy/core/overrides.py=verify_matching_signatures=88
/home/jiangt/FaaSLight-Re/Original_app/app3-dynamic/numpy/compat/_inspect.py=getargspec=96
/home/jiangt/FaaSLight-Re/Original_app/app3-dynamic/numpy/compat/_inspect.py=ismethod=13
/home/jiangt/FaaSLight-Re/Original_app/app3-dynamic/numpy/compat/_inspect.py=isfunction=26
/home/jiangt/FaaSLight-Re/Original_app/app3-dynamic/numpy/compat/_inspect.py=getargs=65
/home/jiangt/FaaSLight-Re/Original_app/app3-dynamic/numpy/compat/_inspect.py=iscode=41
/home/jiangt/FaaSLight-Re/Original_app/app3-dynamic/numpy/compat/_inspect.py=getargspec=96
/home/jiangt/FaaSLight-Re/Original_app/app3-dynamic/numpy/compat/_inspect.py=ismethod=13
/home/jiangt/FaaSLight-Re/Original_app/app3-dynamic/numpy/compat/_inspect.py=isfunction=26
/home/jiangt/FaaSLight-Re/Original_app/app3-dynamic/numpy/compat/_inspect.py=getargs=65
/home/jiangt/FaaSLight-Re/Original_app/app3-dynamic/numpy/compat/_inspect.py=iscode=41
/home/jiangt/FaaSLight-Re/Original_app/app3-dynamic/numpy/core/overrides.py=array_function_dispatch=128
/home/jiangt/FaaSLight-Re/Original_app/app3-dynamic/numpy/core/overrides.py=array_function_dispatch=decorator=170
/home/jiangt/FaaSLight-Re/Original_app/app3-dynamic/numpy/core/overrides.py=verify_matching_signatures=88
/home/jiangt/FaaSLight-Re/Original_app/app3-dynamic/numpy/compat/_inspect.py=getargspec=96
/home/jiangt/FaaSLight-Re/Original_app/app3-dynamic/numpy/compat/_inspect.py=ismethod=13
/home/jiangt/FaaSLight-Re/Original_app/app3-dynamic/numpy/compat/_inspect.py=isfunction=26
/home/jiangt/FaaSLight-Re/Original_app/app3-dynamic/numpy/compat/_inspect.py=getargs=65
/home/jiangt/FaaSLight-Re/Original_app/app3-dynamic/numpy/compat/_inspect.py=iscode=41
/home/jiangt/FaaSLight-Re/Original_app/app3-dynamic/numpy/compat/_inspect.py=getargspec=96
/home/jiangt/FaaSLight-Re/Original_app/app3-dynamic/numpy/compat/_inspect.py=ismethod=13
/home/jiangt/FaaSLight-Re/Original_app/app3-dynamic/numpy/compat/_inspect.py=isfunction=26
/home/jiangt/FaaSLight-Re/Original_app/app3-dynamic/numpy/compat/_inspect.py=getargs=65
/home/jiangt/FaaSLight-Re/Original_app/app3-dynamic/numpy/compat/_inspect.py=iscode=41
/home/jiangt/FaaSLight-Re/Original_app/app3-dynamic/numpy/core/overrides.py=array_function_dispatch=128
/home/jiangt/FaaSLight-Re/Original_app/app3-dynamic/numpy/core/overrides.py=array_function_dispatch=decorator=170
/home/jiangt/FaaSLight-Re/Original_app/app3-dynamic/numpy/core/overrides.py=array_function_dispatch=128
/home/jiangt/FaaSLight-Re/Original_app/app3-dynamic/numpy/core/overrides.py=array_function_dispatch=decorator=170
/home/jiangt/FaaSLight-Re/Original_app/app3-dynamic/numpy/core/overrides.py=array_function_dispatch=128
/home/jiangt/FaaSLight-Re/Original_app/app3-dynamic/numpy/core/overrides.py=array_function_dispatch=decorator=170
/home/jiangt/FaaSLight-Re/Original_app/app3-dynamic/numpy/core/overrides.py=array_function_dispatch=128
/home/jiangt/FaaSLight-Re/Original_app/app3-dynamic/numpy/core/overrides.py=array_function_dispatch=decorator=170
/home/jiangt/FaaSLight-Re/Original_app/app3-dynamic/numpy/core/overrides.py=array_function_dispatch=128
/home/jiangt/FaaSLight-Re/Original_app/app3-dynamic/numpy/core/overrides.py=array_function_dispatch=decorator=170
/home/jiangt/FaaSLight-Re/Original_app/app3-dynamic/numpy/core/overrides.py=verify_matching_signatures=88
/home/jiangt/FaaSLight-Re/Original_app/app3-dynamic/numpy/compat/_inspect.py=getargspec=96
/home/jiangt/FaaSLight-Re/Original_app/app3-dynamic/numpy/compat/_inspect.py=ismethod=13
/home/jiangt/FaaSLight-Re/Original_app/app3-dynamic/numpy/compat/_inspect.py=isfunction=26
/home/jiangt/FaaSLight-Re/Original_app/app3-dynamic/numpy/compat/_inspect.py=getargs=65
/home/jiangt/FaaSLight-Re/Original_app/app3-dynamic/numpy/compat/_inspect.py=iscode=41
/home/jiangt/FaaSLight-Re/Original_app/app3-dynamic/numpy/compat/_inspect.py=getargspec=96
/home/jiangt/FaaSLight-Re/Original_app/app3-dynamic/numpy/compat/_inspect.py=ismethod=13
/home/jiangt/FaaSLight-Re/Original_app/app3-dynamic/numpy/compat/_inspect.py=isfunction=26
/home/jiangt/FaaSLight-Re/Original_app/app3-dynamic/numpy/compat/_inspect.py=getargs=65
/home/jiangt/FaaSLight-Re/Original_app/app3-dynamic/numpy/compat/_inspect.py=iscode=41
/home/jiangt/FaaSLight-Re/Original_app/app3-dynamic/numpy/core/overrides.py=array_function_dispatch=128
/home/jiangt/FaaSLight-Re/Original_app/app3-dynamic/numpy/core/overrides.py=array_function_dispatch=decorator=170
/home/jiangt/FaaSLight-Re/Original_app/app3-dynamic/numpy/core/overrides.py=verify_matching_signatures=88
/home/jiangt/FaaSLight-Re/Original_app/app3-dynamic/numpy/compat/_inspect.py=getargspec=96
/home/jiangt/FaaSLight-Re/Original_app/app3-dynamic/numpy/compat/_inspect.py=ismethod=13
/home/jiangt/FaaSLight-Re/Original_app/app3-dynamic/numpy/compat/_inspect.py=isfunction=26
/home/jiangt/FaaSLight-Re/Original_app/app3-dynamic/numpy/compat/_inspect.py=getargs=65
/home/jiangt/FaaSLight-Re/Original_app/app3-dynamic/numpy/compat/_inspect.py=iscode=41
/home/jiangt/FaaSLight-Re/Original_app/app3-dynamic/numpy/compat/_inspect.py=getargspec=96
/home/jiangt/FaaSLight-Re/Original_app/app3-dynamic/numpy/compat/_inspect.py=ismethod=13
/home/jiangt/FaaSLight-Re/Original_app/app3-dynamic/numpy/compat/_inspect.py=isfunction=26
/home/jiangt/FaaSLight-Re/Original_app/app3-dynamic/numpy/compat/_inspect.py=getargs=65
/home/jiangt/FaaSLight-Re/Original_app/app3-dynamic/numpy/compat/_inspect.py=iscode=41
/home/jiangt/FaaSLight-Re/Original_app/app3-dynamic/numpy/core/overrides.py=array_function_dispatch=128
/home/jiangt/FaaSLight-Re/Original_app/app3-dynamic/numpy/core/overrides.py=array_function_dispatch=decorator=170
/home/jiangt/FaaSLight-Re/Original_app/app3-dynamic/numpy/core/overrides.py=verify_matching_signatures=88
/home/jiangt/FaaSLight-Re/Original_app/app3-dynamic/numpy/compat/_inspect.py=getargspec=96
/home/jiangt/FaaSLight-Re/Original_app/app3-dynamic/numpy/compat/_inspect.py=ismethod=13
/home/jiangt/FaaSLight-Re/Original_app/app3-dynamic/numpy/compat/_inspect.py=isfunction=26
/home/jiangt/FaaSLight-Re/Original_app/app3-dynamic/numpy/compat/_inspect.py=getargs=65
/home/jiangt/FaaSLight-Re/Original_app/app3-dynamic/numpy/compat/_inspect.py=iscode=41
/home/jiangt/FaaSLight-Re/Original_app/app3-dynamic/numpy/compat/_inspect.py=getargspec=96
/home/jiangt/FaaSLight-Re/Original_app/app3-dynamic/numpy/compat/_inspect.py=ismethod=13
/home/jiangt/FaaSLight-Re/Original_app/app3-dynamic/numpy/compat/_inspect.py=isfunction=26
/home/jiangt/FaaSLight-Re/Original_app/app3-dynamic/numpy/compat/_inspect.py=getargs=65
/home/jiangt/FaaSLight-Re/Original_app/app3-dynamic/numpy/compat/_inspect.py=iscode=41
/home/jiangt/FaaSLight-Re/Original_app/app3-dynamic/numpy/core/overrides.py=array_function_dispatch=128
/home/jiangt/FaaSLight-Re/Original_app/app3-dynamic/numpy/core/overrides.py=array_function_dispatch=decorator=170
/home/jiangt/FaaSLight-Re/Original_app/app3-dynamic/numpy/core/overrides.py=verify_matching_signatures=88
/home/jiangt/FaaSLight-Re/Original_app/app3-dynamic/numpy/compat/_inspect.py=getargspec=96
/home/jiangt/FaaSLight-Re/Original_app/app3-dynamic/numpy/compat/_inspect.py=ismethod=13
/home/jiangt/FaaSLight-Re/Original_app/app3-dynamic/numpy/compat/_inspect.py=isfunction=26
/home/jiangt/FaaSLight-Re/Original_app/app3-dynamic/numpy/compat/_inspect.py=getargs=65
/home/jiangt/FaaSLight-Re/Original_app/app3-dynamic/numpy/compat/_inspect.py=iscode=41
/home/jiangt/FaaSLight-Re/Original_app/app3-dynamic/numpy/compat/_inspect.py=getargspec=96
/home/jiangt/FaaSLight-Re/Original_app/app3-dynamic/numpy/compat/_inspect.py=ismethod=13
/home/jiangt/FaaSLight-Re/Original_app/app3-dynamic/numpy/compat/_inspect.py=isfunction=26
/home/jiangt/FaaSLight-Re/Original_app/app3-dynamic/numpy/compat/_inspect.py=getargs=65
/home/jiangt/FaaSLight-Re/Original_app/app3-dynamic/numpy/compat/_inspect.py=iscode=41
/home/jiangt/FaaSLight-Re/Original_app/app3-dynamic/numpy/core/overrides.py=array_function_dispatch=128
/home/jiangt/FaaSLight-Re/Original_app/app3-dynamic/numpy/core/overrides.py=array_function_dispatch=decorator=170
/home/jiangt/FaaSLight-Re/Original_app/app3-dynamic/numpy/core/overrides.py=verify_matching_signatures=88
/home/jiangt/FaaSLight-Re/Original_app/app3-dynamic/numpy/compat/_inspect.py=getargspec=96
/home/jiangt/FaaSLight-Re/Original_app/app3-dynamic/numpy/compat/_inspect.py=ismethod=13
/home/jiangt/FaaSLight-Re/Original_app/app3-dynamic/numpy/compat/_inspect.py=isfunction=26
/home/jiangt/FaaSLight-Re/Original_app/app3-dynamic/numpy/compat/_inspect.py=getargs=65
/home/jiangt/FaaSLight-Re/Original_app/app3-dynamic/numpy/compat/_inspect.py=iscode=41
/home/jiangt/FaaSLight-Re/Original_app/app3-dynamic/numpy/compat/_inspect.py=getargspec=96
/home/jiangt/FaaSLight-Re/Original_app/app3-dynamic/numpy/compat/_inspect.py=ismethod=13
/home/jiangt/FaaSLight-Re/Original_app/app3-dynamic/numpy/compat/_inspect.py=isfunction=26
/home/jiangt/FaaSLight-Re/Original_app/app3-dynamic/numpy/compat/_inspect.py=getargs=65
/home/jiangt/FaaSLight-Re/Original_app/app3-dynamic/numpy/compat/_inspect.py=iscode=41
/home/jiangt/FaaSLight-Re/Original_app/app3-dynamic/numpy/core/overrides.py=array_function_dispatch=128
/home/jiangt/FaaSLight-Re/Original_app/app3-dynamic/numpy/core/overrides.py=array_function_dispatch=decorator=170
/home/jiangt/FaaSLight-Re/Original_app/app3-dynamic/numpy/core/overrides.py=verify_matching_signatures=88
/home/jiangt/FaaSLight-Re/Original_app/app3-dynamic/numpy/compat/_inspect.py=getargspec=96
/home/jiangt/FaaSLight-Re/Original_app/app3-dynamic/numpy/compat/_inspect.py=ismethod=13
/home/jiangt/FaaSLight-Re/Original_app/app3-dynamic/numpy/compat/_inspect.py=isfunction=26
/home/jiangt/FaaSLight-Re/Original_app/app3-dynamic/numpy/compat/_inspect.py=getargs=65
/home/jiangt/FaaSLight-Re/Original_app/app3-dynamic/numpy/compat/_inspect.py=iscode=41
/home/jiangt/FaaSLight-Re/Original_app/app3-dynamic/numpy/compat/_inspect.py=getargspec=96
/home/jiangt/FaaSLight-Re/Original_app/app3-dynamic/numpy/compat/_inspect.py=ismethod=13
/home/jiangt/FaaSLight-Re/Original_app/app3-dynamic/numpy/compat/_inspect.py=isfunction=26
/home/jiangt/FaaSLight-Re/Original_app/app3-dynamic/numpy/compat/_inspect.py=getargs=65
/home/jiangt/FaaSLight-Re/Original_app/app3-dynamic/numpy/compat/_inspect.py=iscode=41
/home/jiangt/FaaSLight-Re/Original_app/app3-dynamic/numpy/core/overrides.py=array_function_dispatch=128
/home/jiangt/FaaSLight-Re/Original_app/app3-dynamic/numpy/core/overrides.py=array_function_dispatch=decorator=170
/home/jiangt/FaaSLight-Re/Original_app/app3-dynamic/numpy/core/overrides.py=verify_matching_signatures=88
/home/jiangt/FaaSLight-Re/Original_app/app3-dynamic/numpy/compat/_inspect.py=getargspec=96
/home/jiangt/FaaSLight-Re/Original_app/app3-dynamic/numpy/compat/_inspect.py=ismethod=13
/home/jiangt/FaaSLight-Re/Original_app/app3-dynamic/numpy/compat/_inspect.py=isfunction=26
/home/jiangt/FaaSLight-Re/Original_app/app3-dynamic/numpy/compat/_inspect.py=getargs=65
/home/jiangt/FaaSLight-Re/Original_app/app3-dynamic/numpy/compat/_inspect.py=iscode=41
/home/jiangt/FaaSLight-Re/Original_app/app3-dynamic/numpy/compat/_inspect.py=getargspec=96
/home/jiangt/FaaSLight-Re/Original_app/app3-dynamic/numpy/compat/_inspect.py=ismethod=13
/home/jiangt/FaaSLight-Re/Original_app/app3-dynamic/numpy/compat/_inspect.py=isfunction=26
/home/jiangt/FaaSLight-Re/Original_app/app3-dynamic/numpy/compat/_inspect.py=getargs=65
/home/jiangt/FaaSLight-Re/Original_app/app3-dynamic/numpy/compat/_inspect.py=iscode=41
/home/jiangt/FaaSLight-Re/Original_app/app3-dynamic/numpy/core/overrides.py=set_module=110
/home/jiangt/FaaSLight-Re/Original_app/app3-dynamic/numpy/core/overrides.py=set_module=decorator=121
/home/jiangt/FaaSLight-Re/Original_app/app3-dynamic/numpy/core/overrides.py=array_function_dispatch=128
/home/jiangt/FaaSLight-Re/Original_app/app3-dynamic/numpy/core/overrides.py=array_function_dispatch=decorator=170
/home/jiangt/FaaSLight-Re/Original_app/app3-dynamic/numpy/core/overrides.py=verify_matching_signatures=88
/home/jiangt/FaaSLight-Re/Original_app/app3-dynamic/numpy/compat/_inspect.py=getargspec=96
/home/jiangt/FaaSLight-Re/Original_app/app3-dynamic/numpy/compat/_inspect.py=ismethod=13
/home/jiangt/FaaSLight-Re/Original_app/app3-dynamic/numpy/compat/_inspect.py=isfunction=26
/home/jiangt/FaaSLight-Re/Original_app/app3-dynamic/numpy/compat/_inspect.py=getargs=65
/home/jiangt/FaaSLight-Re/Original_app/app3-dynamic/numpy/compat/_inspect.py=iscode=41
/home/jiangt/FaaSLight-Re/Original_app/app3-dynamic/numpy/compat/_inspect.py=getargspec=96
/home/jiangt/FaaSLight-Re/Original_app/app3-dynamic/numpy/compat/_inspect.py=ismethod=13
/home/jiangt/FaaSLight-Re/Original_app/app3-dynamic/numpy/compat/_inspect.py=isfunction=26
/home/jiangt/FaaSLight-Re/Original_app/app3-dynamic/numpy/compat/_inspect.py=getargs=65
/home/jiangt/FaaSLight-Re/Original_app/app3-dynamic/numpy/compat/_inspect.py=iscode=41
/home/jiangt/FaaSLight-Re/Original_app/app3-dynamic/numpy/core/overrides.py=set_module=110
/home/jiangt/FaaSLight-Re/Original_app/app3-dynamic/numpy/core/overrides.py=set_module=decorator=121
/home/jiangt/FaaSLight-Re/Original_app/app3-dynamic/numpy/core/overrides.py=set_array_function_like_doc=23
/home/jiangt/FaaSLight-Re/Original_app/app3-dynamic/numpy/core/overrides.py=array_function_dispatch=128
/home/jiangt/FaaSLight-Re/Original_app/app3-dynamic/numpy/core/overrides.py=array_function_dispatch=decorator=170
/home/jiangt/FaaSLight-Re/Original_app/app3-dynamic/numpy/core/overrides.py=verify_matching_signatures=88
/home/jiangt/FaaSLight-Re/Original_app/app3-dynamic/numpy/compat/_inspect.py=getargspec=96
/home/jiangt/FaaSLight-Re/Original_app/app3-dynamic/numpy/compat/_inspect.py=ismethod=13
/home/jiangt/FaaSLight-Re/Original_app/app3-dynamic/numpy/compat/_inspect.py=isfunction=26
/home/jiangt/FaaSLight-Re/Original_app/app3-dynamic/numpy/compat/_inspect.py=getargs=65
/home/jiangt/FaaSLight-Re/Original_app/app3-dynamic/numpy/compat/_inspect.py=iscode=41
/home/jiangt/FaaSLight-Re/Original_app/app3-dynamic/numpy/compat/_inspect.py=getargspec=96
/home/jiangt/FaaSLight-Re/Original_app/app3-dynamic/numpy/compat/_inspect.py=ismethod=13
/home/jiangt/FaaSLight-Re/Original_app/app3-dynamic/numpy/compat/_inspect.py=isfunction=26
/home/jiangt/FaaSLight-Re/Original_app/app3-dynamic/numpy/compat/_inspect.py=getargs=65
/home/jiangt/FaaSLight-Re/Original_app/app3-dynamic/numpy/compat/_inspect.py=iscode=41
/home/jiangt/FaaSLight-Re/Original_app/app3-dynamic/numpy/core/overrides.py=array_function_dispatch=128
/home/jiangt/FaaSLight-Re/Original_app/app3-dynamic/numpy/core/overrides.py=array_function_dispatch=decorator=170
/home/jiangt/FaaSLight-Re/Original_app/app3-dynamic/numpy/core/overrides.py=verify_matching_signatures=88
/home/jiangt/FaaSLight-Re/Original_app/app3-dynamic/numpy/compat/_inspect.py=getargspec=96
/home/jiangt/FaaSLight-Re/Original_app/app3-dynamic/numpy/compat/_inspect.py=ismethod=13
/home/jiangt/FaaSLight-Re/Original_app/app3-dynamic/numpy/compat/_inspect.py=isfunction=26
/home/jiangt/FaaSLight-Re/Original_app/app3-dynamic/numpy/compat/_inspect.py=getargs=65
/home/jiangt/FaaSLight-Re/Original_app/app3-dynamic/numpy/compat/_inspect.py=iscode=41
/home/jiangt/FaaSLight-Re/Original_app/app3-dynamic/numpy/compat/_inspect.py=getargspec=96
/home/jiangt/FaaSLight-Re/Original_app/app3-dynamic/numpy/compat/_inspect.py=ismethod=13
/home/jiangt/FaaSLight-Re/Original_app/app3-dynamic/numpy/compat/_inspect.py=isfunction=26
/home/jiangt/FaaSLight-Re/Original_app/app3-dynamic/numpy/compat/_inspect.py=getargs=65
/home/jiangt/FaaSLight-Re/Original_app/app3-dynamic/numpy/compat/_inspect.py=iscode=41
/home/jiangt/FaaSLight-Re/Original_app/app3-dynamic/numpy/core/overrides.py=set_module=110
/home/jiangt/FaaSLight-Re/Original_app/app3-dynamic/numpy/core/overrides.py=set_module=decorator=121
/home/jiangt/FaaSLight-Re/Original_app/app3-dynamic/numpy/core/overrides.py=set_array_function_like_doc=23
/home/jiangt/FaaSLight-Re/Original_app/app3-dynamic/numpy/core/overrides.py=array_function_dispatch=128
/home/jiangt/FaaSLight-Re/Original_app/app3-dynamic/numpy/core/overrides.py=array_function_dispatch=decorator=170
/home/jiangt/FaaSLight-Re/Original_app/app3-dynamic/numpy/core/overrides.py=verify_matching_signatures=88
/home/jiangt/FaaSLight-Re/Original_app/app3-dynamic/numpy/compat/_inspect.py=getargspec=96
/home/jiangt/FaaSLight-Re/Original_app/app3-dynamic/numpy/compat/_inspect.py=ismethod=13
/home/jiangt/FaaSLight-Re/Original_app/app3-dynamic/numpy/compat/_inspect.py=isfunction=26
/home/jiangt/FaaSLight-Re/Original_app/app3-dynamic/numpy/compat/_inspect.py=getargs=65
/home/jiangt/FaaSLight-Re/Original_app/app3-dynamic/numpy/compat/_inspect.py=iscode=41
/home/jiangt/FaaSLight-Re/Original_app/app3-dynamic/numpy/compat/_inspect.py=getargspec=96
/home/jiangt/FaaSLight-Re/Original_app/app3-dynamic/numpy/compat/_inspect.py=ismethod=13
/home/jiangt/FaaSLight-Re/Original_app/app3-dynamic/numpy/compat/_inspect.py=isfunction=26
/home/jiangt/FaaSLight-Re/Original_app/app3-dynamic/numpy/compat/_inspect.py=getargs=65
/home/jiangt/FaaSLight-Re/Original_app/app3-dynamic/numpy/compat/_inspect.py=iscode=41
/home/jiangt/FaaSLight-Re/Original_app/app3-dynamic/numpy/core/overrides.py=array_function_dispatch=128
/home/jiangt/FaaSLight-Re/Original_app/app3-dynamic/numpy/core/overrides.py=array_function_dispatch=decorator=170
/home/jiangt/FaaSLight-Re/Original_app/app3-dynamic/numpy/core/overrides.py=verify_matching_signatures=88
/home/jiangt/FaaSLight-Re/Original_app/app3-dynamic/numpy/compat/_inspect.py=getargspec=96
/home/jiangt/FaaSLight-Re/Original_app/app3-dynamic/numpy/compat/_inspect.py=ismethod=13
/home/jiangt/FaaSLight-Re/Original_app/app3-dynamic/numpy/compat/_inspect.py=isfunction=26
/home/jiangt/FaaSLight-Re/Original_app/app3-dynamic/numpy/compat/_inspect.py=getargs=65
/home/jiangt/FaaSLight-Re/Original_app/app3-dynamic/numpy/compat/_inspect.py=iscode=41
/home/jiangt/FaaSLight-Re/Original_app/app3-dynamic/numpy/compat/_inspect.py=getargspec=96
/home/jiangt/FaaSLight-Re/Original_app/app3-dynamic/numpy/compat/_inspect.py=ismethod=13
/home/jiangt/FaaSLight-Re/Original_app/app3-dynamic/numpy/compat/_inspect.py=isfunction=26
/home/jiangt/FaaSLight-Re/Original_app/app3-dynamic/numpy/compat/_inspect.py=getargs=65
/home/jiangt/FaaSLight-Re/Original_app/app3-dynamic/numpy/compat/_inspect.py=iscode=41
/home/jiangt/FaaSLight-Re/Original_app/app3-dynamic/numpy/core/overrides.py=array_function_dispatch=128
/home/jiangt/FaaSLight-Re/Original_app/app3-dynamic/numpy/core/overrides.py=array_function_dispatch=decorator=170
/home/jiangt/FaaSLight-Re/Original_app/app3-dynamic/numpy/core/overrides.py=verify_matching_signatures=88
/home/jiangt/FaaSLight-Re/Original_app/app3-dynamic/numpy/compat/_inspect.py=getargspec=96
/home/jiangt/FaaSLight-Re/Original_app/app3-dynamic/numpy/compat/_inspect.py=ismethod=13
/home/jiangt/FaaSLight-Re/Original_app/app3-dynamic/numpy/compat/_inspect.py=isfunction=26
/home/jiangt/FaaSLight-Re/Original_app/app3-dynamic/numpy/compat/_inspect.py=getargs=65
/home/jiangt/FaaSLight-Re/Original_app/app3-dynamic/numpy/compat/_inspect.py=iscode=41
/home/jiangt/FaaSLight-Re/Original_app/app3-dynamic/numpy/compat/_inspect.py=getargspec=96
/home/jiangt/FaaSLight-Re/Original_app/app3-dynamic/numpy/compat/_inspect.py=ismethod=13
/home/jiangt/FaaSLight-Re/Original_app/app3-dynamic/numpy/compat/_inspect.py=isfunction=26
/home/jiangt/FaaSLight-Re/Original_app/app3-dynamic/numpy/compat/_inspect.py=getargs=65
/home/jiangt/FaaSLight-Re/Original_app/app3-dynamic/numpy/compat/_inspect.py=iscode=41
/home/jiangt/FaaSLight-Re/Original_app/app3-dynamic/numpy/core/overrides.py=set_module=110
/home/jiangt/FaaSLight-Re/Original_app/app3-dynamic/numpy/core/overrides.py=set_module=decorator=121
/home/jiangt/FaaSLight-Re/Original_app/app3-dynamic/numpy/core/overrides.py=array_function_dispatch=128
/home/jiangt/FaaSLight-Re/Original_app/app3-dynamic/numpy/core/overrides.py=array_function_dispatch=decorator=170
/home/jiangt/FaaSLight-Re/Original_app/app3-dynamic/numpy/core/overrides.py=verify_matching_signatures=88
/home/jiangt/FaaSLight-Re/Original_app/app3-dynamic/numpy/compat/_inspect.py=getargspec=96
/home/jiangt/FaaSLight-Re/Original_app/app3-dynamic/numpy/compat/_inspect.py=ismethod=13
/home/jiangt/FaaSLight-Re/Original_app/app3-dynamic/numpy/compat/_inspect.py=isfunction=26
/home/jiangt/FaaSLight-Re/Original_app/app3-dynamic/numpy/compat/_inspect.py=getargs=65
/home/jiangt/FaaSLight-Re/Original_app/app3-dynamic/numpy/compat/_inspect.py=iscode=41
/home/jiangt/FaaSLight-Re/Original_app/app3-dynamic/numpy/compat/_inspect.py=getargspec=96
/home/jiangt/FaaSLight-Re/Original_app/app3-dynamic/numpy/compat/_inspect.py=ismethod=13
/home/jiangt/FaaSLight-Re/Original_app/app3-dynamic/numpy/compat/_inspect.py=isfunction=26
/home/jiangt/FaaSLight-Re/Original_app/app3-dynamic/numpy/compat/_inspect.py=getargs=65
/home/jiangt/FaaSLight-Re/Original_app/app3-dynamic/numpy/compat/_inspect.py=iscode=41
/home/jiangt/FaaSLight-Re/Original_app/app3-dynamic/numpy/core/overrides.py=array_function_dispatch=128
/home/jiangt/FaaSLight-Re/Original_app/app3-dynamic/numpy/core/overrides.py=array_function_dispatch=decorator=170
/home/jiangt/FaaSLight-Re/Original_app/app3-dynamic/numpy/core/overrides.py=verify_matching_signatures=88
/home/jiangt/FaaSLight-Re/Original_app/app3-dynamic/numpy/compat/_inspect.py=getargspec=96
/home/jiangt/FaaSLight-Re/Original_app/app3-dynamic/numpy/compat/_inspect.py=ismethod=13
/home/jiangt/FaaSLight-Re/Original_app/app3-dynamic/numpy/compat/_inspect.py=isfunction=26
/home/jiangt/FaaSLight-Re/Original_app/app3-dynamic/numpy/compat/_inspect.py=getargs=65
/home/jiangt/FaaSLight-Re/Original_app/app3-dynamic/numpy/compat/_inspect.py=iscode=41
/home/jiangt/FaaSLight-Re/Original_app/app3-dynamic/numpy/compat/_inspect.py=getargspec=96
/home/jiangt/FaaSLight-Re/Original_app/app3-dynamic/numpy/compat/_inspect.py=ismethod=13
/home/jiangt/FaaSLight-Re/Original_app/app3-dynamic/numpy/compat/_inspect.py=isfunction=26
/home/jiangt/FaaSLight-Re/Original_app/app3-dynamic/numpy/compat/_inspect.py=getargs=65
/home/jiangt/FaaSLight-Re/Original_app/app3-dynamic/numpy/compat/_inspect.py=iscode=41
/home/jiangt/FaaSLight-Re/Original_app/app3-dynamic/numpy/core/overrides.py=array_function_dispatch=128
/home/jiangt/FaaSLight-Re/Original_app/app3-dynamic/numpy/core/overrides.py=array_function_dispatch=decorator=170
/home/jiangt/FaaSLight-Re/Original_app/app3-dynamic/numpy/core/overrides.py=verify_matching_signatures=88
/home/jiangt/FaaSLight-Re/Original_app/app3-dynamic/numpy/compat/_inspect.py=getargspec=96
/home/jiangt/FaaSLight-Re/Original_app/app3-dynamic/numpy/compat/_inspect.py=ismethod=13
/home/jiangt/FaaSLight-Re/Original_app/app3-dynamic/numpy/compat/_inspect.py=isfunction=26
/home/jiangt/FaaSLight-Re/Original_app/app3-dynamic/numpy/compat/_inspect.py=getargs=65
/home/jiangt/FaaSLight-Re/Original_app/app3-dynamic/numpy/compat/_inspect.py=iscode=41
/home/jiangt/FaaSLight-Re/Original_app/app3-dynamic/numpy/compat/_inspect.py=getargspec=96
/home/jiangt/FaaSLight-Re/Original_app/app3-dynamic/numpy/compat/_inspect.py=ismethod=13
/home/jiangt/FaaSLight-Re/Original_app/app3-dynamic/numpy/compat/_inspect.py=isfunction=26
/home/jiangt/FaaSLight-Re/Original_app/app3-dynamic/numpy/compat/_inspect.py=getargs=65
/home/jiangt/FaaSLight-Re/Original_app/app3-dynamic/numpy/compat/_inspect.py=iscode=41
/home/jiangt/FaaSLight-Re/Original_app/app3-dynamic/numpy/core/overrides.py=array_function_dispatch=128
/home/jiangt/FaaSLight-Re/Original_app/app3-dynamic/numpy/core/overrides.py=array_function_dispatch=decorator=170
/home/jiangt/FaaSLight-Re/Original_app/app3-dynamic/numpy/core/overrides.py=verify_matching_signatures=88
/home/jiangt/FaaSLight-Re/Original_app/app3-dynamic/numpy/compat/_inspect.py=getargspec=96
/home/jiangt/FaaSLight-Re/Original_app/app3-dynamic/numpy/compat/_inspect.py=ismethod=13
/home/jiangt/FaaSLight-Re/Original_app/app3-dynamic/numpy/compat/_inspect.py=isfunction=26
/home/jiangt/FaaSLight-Re/Original_app/app3-dynamic/numpy/compat/_inspect.py=getargs=65
/home/jiangt/FaaSLight-Re/Original_app/app3-dynamic/numpy/compat/_inspect.py=iscode=41
/home/jiangt/FaaSLight-Re/Original_app/app3-dynamic/numpy/compat/_inspect.py=getargspec=96
/home/jiangt/FaaSLight-Re/Original_app/app3-dynamic/numpy/compat/_inspect.py=ismethod=13
/home/jiangt/FaaSLight-Re/Original_app/app3-dynamic/numpy/compat/_inspect.py=isfunction=26
/home/jiangt/FaaSLight-Re/Original_app/app3-dynamic/numpy/compat/_inspect.py=getargs=65
/home/jiangt/FaaSLight-Re/Original_app/app3-dynamic/numpy/compat/_inspect.py=iscode=41
/home/jiangt/FaaSLight-Re/Original_app/app3-dynamic/numpy/core/overrides.py=array_function_dispatch=128
/home/jiangt/FaaSLight-Re/Original_app/app3-dynamic/numpy/core/overrides.py=array_function_dispatch=decorator=170
/home/jiangt/FaaSLight-Re/Original_app/app3-dynamic/numpy/core/overrides.py=verify_matching_signatures=88
/home/jiangt/FaaSLight-Re/Original_app/app3-dynamic/numpy/compat/_inspect.py=getargspec=96
/home/jiangt/FaaSLight-Re/Original_app/app3-dynamic/numpy/compat/_inspect.py=ismethod=13
/home/jiangt/FaaSLight-Re/Original_app/app3-dynamic/numpy/compat/_inspect.py=isfunction=26
/home/jiangt/FaaSLight-Re/Original_app/app3-dynamic/numpy/compat/_inspect.py=getargs=65
/home/jiangt/FaaSLight-Re/Original_app/app3-dynamic/numpy/compat/_inspect.py=iscode=41
/home/jiangt/FaaSLight-Re/Original_app/app3-dynamic/numpy/compat/_inspect.py=getargspec=96
/home/jiangt/FaaSLight-Re/Original_app/app3-dynamic/numpy/compat/_inspect.py=ismethod=13
/home/jiangt/FaaSLight-Re/Original_app/app3-dynamic/numpy/compat/_inspect.py=isfunction=26
/home/jiangt/FaaSLight-Re/Original_app/app3-dynamic/numpy/compat/_inspect.py=getargs=65
/home/jiangt/FaaSLight-Re/Original_app/app3-dynamic/numpy/compat/_inspect.py=iscode=41
/home/jiangt/FaaSLight-Re/Original_app/app3-dynamic/numpy/core/overrides.py=array_function_dispatch=128
/home/jiangt/FaaSLight-Re/Original_app/app3-dynamic/numpy/core/overrides.py=array_function_dispatch=decorator=170
/home/jiangt/FaaSLight-Re/Original_app/app3-dynamic/numpy/core/overrides.py=verify_matching_signatures=88
/home/jiangt/FaaSLight-Re/Original_app/app3-dynamic/numpy/compat/_inspect.py=getargspec=96
/home/jiangt/FaaSLight-Re/Original_app/app3-dynamic/numpy/compat/_inspect.py=ismethod=13
/home/jiangt/FaaSLight-Re/Original_app/app3-dynamic/numpy/compat/_inspect.py=isfunction=26
/home/jiangt/FaaSLight-Re/Original_app/app3-dynamic/numpy/compat/_inspect.py=getargs=65
/home/jiangt/FaaSLight-Re/Original_app/app3-dynamic/numpy/compat/_inspect.py=iscode=41
/home/jiangt/FaaSLight-Re/Original_app/app3-dynamic/numpy/compat/_inspect.py=getargspec=96
/home/jiangt/FaaSLight-Re/Original_app/app3-dynamic/numpy/compat/_inspect.py=ismethod=13
/home/jiangt/FaaSLight-Re/Original_app/app3-dynamic/numpy/compat/_inspect.py=isfunction=26
/home/jiangt/FaaSLight-Re/Original_app/app3-dynamic/numpy/compat/_inspect.py=getargs=65
/home/jiangt/FaaSLight-Re/Original_app/app3-dynamic/numpy/compat/_inspect.py=iscode=41
/home/jiangt/FaaSLight-Re/Original_app/app3-dynamic/numpy/core/overrides.py=array_function_dispatch=128
/home/jiangt/FaaSLight-Re/Original_app/app3-dynamic/numpy/core/overrides.py=array_function_dispatch=decorator=170
/home/jiangt/FaaSLight-Re/Original_app/app3-dynamic/numpy/core/overrides.py=verify_matching_signatures=88
/home/jiangt/FaaSLight-Re/Original_app/app3-dynamic/numpy/compat/_inspect.py=getargspec=96
/home/jiangt/FaaSLight-Re/Original_app/app3-dynamic/numpy/compat/_inspect.py=ismethod=13
/home/jiangt/FaaSLight-Re/Original_app/app3-dynamic/numpy/compat/_inspect.py=isfunction=26
/home/jiangt/FaaSLight-Re/Original_app/app3-dynamic/numpy/compat/_inspect.py=getargs=65
/home/jiangt/FaaSLight-Re/Original_app/app3-dynamic/numpy/compat/_inspect.py=iscode=41
/home/jiangt/FaaSLight-Re/Original_app/app3-dynamic/numpy/compat/_inspect.py=getargspec=96
/home/jiangt/FaaSLight-Re/Original_app/app3-dynamic/numpy/compat/_inspect.py=ismethod=13
/home/jiangt/FaaSLight-Re/Original_app/app3-dynamic/numpy/compat/_inspect.py=isfunction=26
/home/jiangt/FaaSLight-Re/Original_app/app3-dynamic/numpy/compat/_inspect.py=getargs=65
/home/jiangt/FaaSLight-Re/Original_app/app3-dynamic/numpy/compat/_inspect.py=iscode=41
/home/jiangt/FaaSLight-Re/Original_app/app3-dynamic/numpy/core/overrides.py=array_function_dispatch=128
/home/jiangt/FaaSLight-Re/Original_app/app3-dynamic/numpy/core/overrides.py=array_function_dispatch=decorator=170
/home/jiangt/FaaSLight-Re/Original_app/app3-dynamic/numpy/core/overrides.py=verify_matching_signatures=88
/home/jiangt/FaaSLight-Re/Original_app/app3-dynamic/numpy/compat/_inspect.py=getargspec=96
/home/jiangt/FaaSLight-Re/Original_app/app3-dynamic/numpy/compat/_inspect.py=ismethod=13
/home/jiangt/FaaSLight-Re/Original_app/app3-dynamic/numpy/compat/_inspect.py=isfunction=26
/home/jiangt/FaaSLight-Re/Original_app/app3-dynamic/numpy/compat/_inspect.py=getargs=65
/home/jiangt/FaaSLight-Re/Original_app/app3-dynamic/numpy/compat/_inspect.py=iscode=41
/home/jiangt/FaaSLight-Re/Original_app/app3-dynamic/numpy/compat/_inspect.py=getargspec=96
/home/jiangt/FaaSLight-Re/Original_app/app3-dynamic/numpy/compat/_inspect.py=ismethod=13
/home/jiangt/FaaSLight-Re/Original_app/app3-dynamic/numpy/compat/_inspect.py=isfunction=26
/home/jiangt/FaaSLight-Re/Original_app/app3-dynamic/numpy/compat/_inspect.py=getargs=65
/home/jiangt/FaaSLight-Re/Original_app/app3-dynamic/numpy/compat/_inspect.py=iscode=41
/home/jiangt/FaaSLight-Re/Original_app/app3-dynamic/numpy/core/overrides.py=array_function_dispatch=128
/home/jiangt/FaaSLight-Re/Original_app/app3-dynamic/numpy/core/overrides.py=array_function_dispatch=decorator=170
/home/jiangt/FaaSLight-Re/Original_app/app3-dynamic/numpy/core/overrides.py=verify_matching_signatures=88
/home/jiangt/FaaSLight-Re/Original_app/app3-dynamic/numpy/compat/_inspect.py=getargspec=96
/home/jiangt/FaaSLight-Re/Original_app/app3-dynamic/numpy/compat/_inspect.py=ismethod=13
/home/jiangt/FaaSLight-Re/Original_app/app3-dynamic/numpy/compat/_inspect.py=isfunction=26
/home/jiangt/FaaSLight-Re/Original_app/app3-dynamic/numpy/compat/_inspect.py=getargs=65
/home/jiangt/FaaSLight-Re/Original_app/app3-dynamic/numpy/compat/_inspect.py=iscode=41
/home/jiangt/FaaSLight-Re/Original_app/app3-dynamic/numpy/compat/_inspect.py=getargspec=96
/home/jiangt/FaaSLight-Re/Original_app/app3-dynamic/numpy/compat/_inspect.py=ismethod=13
/home/jiangt/FaaSLight-Re/Original_app/app3-dynamic/numpy/compat/_inspect.py=isfunction=26
/home/jiangt/FaaSLight-Re/Original_app/app3-dynamic/numpy/compat/_inspect.py=getargs=65
/home/jiangt/FaaSLight-Re/Original_app/app3-dynamic/numpy/compat/_inspect.py=iscode=41
/home/jiangt/FaaSLight-Re/Original_app/app3-dynamic/numpy/core/overrides.py=array_function_dispatch=128
/home/jiangt/FaaSLight-Re/Original_app/app3-dynamic/numpy/core/overrides.py=array_function_dispatch=decorator=170
/home/jiangt/FaaSLight-Re/Original_app/app3-dynamic/numpy/core/overrides.py=verify_matching_signatures=88
/home/jiangt/FaaSLight-Re/Original_app/app3-dynamic/numpy/compat/_inspect.py=getargspec=96
/home/jiangt/FaaSLight-Re/Original_app/app3-dynamic/numpy/compat/_inspect.py=ismethod=13
/home/jiangt/FaaSLight-Re/Original_app/app3-dynamic/numpy/compat/_inspect.py=isfunction=26
/home/jiangt/FaaSLight-Re/Original_app/app3-dynamic/numpy/compat/_inspect.py=getargs=65
/home/jiangt/FaaSLight-Re/Original_app/app3-dynamic/numpy/compat/_inspect.py=iscode=41
/home/jiangt/FaaSLight-Re/Original_app/app3-dynamic/numpy/compat/_inspect.py=getargspec=96
/home/jiangt/FaaSLight-Re/Original_app/app3-dynamic/numpy/compat/_inspect.py=ismethod=13
/home/jiangt/FaaSLight-Re/Original_app/app3-dynamic/numpy/compat/_inspect.py=isfunction=26
/home/jiangt/FaaSLight-Re/Original_app/app3-dynamic/numpy/compat/_inspect.py=getargs=65
/home/jiangt/FaaSLight-Re/Original_app/app3-dynamic/numpy/compat/_inspect.py=iscode=41
/home/jiangt/FaaSLight-Re/Original_app/app3-dynamic/numpy/core/overrides.py=set_module=110
/home/jiangt/FaaSLight-Re/Original_app/app3-dynamic/numpy/core/overrides.py=set_module=decorator=121
/home/jiangt/FaaSLight-Re/Original_app/app3-dynamic/numpy/core/overrides.py=set_module=110
/home/jiangt/FaaSLight-Re/Original_app/app3-dynamic/numpy/core/overrides.py=set_module=decorator=121
/home/jiangt/FaaSLight-Re/Original_app/app3-dynamic/numpy/core/overrides.py=set_array_function_like_doc=23
/home/jiangt/FaaSLight-Re/Original_app/app3-dynamic/numpy/core/overrides.py=array_function_dispatch=128
/home/jiangt/FaaSLight-Re/Original_app/app3-dynamic/numpy/core/overrides.py=array_function_dispatch=decorator=170
/home/jiangt/FaaSLight-Re/Original_app/app3-dynamic/numpy/core/overrides.py=verify_matching_signatures=88
/home/jiangt/FaaSLight-Re/Original_app/app3-dynamic/numpy/compat/_inspect.py=getargspec=96
/home/jiangt/FaaSLight-Re/Original_app/app3-dynamic/numpy/compat/_inspect.py=ismethod=13
/home/jiangt/FaaSLight-Re/Original_app/app3-dynamic/numpy/compat/_inspect.py=isfunction=26
/home/jiangt/FaaSLight-Re/Original_app/app3-dynamic/numpy/compat/_inspect.py=getargs=65
/home/jiangt/FaaSLight-Re/Original_app/app3-dynamic/numpy/compat/_inspect.py=iscode=41
/home/jiangt/FaaSLight-Re/Original_app/app3-dynamic/numpy/compat/_inspect.py=getargspec=96
/home/jiangt/FaaSLight-Re/Original_app/app3-dynamic/numpy/compat/_inspect.py=ismethod=13
/home/jiangt/FaaSLight-Re/Original_app/app3-dynamic/numpy/compat/_inspect.py=isfunction=26
/home/jiangt/FaaSLight-Re/Original_app/app3-dynamic/numpy/compat/_inspect.py=getargs=65
/home/jiangt/FaaSLight-Re/Original_app/app3-dynamic/numpy/compat/_inspect.py=iscode=41
/home/jiangt/FaaSLight-Re/Original_app/app3-dynamic/numpy/core/overrides.py=set_module=110
/home/jiangt/FaaSLight-Re/Original_app/app3-dynamic/numpy/core/overrides.py=set_module=decorator=121
/home/jiangt/FaaSLight-Re/Original_app/app3-dynamic/numpy/core/overrides.py=set_module=110
/home/jiangt/FaaSLight-Re/Original_app/app3-dynamic/numpy/core/overrides.py=set_module=decorator=121
/home/jiangt/FaaSLight-Re/Original_app/app3-dynamic/numpy/core/overrides.py=set_module=110
/home/jiangt/FaaSLight-Re/Original_app/app3-dynamic/numpy/core/overrides.py=set_module=decorator=121
/home/jiangt/FaaSLight-Re/Original_app/app3-dynamic/numpy/core/overrides.py=set_module=110
/home/jiangt/FaaSLight-Re/Original_app/app3-dynamic/numpy/core/overrides.py=set_module=decorator=121
/home/jiangt/FaaSLight-Re/Original_app/app3-dynamic/numpy/core/overrides.py=set_array_function_like_doc=23
/home/jiangt/FaaSLight-Re/Original_app/app3-dynamic/numpy/core/overrides.py=array_function_dispatch=128
/home/jiangt/FaaSLight-Re/Original_app/app3-dynamic/numpy/core/overrides.py=array_function_dispatch=decorator=170
/home/jiangt/FaaSLight-Re/Original_app/app3-dynamic/numpy/core/overrides.py=verify_matching_signatures=88
/home/jiangt/FaaSLight-Re/Original_app/app3-dynamic/numpy/compat/_inspect.py=getargspec=96
/home/jiangt/FaaSLight-Re/Original_app/app3-dynamic/numpy/compat/_inspect.py=ismethod=13
/home/jiangt/FaaSLight-Re/Original_app/app3-dynamic/numpy/compat/_inspect.py=isfunction=26
/home/jiangt/FaaSLight-Re/Original_app/app3-dynamic/numpy/compat/_inspect.py=getargs=65
/home/jiangt/FaaSLight-Re/Original_app/app3-dynamic/numpy/compat/_inspect.py=iscode=41
/home/jiangt/FaaSLight-Re/Original_app/app3-dynamic/numpy/compat/_inspect.py=getargspec=96
/home/jiangt/FaaSLight-Re/Original_app/app3-dynamic/numpy/compat/_inspect.py=ismethod=13
/home/jiangt/FaaSLight-Re/Original_app/app3-dynamic/numpy/compat/_inspect.py=isfunction=26
/home/jiangt/FaaSLight-Re/Original_app/app3-dynamic/numpy/compat/_inspect.py=getargs=65
/home/jiangt/FaaSLight-Re/Original_app/app3-dynamic/numpy/compat/_inspect.py=iscode=41
/home/jiangt/FaaSLight-Re/Original_app/app3-dynamic/numpy/core/overrides.py=array_function_dispatch=128
/home/jiangt/FaaSLight-Re/Original_app/app3-dynamic/numpy/core/overrides.py=array_function_dispatch=decorator=170
/home/jiangt/FaaSLight-Re/Original_app/app3-dynamic/numpy/core/overrides.py=verify_matching_signatures=88
/home/jiangt/FaaSLight-Re/Original_app/app3-dynamic/numpy/compat/_inspect.py=getargspec=96
/home/jiangt/FaaSLight-Re/Original_app/app3-dynamic/numpy/compat/_inspect.py=ismethod=13
/home/jiangt/FaaSLight-Re/Original_app/app3-dynamic/numpy/compat/_inspect.py=isfunction=26
/home/jiangt/FaaSLight-Re/Original_app/app3-dynamic/numpy/compat/_inspect.py=getargs=65
/home/jiangt/FaaSLight-Re/Original_app/app3-dynamic/numpy/compat/_inspect.py=iscode=41
/home/jiangt/FaaSLight-Re/Original_app/app3-dynamic/numpy/compat/_inspect.py=getargspec=96
/home/jiangt/FaaSLight-Re/Original_app/app3-dynamic/numpy/compat/_inspect.py=ismethod=13
/home/jiangt/FaaSLight-Re/Original_app/app3-dynamic/numpy/compat/_inspect.py=isfunction=26
/home/jiangt/FaaSLight-Re/Original_app/app3-dynamic/numpy/compat/_inspect.py=getargs=65
/home/jiangt/FaaSLight-Re/Original_app/app3-dynamic/numpy/compat/_inspect.py=iscode=41
/home/jiangt/FaaSLight-Re/Original_app/app3-dynamic/numpy/core/overrides.py=array_function_dispatch=128
/home/jiangt/FaaSLight-Re/Original_app/app3-dynamic/numpy/core/overrides.py=array_function_dispatch=decorator=170
/home/jiangt/FaaSLight-Re/Original_app/app3-dynamic/numpy/core/overrides.py=verify_matching_signatures=88
/home/jiangt/FaaSLight-Re/Original_app/app3-dynamic/numpy/compat/_inspect.py=getargspec=96
/home/jiangt/FaaSLight-Re/Original_app/app3-dynamic/numpy/compat/_inspect.py=ismethod=13
/home/jiangt/FaaSLight-Re/Original_app/app3-dynamic/numpy/compat/_inspect.py=isfunction=26
/home/jiangt/FaaSLight-Re/Original_app/app3-dynamic/numpy/compat/_inspect.py=getargs=65
/home/jiangt/FaaSLight-Re/Original_app/app3-dynamic/numpy/compat/_inspect.py=iscode=41
/home/jiangt/FaaSLight-Re/Original_app/app3-dynamic/numpy/compat/_inspect.py=getargspec=96
/home/jiangt/FaaSLight-Re/Original_app/app3-dynamic/numpy/compat/_inspect.py=ismethod=13
/home/jiangt/FaaSLight-Re/Original_app/app3-dynamic/numpy/compat/_inspect.py=isfunction=26
/home/jiangt/FaaSLight-Re/Original_app/app3-dynamic/numpy/compat/_inspect.py=getargs=65
/home/jiangt/FaaSLight-Re/Original_app/app3-dynamic/numpy/compat/_inspect.py=iscode=41
/home/jiangt/FaaSLight-Re/Original_app/app3-dynamic/numpy/core/overrides.py=array_function_dispatch=128
/home/jiangt/FaaSLight-Re/Original_app/app3-dynamic/numpy/core/overrides.py=array_function_dispatch=decorator=170
/home/jiangt/FaaSLight-Re/Original_app/app3-dynamic/numpy/core/overrides.py=verify_matching_signatures=88
/home/jiangt/FaaSLight-Re/Original_app/app3-dynamic/numpy/compat/_inspect.py=getargspec=96
/home/jiangt/FaaSLight-Re/Original_app/app3-dynamic/numpy/compat/_inspect.py=ismethod=13
/home/jiangt/FaaSLight-Re/Original_app/app3-dynamic/numpy/compat/_inspect.py=isfunction=26
/home/jiangt/FaaSLight-Re/Original_app/app3-dynamic/numpy/compat/_inspect.py=getargs=65
/home/jiangt/FaaSLight-Re/Original_app/app3-dynamic/numpy/compat/_inspect.py=iscode=41
/home/jiangt/FaaSLight-Re/Original_app/app3-dynamic/numpy/compat/_inspect.py=getargspec=96
/home/jiangt/FaaSLight-Re/Original_app/app3-dynamic/numpy/compat/_inspect.py=ismethod=13
/home/jiangt/FaaSLight-Re/Original_app/app3-dynamic/numpy/compat/_inspect.py=isfunction=26
/home/jiangt/FaaSLight-Re/Original_app/app3-dynamic/numpy/compat/_inspect.py=getargs=65
/home/jiangt/FaaSLight-Re/Original_app/app3-dynamic/numpy/compat/_inspect.py=iscode=41
/home/jiangt/FaaSLight-Re/Original_app/app3-dynamic/numpy/core/overrides.py=array_function_dispatch=128
/home/jiangt/FaaSLight-Re/Original_app/app3-dynamic/numpy/core/overrides.py=array_function_dispatch=decorator=170
/home/jiangt/FaaSLight-Re/Original_app/app3-dynamic/numpy/core/overrides.py=verify_matching_signatures=88
/home/jiangt/FaaSLight-Re/Original_app/app3-dynamic/numpy/compat/_inspect.py=getargspec=96
/home/jiangt/FaaSLight-Re/Original_app/app3-dynamic/numpy/compat/_inspect.py=ismethod=13
/home/jiangt/FaaSLight-Re/Original_app/app3-dynamic/numpy/compat/_inspect.py=isfunction=26
/home/jiangt/FaaSLight-Re/Original_app/app3-dynamic/numpy/compat/_inspect.py=getargs=65
/home/jiangt/FaaSLight-Re/Original_app/app3-dynamic/numpy/compat/_inspect.py=iscode=41
/home/jiangt/FaaSLight-Re/Original_app/app3-dynamic/numpy/compat/_inspect.py=getargspec=96
/home/jiangt/FaaSLight-Re/Original_app/app3-dynamic/numpy/compat/_inspect.py=ismethod=13
/home/jiangt/FaaSLight-Re/Original_app/app3-dynamic/numpy/compat/_inspect.py=isfunction=26
/home/jiangt/FaaSLight-Re/Original_app/app3-dynamic/numpy/compat/_inspect.py=getargs=65
/home/jiangt/FaaSLight-Re/Original_app/app3-dynamic/numpy/compat/_inspect.py=iscode=41
/home/jiangt/FaaSLight-Re/Original_app/app3-dynamic/numpy/core/overrides.py=set_module=110
/home/jiangt/FaaSLight-Re/Original_app/app3-dynamic/numpy/core/overrides.py=set_module=decorator=121
/home/jiangt/FaaSLight-Re/Original_app/app3-dynamic/numpy/core/overrides.py=set_module=110
/home/jiangt/FaaSLight-Re/Original_app/app3-dynamic/numpy/core/overrides.py=set_module=decorator=121
/home/jiangt/FaaSLight-Re/Original_app/app3-dynamic/numpy/core/overrides.py=set_module=110
/home/jiangt/FaaSLight-Re/Original_app/app3-dynamic/numpy/core/overrides.py=set_module=decorator=121
/home/jiangt/FaaSLight-Re/Original_app/app3-dynamic/numpy/core/arrayprint.py=_recursive_guard=493
/home/jiangt/FaaSLight-Re/Original_app/app3-dynamic/numpy/core/arrayprint.py=_recursive_guard=decorating_function=503
/home/jiangt/FaaSLight-Re/Original_app/app3-dynamic/numpy/core/overrides.py=array_function_dispatch=128
/home/jiangt/FaaSLight-Re/Original_app/app3-dynamic/numpy/core/overrides.py=array_function_dispatch=decorator=170
/home/jiangt/FaaSLight-Re/Original_app/app3-dynamic/numpy/core/overrides.py=verify_matching_signatures=88
/home/jiangt/FaaSLight-Re/Original_app/app3-dynamic/numpy/compat/_inspect.py=getargspec=96
/home/jiangt/FaaSLight-Re/Original_app/app3-dynamic/numpy/compat/_inspect.py=ismethod=13
/home/jiangt/FaaSLight-Re/Original_app/app3-dynamic/numpy/compat/_inspect.py=isfunction=26
/home/jiangt/FaaSLight-Re/Original_app/app3-dynamic/numpy/compat/_inspect.py=getargs=65
/home/jiangt/FaaSLight-Re/Original_app/app3-dynamic/numpy/compat/_inspect.py=iscode=41
/home/jiangt/FaaSLight-Re/Original_app/app3-dynamic/numpy/compat/_inspect.py=getargspec=96
/home/jiangt/FaaSLight-Re/Original_app/app3-dynamic/numpy/compat/_inspect.py=ismethod=13
/home/jiangt/FaaSLight-Re/Original_app/app3-dynamic/numpy/compat/_inspect.py=isfunction=26
/home/jiangt/FaaSLight-Re/Original_app/app3-dynamic/numpy/compat/_inspect.py=getargs=65
/home/jiangt/FaaSLight-Re/Original_app/app3-dynamic/numpy/compat/_inspect.py=iscode=41
/home/jiangt/FaaSLight-Re/Original_app/app3-dynamic/numpy/core/overrides.py=set_module=110
/home/jiangt/FaaSLight-Re/Original_app/app3-dynamic/numpy/core/overrides.py=set_module=decorator=121
/home/jiangt/FaaSLight-Re/Original_app/app3-dynamic/numpy/core/overrides.py=set_module=110
/home/jiangt/FaaSLight-Re/Original_app/app3-dynamic/numpy/core/overrides.py=set_module=decorator=121
/home/jiangt/FaaSLight-Re/Original_app/app3-dynamic/numpy/core/overrides.py=array_function_dispatch=128
/home/jiangt/FaaSLight-Re/Original_app/app3-dynamic/numpy/core/overrides.py=array_function_dispatch=decorator=170
/home/jiangt/FaaSLight-Re/Original_app/app3-dynamic/numpy/core/overrides.py=verify_matching_signatures=88
/home/jiangt/FaaSLight-Re/Original_app/app3-dynamic/numpy/compat/_inspect.py=getargspec=96
/home/jiangt/FaaSLight-Re/Original_app/app3-dynamic/numpy/compat/_inspect.py=ismethod=13
/home/jiangt/FaaSLight-Re/Original_app/app3-dynamic/numpy/compat/_inspect.py=isfunction=26
/home/jiangt/FaaSLight-Re/Original_app/app3-dynamic/numpy/compat/_inspect.py=getargs=65
/home/jiangt/FaaSLight-Re/Original_app/app3-dynamic/numpy/compat/_inspect.py=iscode=41
/home/jiangt/FaaSLight-Re/Original_app/app3-dynamic/numpy/compat/_inspect.py=getargspec=96
/home/jiangt/FaaSLight-Re/Original_app/app3-dynamic/numpy/compat/_inspect.py=ismethod=13
/home/jiangt/FaaSLight-Re/Original_app/app3-dynamic/numpy/compat/_inspect.py=isfunction=26
/home/jiangt/FaaSLight-Re/Original_app/app3-dynamic/numpy/compat/_inspect.py=getargs=65
/home/jiangt/FaaSLight-Re/Original_app/app3-dynamic/numpy/compat/_inspect.py=iscode=41
/home/jiangt/FaaSLight-Re/Original_app/app3-dynamic/numpy/core/arrayprint.py=_recursive_guard=493
/home/jiangt/FaaSLight-Re/Original_app/app3-dynamic/numpy/core/arrayprint.py=_recursive_guard=decorating_function=503
/home/jiangt/FaaSLight-Re/Original_app/app3-dynamic/numpy/core/overrides.py=array_function_dispatch=128
/home/jiangt/FaaSLight-Re/Original_app/app3-dynamic/numpy/core/overrides.py=array_function_dispatch=decorator=170
/home/jiangt/FaaSLight-Re/Original_app/app3-dynamic/numpy/core/overrides.py=verify_matching_signatures=88
/home/jiangt/FaaSLight-Re/Original_app/app3-dynamic/numpy/compat/_inspect.py=getargspec=96
/home/jiangt/FaaSLight-Re/Original_app/app3-dynamic/numpy/compat/_inspect.py=ismethod=13
/home/jiangt/FaaSLight-Re/Original_app/app3-dynamic/numpy/compat/_inspect.py=isfunction=26
/home/jiangt/FaaSLight-Re/Original_app/app3-dynamic/numpy/compat/_inspect.py=getargs=65
/home/jiangt/FaaSLight-Re/Original_app/app3-dynamic/numpy/compat/_inspect.py=iscode=41
/home/jiangt/FaaSLight-Re/Original_app/app3-dynamic/numpy/compat/_inspect.py=getargspec=96
/home/jiangt/FaaSLight-Re/Original_app/app3-dynamic/numpy/compat/_inspect.py=ismethod=13
/home/jiangt/FaaSLight-Re/Original_app/app3-dynamic/numpy/compat/_inspect.py=isfunction=26
/home/jiangt/FaaSLight-Re/Original_app/app3-dynamic/numpy/compat/_inspect.py=getargs=65
/home/jiangt/FaaSLight-Re/Original_app/app3-dynamic/numpy/compat/_inspect.py=iscode=41
/home/jiangt/FaaSLight-Re/Original_app/app3-dynamic/numpy/core/overrides.py=set_module=110
/home/jiangt/FaaSLight-Re/Original_app/app3-dynamic/numpy/core/overrides.py=set_module=decorator=121
/home/jiangt/FaaSLight-Re/Original_app/app3-dynamic/numpy/core/overrides.py=set_array_function_like_doc=23
/home/jiangt/FaaSLight-Re/Original_app/app3-dynamic/numpy/core/overrides.py=array_function_dispatch=128
/home/jiangt/FaaSLight-Re/Original_app/app3-dynamic/numpy/core/overrides.py=array_function_dispatch=decorator=170
/home/jiangt/FaaSLight-Re/Original_app/app3-dynamic/numpy/core/overrides.py=verify_matching_signatures=88
/home/jiangt/FaaSLight-Re/Original_app/app3-dynamic/numpy/compat/_inspect.py=getargspec=96
/home/jiangt/FaaSLight-Re/Original_app/app3-dynamic/numpy/compat/_inspect.py=ismethod=13
/home/jiangt/FaaSLight-Re/Original_app/app3-dynamic/numpy/compat/_inspect.py=isfunction=26
/home/jiangt/FaaSLight-Re/Original_app/app3-dynamic/numpy/compat/_inspect.py=getargs=65
/home/jiangt/FaaSLight-Re/Original_app/app3-dynamic/numpy/compat/_inspect.py=iscode=41
/home/jiangt/FaaSLight-Re/Original_app/app3-dynamic/numpy/compat/_inspect.py=getargspec=96
/home/jiangt/FaaSLight-Re/Original_app/app3-dynamic/numpy/compat/_inspect.py=ismethod=13
/home/jiangt/FaaSLight-Re/Original_app/app3-dynamic/numpy/compat/_inspect.py=isfunction=26
/home/jiangt/FaaSLight-Re/Original_app/app3-dynamic/numpy/compat/_inspect.py=getargs=65
/home/jiangt/FaaSLight-Re/Original_app/app3-dynamic/numpy/compat/_inspect.py=iscode=41
/home/jiangt/FaaSLight-Re/Original_app/app3-dynamic/numpy/core/numeric.py=extend_all=2536
/home/jiangt/FaaSLight-Re/Original_app/app3-dynamic/numpy/core/numeric.py=extend_all=2536
/home/jiangt/FaaSLight-Re/Original_app/app3-dynamic/numpy/core/numeric.py=extend_all=2536
/home/jiangt/FaaSLight-Re/Original_app/app3-dynamic/numpy/core/numeric.py=extend_all=2536
/home/jiangt/FaaSLight-Re/Original_app/app3-dynamic/numpy/core/numeric.py=extend_all=2536
/home/jiangt/FaaSLight-Re/Original_app/app3-dynamic/numpy/core/numeric.py=extend_all=2536
/home/jiangt/FaaSLight-Re/Original_app/app3-dynamic/numpy/core/overrides.py=array_function_dispatch=128
/home/jiangt/FaaSLight-Re/Original_app/app3-dynamic/numpy/core/overrides.py=array_function_dispatch=decorator=170
/home/jiangt/FaaSLight-Re/Original_app/app3-dynamic/numpy/core/overrides.py=verify_matching_signatures=88
/home/jiangt/FaaSLight-Re/Original_app/app3-dynamic/numpy/compat/_inspect.py=getargspec=96
/home/jiangt/FaaSLight-Re/Original_app/app3-dynamic/numpy/compat/_inspect.py=ismethod=13
/home/jiangt/FaaSLight-Re/Original_app/app3-dynamic/numpy/compat/_inspect.py=isfunction=26
/home/jiangt/FaaSLight-Re/Original_app/app3-dynamic/numpy/compat/_inspect.py=getargs=65
/home/jiangt/FaaSLight-Re/Original_app/app3-dynamic/numpy/compat/_inspect.py=iscode=41
/home/jiangt/FaaSLight-Re/Original_app/app3-dynamic/numpy/compat/_inspect.py=getargspec=96
/home/jiangt/FaaSLight-Re/Original_app/app3-dynamic/numpy/compat/_inspect.py=ismethod=13
/home/jiangt/FaaSLight-Re/Original_app/app3-dynamic/numpy/compat/_inspect.py=isfunction=26
/home/jiangt/FaaSLight-Re/Original_app/app3-dynamic/numpy/compat/_inspect.py=getargs=65
/home/jiangt/FaaSLight-Re/Original_app/app3-dynamic/numpy/compat/_inspect.py=iscode=41
/home/jiangt/FaaSLight-Re/Original_app/app3-dynamic/numpy/core/overrides.py=array_function_dispatch=128
/home/jiangt/FaaSLight-Re/Original_app/app3-dynamic/numpy/core/overrides.py=array_function_dispatch=decorator=170
/home/jiangt/FaaSLight-Re/Original_app/app3-dynamic/numpy/core/overrides.py=verify_matching_signatures=88
/home/jiangt/FaaSLight-Re/Original_app/app3-dynamic/numpy/compat/_inspect.py=getargspec=96
/home/jiangt/FaaSLight-Re/Original_app/app3-dynamic/numpy/compat/_inspect.py=ismethod=13
/home/jiangt/FaaSLight-Re/Original_app/app3-dynamic/numpy/compat/_inspect.py=isfunction=26
/home/jiangt/FaaSLight-Re/Original_app/app3-dynamic/numpy/compat/_inspect.py=getargs=65
/home/jiangt/FaaSLight-Re/Original_app/app3-dynamic/numpy/compat/_inspect.py=iscode=41
/home/jiangt/FaaSLight-Re/Original_app/app3-dynamic/numpy/compat/_inspect.py=getargspec=96
/home/jiangt/FaaSLight-Re/Original_app/app3-dynamic/numpy/compat/_inspect.py=ismethod=13
/home/jiangt/FaaSLight-Re/Original_app/app3-dynamic/numpy/compat/_inspect.py=isfunction=26
/home/jiangt/FaaSLight-Re/Original_app/app3-dynamic/numpy/compat/_inspect.py=getargs=65
/home/jiangt/FaaSLight-Re/Original_app/app3-dynamic/numpy/compat/_inspect.py=iscode=41
/home/jiangt/FaaSLight-Re/Original_app/app3-dynamic/numpy/core/overrides.py=array_function_dispatch=128
/home/jiangt/FaaSLight-Re/Original_app/app3-dynamic/numpy/core/overrides.py=array_function_dispatch=decorator=170
/home/jiangt/FaaSLight-Re/Original_app/app3-dynamic/numpy/core/overrides.py=verify_matching_signatures=88
/home/jiangt/FaaSLight-Re/Original_app/app3-dynamic/numpy/compat/_inspect.py=getargspec=96
/home/jiangt/FaaSLight-Re/Original_app/app3-dynamic/numpy/compat/_inspect.py=ismethod=13
/home/jiangt/FaaSLight-Re/Original_app/app3-dynamic/numpy/compat/_inspect.py=isfunction=26
/home/jiangt/FaaSLight-Re/Original_app/app3-dynamic/numpy/compat/_inspect.py=getargs=65
/home/jiangt/FaaSLight-Re/Original_app/app3-dynamic/numpy/compat/_inspect.py=iscode=41
/home/jiangt/FaaSLight-Re/Original_app/app3-dynamic/numpy/compat/_inspect.py=getargspec=96
/home/jiangt/FaaSLight-Re/Original_app/app3-dynamic/numpy/compat/_inspect.py=ismethod=13
/home/jiangt/FaaSLight-Re/Original_app/app3-dynamic/numpy/compat/_inspect.py=isfunction=26
/home/jiangt/FaaSLight-Re/Original_app/app3-dynamic/numpy/compat/_inspect.py=getargs=65
/home/jiangt/FaaSLight-Re/Original_app/app3-dynamic/numpy/compat/_inspect.py=iscode=41
/home/jiangt/FaaSLight-Re/Original_app/app3-dynamic/numpy/core/overrides.py=array_function_dispatch=128
/home/jiangt/FaaSLight-Re/Original_app/app3-dynamic/numpy/core/overrides.py=array_function_dispatch=decorator=170
/home/jiangt/FaaSLight-Re/Original_app/app3-dynamic/numpy/core/overrides.py=verify_matching_signatures=88
/home/jiangt/FaaSLight-Re/Original_app/app3-dynamic/numpy/compat/_inspect.py=getargspec=96
/home/jiangt/FaaSLight-Re/Original_app/app3-dynamic/numpy/compat/_inspect.py=ismethod=13
/home/jiangt/FaaSLight-Re/Original_app/app3-dynamic/numpy/compat/_inspect.py=isfunction=26
/home/jiangt/FaaSLight-Re/Original_app/app3-dynamic/numpy/compat/_inspect.py=getargs=65
/home/jiangt/FaaSLight-Re/Original_app/app3-dynamic/numpy/compat/_inspect.py=iscode=41
/home/jiangt/FaaSLight-Re/Original_app/app3-dynamic/numpy/compat/_inspect.py=getargspec=96
/home/jiangt/FaaSLight-Re/Original_app/app3-dynamic/numpy/compat/_inspect.py=ismethod=13
/home/jiangt/FaaSLight-Re/Original_app/app3-dynamic/numpy/compat/_inspect.py=isfunction=26
/home/jiangt/FaaSLight-Re/Original_app/app3-dynamic/numpy/compat/_inspect.py=getargs=65
/home/jiangt/FaaSLight-Re/Original_app/app3-dynamic/numpy/compat/_inspect.py=iscode=41
/home/jiangt/FaaSLight-Re/Original_app/app3-dynamic/numpy/core/overrides.py=array_function_dispatch=128
/home/jiangt/FaaSLight-Re/Original_app/app3-dynamic/numpy/core/overrides.py=array_function_dispatch=decorator=170
/home/jiangt/FaaSLight-Re/Original_app/app3-dynamic/numpy/core/overrides.py=verify_matching_signatures=88
/home/jiangt/FaaSLight-Re/Original_app/app3-dynamic/numpy/compat/_inspect.py=getargspec=96
/home/jiangt/FaaSLight-Re/Original_app/app3-dynamic/numpy/compat/_inspect.py=ismethod=13
/home/jiangt/FaaSLight-Re/Original_app/app3-dynamic/numpy/compat/_inspect.py=isfunction=26
/home/jiangt/FaaSLight-Re/Original_app/app3-dynamic/numpy/compat/_inspect.py=getargs=65
/home/jiangt/FaaSLight-Re/Original_app/app3-dynamic/numpy/compat/_inspect.py=iscode=41
/home/jiangt/FaaSLight-Re/Original_app/app3-dynamic/numpy/compat/_inspect.py=getargspec=96
/home/jiangt/FaaSLight-Re/Original_app/app3-dynamic/numpy/compat/_inspect.py=ismethod=13
/home/jiangt/FaaSLight-Re/Original_app/app3-dynamic/numpy/compat/_inspect.py=isfunction=26
/home/jiangt/FaaSLight-Re/Original_app/app3-dynamic/numpy/compat/_inspect.py=getargs=65
/home/jiangt/FaaSLight-Re/Original_app/app3-dynamic/numpy/compat/_inspect.py=iscode=41
/home/jiangt/FaaSLight-Re/Original_app/app3-dynamic/numpy/core/overrides.py=array_function_dispatch=128
/home/jiangt/FaaSLight-Re/Original_app/app3-dynamic/numpy/core/overrides.py=array_function_dispatch=decorator=170
/home/jiangt/FaaSLight-Re/Original_app/app3-dynamic/numpy/core/overrides.py=verify_matching_signatures=88
/home/jiangt/FaaSLight-Re/Original_app/app3-dynamic/numpy/compat/_inspect.py=getargspec=96
/home/jiangt/FaaSLight-Re/Original_app/app3-dynamic/numpy/compat/_inspect.py=ismethod=13
/home/jiangt/FaaSLight-Re/Original_app/app3-dynamic/numpy/compat/_inspect.py=isfunction=26
/home/jiangt/FaaSLight-Re/Original_app/app3-dynamic/numpy/compat/_inspect.py=getargs=65
/home/jiangt/FaaSLight-Re/Original_app/app3-dynamic/numpy/compat/_inspect.py=iscode=41
/home/jiangt/FaaSLight-Re/Original_app/app3-dynamic/numpy/compat/_inspect.py=getargspec=96
/home/jiangt/FaaSLight-Re/Original_app/app3-dynamic/numpy/compat/_inspect.py=ismethod=13
/home/jiangt/FaaSLight-Re/Original_app/app3-dynamic/numpy/compat/_inspect.py=isfunction=26
/home/jiangt/FaaSLight-Re/Original_app/app3-dynamic/numpy/compat/_inspect.py=getargs=65
/home/jiangt/FaaSLight-Re/Original_app/app3-dynamic/numpy/compat/_inspect.py=iscode=41
/home/jiangt/FaaSLight-Re/Original_app/app3-dynamic/numpy/core/overrides.py=array_function_dispatch=128
/home/jiangt/FaaSLight-Re/Original_app/app3-dynamic/numpy/core/overrides.py=array_function_dispatch=decorator=170
/home/jiangt/FaaSLight-Re/Original_app/app3-dynamic/numpy/core/overrides.py=verify_matching_signatures=88
/home/jiangt/FaaSLight-Re/Original_app/app3-dynamic/numpy/compat/_inspect.py=getargspec=96
/home/jiangt/FaaSLight-Re/Original_app/app3-dynamic/numpy/compat/_inspect.py=ismethod=13
/home/jiangt/FaaSLight-Re/Original_app/app3-dynamic/numpy/compat/_inspect.py=isfunction=26
/home/jiangt/FaaSLight-Re/Original_app/app3-dynamic/numpy/compat/_inspect.py=getargs=65
/home/jiangt/FaaSLight-Re/Original_app/app3-dynamic/numpy/compat/_inspect.py=iscode=41
/home/jiangt/FaaSLight-Re/Original_app/app3-dynamic/numpy/compat/_inspect.py=getargspec=96
/home/jiangt/FaaSLight-Re/Original_app/app3-dynamic/numpy/compat/_inspect.py=ismethod=13
/home/jiangt/FaaSLight-Re/Original_app/app3-dynamic/numpy/compat/_inspect.py=isfunction=26
/home/jiangt/FaaSLight-Re/Original_app/app3-dynamic/numpy/compat/_inspect.py=getargs=65
/home/jiangt/FaaSLight-Re/Original_app/app3-dynamic/numpy/compat/_inspect.py=iscode=41
/home/jiangt/FaaSLight-Re/Original_app/app3-dynamic/numpy/core/overrides.py=array_function_dispatch=128
/home/jiangt/FaaSLight-Re/Original_app/app3-dynamic/numpy/core/overrides.py=array_function_dispatch=decorator=170
/home/jiangt/FaaSLight-Re/Original_app/app3-dynamic/numpy/core/overrides.py=verify_matching_signatures=88
/home/jiangt/FaaSLight-Re/Original_app/app3-dynamic/numpy/compat/_inspect.py=getargspec=96
/home/jiangt/FaaSLight-Re/Original_app/app3-dynamic/numpy/compat/_inspect.py=ismethod=13
/home/jiangt/FaaSLight-Re/Original_app/app3-dynamic/numpy/compat/_inspect.py=isfunction=26
/home/jiangt/FaaSLight-Re/Original_app/app3-dynamic/numpy/compat/_inspect.py=getargs=65
/home/jiangt/FaaSLight-Re/Original_app/app3-dynamic/numpy/compat/_inspect.py=iscode=41
/home/jiangt/FaaSLight-Re/Original_app/app3-dynamic/numpy/compat/_inspect.py=getargspec=96
/home/jiangt/FaaSLight-Re/Original_app/app3-dynamic/numpy/compat/_inspect.py=ismethod=13
/home/jiangt/FaaSLight-Re/Original_app/app3-dynamic/numpy/compat/_inspect.py=isfunction=26
/home/jiangt/FaaSLight-Re/Original_app/app3-dynamic/numpy/compat/_inspect.py=getargs=65
/home/jiangt/FaaSLight-Re/Original_app/app3-dynamic/numpy/compat/_inspect.py=iscode=41
/home/jiangt/FaaSLight-Re/Original_app/app3-dynamic/numpy/core/overrides.py=array_function_dispatch=128
/home/jiangt/FaaSLight-Re/Original_app/app3-dynamic/numpy/core/overrides.py=array_function_dispatch=decorator=170
/home/jiangt/FaaSLight-Re/Original_app/app3-dynamic/numpy/core/overrides.py=verify_matching_signatures=88
/home/jiangt/FaaSLight-Re/Original_app/app3-dynamic/numpy/compat/_inspect.py=getargspec=96
/home/jiangt/FaaSLight-Re/Original_app/app3-dynamic/numpy/compat/_inspect.py=ismethod=13
/home/jiangt/FaaSLight-Re/Original_app/app3-dynamic/numpy/compat/_inspect.py=isfunction=26
/home/jiangt/FaaSLight-Re/Original_app/app3-dynamic/numpy/compat/_inspect.py=getargs=65
/home/jiangt/FaaSLight-Re/Original_app/app3-dynamic/numpy/compat/_inspect.py=iscode=41
/home/jiangt/FaaSLight-Re/Original_app/app3-dynamic/numpy/compat/_inspect.py=getargspec=96
/home/jiangt/FaaSLight-Re/Original_app/app3-dynamic/numpy/compat/_inspect.py=ismethod=13
/home/jiangt/FaaSLight-Re/Original_app/app3-dynamic/numpy/compat/_inspect.py=isfunction=26
/home/jiangt/FaaSLight-Re/Original_app/app3-dynamic/numpy/compat/_inspect.py=getargs=65
/home/jiangt/FaaSLight-Re/Original_app/app3-dynamic/numpy/compat/_inspect.py=iscode=41
/home/jiangt/FaaSLight-Re/Original_app/app3-dynamic/numpy/core/overrides.py=array_function_dispatch=128
/home/jiangt/FaaSLight-Re/Original_app/app3-dynamic/numpy/core/overrides.py=array_function_dispatch=decorator=170
/home/jiangt/FaaSLight-Re/Original_app/app3-dynamic/numpy/core/overrides.py=verify_matching_signatures=88
/home/jiangt/FaaSLight-Re/Original_app/app3-dynamic/numpy/compat/_inspect.py=getargspec=96
/home/jiangt/FaaSLight-Re/Original_app/app3-dynamic/numpy/compat/_inspect.py=ismethod=13
/home/jiangt/FaaSLight-Re/Original_app/app3-dynamic/numpy/compat/_inspect.py=isfunction=26
/home/jiangt/FaaSLight-Re/Original_app/app3-dynamic/numpy/compat/_inspect.py=getargs=65
/home/jiangt/FaaSLight-Re/Original_app/app3-dynamic/numpy/compat/_inspect.py=iscode=41
/home/jiangt/FaaSLight-Re/Original_app/app3-dynamic/numpy/compat/_inspect.py=getargspec=96
/home/jiangt/FaaSLight-Re/Original_app/app3-dynamic/numpy/compat/_inspect.py=ismethod=13
/home/jiangt/FaaSLight-Re/Original_app/app3-dynamic/numpy/compat/_inspect.py=isfunction=26
/home/jiangt/FaaSLight-Re/Original_app/app3-dynamic/numpy/compat/_inspect.py=getargs=65
/home/jiangt/FaaSLight-Re/Original_app/app3-dynamic/numpy/compat/_inspect.py=iscode=41
/home/jiangt/FaaSLight-Re/Original_app/app3-dynamic/numpy/core/overrides.py=array_function_dispatch=128
/home/jiangt/FaaSLight-Re/Original_app/app3-dynamic/numpy/core/overrides.py=array_function_dispatch=decorator=170
/home/jiangt/FaaSLight-Re/Original_app/app3-dynamic/numpy/core/overrides.py=verify_matching_signatures=88
/home/jiangt/FaaSLight-Re/Original_app/app3-dynamic/numpy/compat/_inspect.py=getargspec=96
/home/jiangt/FaaSLight-Re/Original_app/app3-dynamic/numpy/compat/_inspect.py=ismethod=13
/home/jiangt/FaaSLight-Re/Original_app/app3-dynamic/numpy/compat/_inspect.py=isfunction=26
/home/jiangt/FaaSLight-Re/Original_app/app3-dynamic/numpy/compat/_inspect.py=getargs=65
/home/jiangt/FaaSLight-Re/Original_app/app3-dynamic/numpy/compat/_inspect.py=iscode=41
/home/jiangt/FaaSLight-Re/Original_app/app3-dynamic/numpy/compat/_inspect.py=getargspec=96
/home/jiangt/FaaSLight-Re/Original_app/app3-dynamic/numpy/compat/_inspect.py=ismethod=13
/home/jiangt/FaaSLight-Re/Original_app/app3-dynamic/numpy/compat/_inspect.py=isfunction=26
/home/jiangt/FaaSLight-Re/Original_app/app3-dynamic/numpy/compat/_inspect.py=getargs=65
/home/jiangt/FaaSLight-Re/Original_app/app3-dynamic/numpy/compat/_inspect.py=iscode=41
/home/jiangt/FaaSLight-Re/Original_app/app3-dynamic/numpy/core/overrides.py=array_function_dispatch=128
/home/jiangt/FaaSLight-Re/Original_app/app3-dynamic/numpy/core/overrides.py=array_function_dispatch=decorator=170
/home/jiangt/FaaSLight-Re/Original_app/app3-dynamic/numpy/core/overrides.py=verify_matching_signatures=88
/home/jiangt/FaaSLight-Re/Original_app/app3-dynamic/numpy/compat/_inspect.py=getargspec=96
/home/jiangt/FaaSLight-Re/Original_app/app3-dynamic/numpy/compat/_inspect.py=ismethod=13
/home/jiangt/FaaSLight-Re/Original_app/app3-dynamic/numpy/compat/_inspect.py=isfunction=26
/home/jiangt/FaaSLight-Re/Original_app/app3-dynamic/numpy/compat/_inspect.py=getargs=65
/home/jiangt/FaaSLight-Re/Original_app/app3-dynamic/numpy/compat/_inspect.py=iscode=41
/home/jiangt/FaaSLight-Re/Original_app/app3-dynamic/numpy/compat/_inspect.py=getargspec=96
/home/jiangt/FaaSLight-Re/Original_app/app3-dynamic/numpy/compat/_inspect.py=ismethod=13
/home/jiangt/FaaSLight-Re/Original_app/app3-dynamic/numpy/compat/_inspect.py=isfunction=26
/home/jiangt/FaaSLight-Re/Original_app/app3-dynamic/numpy/compat/_inspect.py=getargs=65
/home/jiangt/FaaSLight-Re/Original_app/app3-dynamic/numpy/compat/_inspect.py=iscode=41
/home/jiangt/FaaSLight-Re/Original_app/app3-dynamic/numpy/core/overrides.py=array_function_dispatch=128
/home/jiangt/FaaSLight-Re/Original_app/app3-dynamic/numpy/core/overrides.py=array_function_dispatch=decorator=170
/home/jiangt/FaaSLight-Re/Original_app/app3-dynamic/numpy/core/overrides.py=verify_matching_signatures=88
/home/jiangt/FaaSLight-Re/Original_app/app3-dynamic/numpy/compat/_inspect.py=getargspec=96
/home/jiangt/FaaSLight-Re/Original_app/app3-dynamic/numpy/compat/_inspect.py=ismethod=13
/home/jiangt/FaaSLight-Re/Original_app/app3-dynamic/numpy/compat/_inspect.py=isfunction=26
/home/jiangt/FaaSLight-Re/Original_app/app3-dynamic/numpy/compat/_inspect.py=getargs=65
/home/jiangt/FaaSLight-Re/Original_app/app3-dynamic/numpy/compat/_inspect.py=iscode=41
/home/jiangt/FaaSLight-Re/Original_app/app3-dynamic/numpy/compat/_inspect.py=getargspec=96
/home/jiangt/FaaSLight-Re/Original_app/app3-dynamic/numpy/compat/_inspect.py=ismethod=13
/home/jiangt/FaaSLight-Re/Original_app/app3-dynamic/numpy/compat/_inspect.py=isfunction=26
/home/jiangt/FaaSLight-Re/Original_app/app3-dynamic/numpy/compat/_inspect.py=getargs=65
/home/jiangt/FaaSLight-Re/Original_app/app3-dynamic/numpy/compat/_inspect.py=iscode=41
/home/jiangt/FaaSLight-Re/Original_app/app3-dynamic/numpy/core/overrides.py=array_function_dispatch=128
/home/jiangt/FaaSLight-Re/Original_app/app3-dynamic/numpy/core/overrides.py=array_function_dispatch=decorator=170
/home/jiangt/FaaSLight-Re/Original_app/app3-dynamic/numpy/core/overrides.py=verify_matching_signatures=88
/home/jiangt/FaaSLight-Re/Original_app/app3-dynamic/numpy/compat/_inspect.py=getargspec=96
/home/jiangt/FaaSLight-Re/Original_app/app3-dynamic/numpy/compat/_inspect.py=ismethod=13
/home/jiangt/FaaSLight-Re/Original_app/app3-dynamic/numpy/compat/_inspect.py=isfunction=26
/home/jiangt/FaaSLight-Re/Original_app/app3-dynamic/numpy/compat/_inspect.py=getargs=65
/home/jiangt/FaaSLight-Re/Original_app/app3-dynamic/numpy/compat/_inspect.py=iscode=41
/home/jiangt/FaaSLight-Re/Original_app/app3-dynamic/numpy/compat/_inspect.py=getargspec=96
/home/jiangt/FaaSLight-Re/Original_app/app3-dynamic/numpy/compat/_inspect.py=ismethod=13
/home/jiangt/FaaSLight-Re/Original_app/app3-dynamic/numpy/compat/_inspect.py=isfunction=26
/home/jiangt/FaaSLight-Re/Original_app/app3-dynamic/numpy/compat/_inspect.py=getargs=65
/home/jiangt/FaaSLight-Re/Original_app/app3-dynamic/numpy/compat/_inspect.py=iscode=41
/home/jiangt/FaaSLight-Re/Original_app/app3-dynamic/numpy/core/overrides.py=array_function_dispatch=128
/home/jiangt/FaaSLight-Re/Original_app/app3-dynamic/numpy/core/overrides.py=array_function_dispatch=decorator=170
/home/jiangt/FaaSLight-Re/Original_app/app3-dynamic/numpy/core/overrides.py=verify_matching_signatures=88
/home/jiangt/FaaSLight-Re/Original_app/app3-dynamic/numpy/compat/_inspect.py=getargspec=96
/home/jiangt/FaaSLight-Re/Original_app/app3-dynamic/numpy/compat/_inspect.py=ismethod=13
/home/jiangt/FaaSLight-Re/Original_app/app3-dynamic/numpy/compat/_inspect.py=isfunction=26
/home/jiangt/FaaSLight-Re/Original_app/app3-dynamic/numpy/compat/_inspect.py=getargs=65
/home/jiangt/FaaSLight-Re/Original_app/app3-dynamic/numpy/compat/_inspect.py=iscode=41
/home/jiangt/FaaSLight-Re/Original_app/app3-dynamic/numpy/compat/_inspect.py=getargspec=96
/home/jiangt/FaaSLight-Re/Original_app/app3-dynamic/numpy/compat/_inspect.py=ismethod=13
/home/jiangt/FaaSLight-Re/Original_app/app3-dynamic/numpy/compat/_inspect.py=isfunction=26
/home/jiangt/FaaSLight-Re/Original_app/app3-dynamic/numpy/compat/_inspect.py=getargs=65
/home/jiangt/FaaSLight-Re/Original_app/app3-dynamic/numpy/compat/_inspect.py=iscode=41
/home/jiangt/FaaSLight-Re/Original_app/app3-dynamic/numpy/core/overrides.py=array_function_dispatch=128
/home/jiangt/FaaSLight-Re/Original_app/app3-dynamic/numpy/core/overrides.py=array_function_dispatch=decorator=170
/home/jiangt/FaaSLight-Re/Original_app/app3-dynamic/numpy/core/overrides.py=verify_matching_signatures=88
/home/jiangt/FaaSLight-Re/Original_app/app3-dynamic/numpy/compat/_inspect.py=getargspec=96
/home/jiangt/FaaSLight-Re/Original_app/app3-dynamic/numpy/compat/_inspect.py=ismethod=13
/home/jiangt/FaaSLight-Re/Original_app/app3-dynamic/numpy/compat/_inspect.py=isfunction=26
/home/jiangt/FaaSLight-Re/Original_app/app3-dynamic/numpy/compat/_inspect.py=getargs=65
/home/jiangt/FaaSLight-Re/Original_app/app3-dynamic/numpy/compat/_inspect.py=iscode=41
/home/jiangt/FaaSLight-Re/Original_app/app3-dynamic/numpy/compat/_inspect.py=getargspec=96
/home/jiangt/FaaSLight-Re/Original_app/app3-dynamic/numpy/compat/_inspect.py=ismethod=13
/home/jiangt/FaaSLight-Re/Original_app/app3-dynamic/numpy/compat/_inspect.py=isfunction=26
/home/jiangt/FaaSLight-Re/Original_app/app3-dynamic/numpy/compat/_inspect.py=getargs=65
/home/jiangt/FaaSLight-Re/Original_app/app3-dynamic/numpy/compat/_inspect.py=iscode=41
/home/jiangt/FaaSLight-Re/Original_app/app3-dynamic/numpy/core/overrides.py=array_function_dispatch=128
/home/jiangt/FaaSLight-Re/Original_app/app3-dynamic/numpy/core/overrides.py=array_function_dispatch=decorator=170
/home/jiangt/FaaSLight-Re/Original_app/app3-dynamic/numpy/core/overrides.py=verify_matching_signatures=88
/home/jiangt/FaaSLight-Re/Original_app/app3-dynamic/numpy/compat/_inspect.py=getargspec=96
/home/jiangt/FaaSLight-Re/Original_app/app3-dynamic/numpy/compat/_inspect.py=ismethod=13
/home/jiangt/FaaSLight-Re/Original_app/app3-dynamic/numpy/compat/_inspect.py=isfunction=26
/home/jiangt/FaaSLight-Re/Original_app/app3-dynamic/numpy/compat/_inspect.py=getargs=65
/home/jiangt/FaaSLight-Re/Original_app/app3-dynamic/numpy/compat/_inspect.py=iscode=41
/home/jiangt/FaaSLight-Re/Original_app/app3-dynamic/numpy/compat/_inspect.py=getargspec=96
/home/jiangt/FaaSLight-Re/Original_app/app3-dynamic/numpy/compat/_inspect.py=ismethod=13
/home/jiangt/FaaSLight-Re/Original_app/app3-dynamic/numpy/compat/_inspect.py=isfunction=26
/home/jiangt/FaaSLight-Re/Original_app/app3-dynamic/numpy/compat/_inspect.py=getargs=65
/home/jiangt/FaaSLight-Re/Original_app/app3-dynamic/numpy/compat/_inspect.py=iscode=41
/home/jiangt/FaaSLight-Re/Original_app/app3-dynamic/numpy/core/overrides.py=array_function_dispatch=128
/home/jiangt/FaaSLight-Re/Original_app/app3-dynamic/numpy/core/overrides.py=array_function_dispatch=decorator=170
/home/jiangt/FaaSLight-Re/Original_app/app3-dynamic/numpy/core/overrides.py=verify_matching_signatures=88
/home/jiangt/FaaSLight-Re/Original_app/app3-dynamic/numpy/compat/_inspect.py=getargspec=96
/home/jiangt/FaaSLight-Re/Original_app/app3-dynamic/numpy/compat/_inspect.py=ismethod=13
/home/jiangt/FaaSLight-Re/Original_app/app3-dynamic/numpy/compat/_inspect.py=isfunction=26
/home/jiangt/FaaSLight-Re/Original_app/app3-dynamic/numpy/compat/_inspect.py=getargs=65
/home/jiangt/FaaSLight-Re/Original_app/app3-dynamic/numpy/compat/_inspect.py=iscode=41
/home/jiangt/FaaSLight-Re/Original_app/app3-dynamic/numpy/compat/_inspect.py=getargspec=96
/home/jiangt/FaaSLight-Re/Original_app/app3-dynamic/numpy/compat/_inspect.py=ismethod=13
/home/jiangt/FaaSLight-Re/Original_app/app3-dynamic/numpy/compat/_inspect.py=isfunction=26
/home/jiangt/FaaSLight-Re/Original_app/app3-dynamic/numpy/compat/_inspect.py=getargs=65
/home/jiangt/FaaSLight-Re/Original_app/app3-dynamic/numpy/compat/_inspect.py=iscode=41
/home/jiangt/FaaSLight-Re/Original_app/app3-dynamic/numpy/core/overrides.py=array_function_dispatch=128
/home/jiangt/FaaSLight-Re/Original_app/app3-dynamic/numpy/core/overrides.py=array_function_dispatch=decorator=170
/home/jiangt/FaaSLight-Re/Original_app/app3-dynamic/numpy/core/overrides.py=verify_matching_signatures=88
/home/jiangt/FaaSLight-Re/Original_app/app3-dynamic/numpy/compat/_inspect.py=getargspec=96
/home/jiangt/FaaSLight-Re/Original_app/app3-dynamic/numpy/compat/_inspect.py=ismethod=13
/home/jiangt/FaaSLight-Re/Original_app/app3-dynamic/numpy/compat/_inspect.py=isfunction=26
/home/jiangt/FaaSLight-Re/Original_app/app3-dynamic/numpy/compat/_inspect.py=getargs=65
/home/jiangt/FaaSLight-Re/Original_app/app3-dynamic/numpy/compat/_inspect.py=iscode=41
/home/jiangt/FaaSLight-Re/Original_app/app3-dynamic/numpy/compat/_inspect.py=getargspec=96
/home/jiangt/FaaSLight-Re/Original_app/app3-dynamic/numpy/compat/_inspect.py=ismethod=13
/home/jiangt/FaaSLight-Re/Original_app/app3-dynamic/numpy/compat/_inspect.py=isfunction=26
/home/jiangt/FaaSLight-Re/Original_app/app3-dynamic/numpy/compat/_inspect.py=getargs=65
/home/jiangt/FaaSLight-Re/Original_app/app3-dynamic/numpy/compat/_inspect.py=iscode=41
/home/jiangt/FaaSLight-Re/Original_app/app3-dynamic/numpy/core/overrides.py=array_function_dispatch=128
/home/jiangt/FaaSLight-Re/Original_app/app3-dynamic/numpy/core/overrides.py=array_function_dispatch=decorator=170
/home/jiangt/FaaSLight-Re/Original_app/app3-dynamic/numpy/core/overrides.py=verify_matching_signatures=88
/home/jiangt/FaaSLight-Re/Original_app/app3-dynamic/numpy/compat/_inspect.py=getargspec=96
/home/jiangt/FaaSLight-Re/Original_app/app3-dynamic/numpy/compat/_inspect.py=ismethod=13
/home/jiangt/FaaSLight-Re/Original_app/app3-dynamic/numpy/compat/_inspect.py=isfunction=26
/home/jiangt/FaaSLight-Re/Original_app/app3-dynamic/numpy/compat/_inspect.py=getargs=65
/home/jiangt/FaaSLight-Re/Original_app/app3-dynamic/numpy/compat/_inspect.py=iscode=41
/home/jiangt/FaaSLight-Re/Original_app/app3-dynamic/numpy/compat/_inspect.py=getargspec=96
/home/jiangt/FaaSLight-Re/Original_app/app3-dynamic/numpy/compat/_inspect.py=ismethod=13
/home/jiangt/FaaSLight-Re/Original_app/app3-dynamic/numpy/compat/_inspect.py=isfunction=26
/home/jiangt/FaaSLight-Re/Original_app/app3-dynamic/numpy/compat/_inspect.py=getargs=65
/home/jiangt/FaaSLight-Re/Original_app/app3-dynamic/numpy/compat/_inspect.py=iscode=41
/home/jiangt/FaaSLight-Re/Original_app/app3-dynamic/numpy/core/overrides.py=array_function_dispatch=128
/home/jiangt/FaaSLight-Re/Original_app/app3-dynamic/numpy/core/overrides.py=array_function_dispatch=decorator=170
/home/jiangt/FaaSLight-Re/Original_app/app3-dynamic/numpy/core/overrides.py=verify_matching_signatures=88
/home/jiangt/FaaSLight-Re/Original_app/app3-dynamic/numpy/compat/_inspect.py=getargspec=96
/home/jiangt/FaaSLight-Re/Original_app/app3-dynamic/numpy/compat/_inspect.py=ismethod=13
/home/jiangt/FaaSLight-Re/Original_app/app3-dynamic/numpy/compat/_inspect.py=isfunction=26
/home/jiangt/FaaSLight-Re/Original_app/app3-dynamic/numpy/compat/_inspect.py=getargs=65
/home/jiangt/FaaSLight-Re/Original_app/app3-dynamic/numpy/compat/_inspect.py=iscode=41
/home/jiangt/FaaSLight-Re/Original_app/app3-dynamic/numpy/compat/_inspect.py=getargspec=96
/home/jiangt/FaaSLight-Re/Original_app/app3-dynamic/numpy/compat/_inspect.py=ismethod=13
/home/jiangt/FaaSLight-Re/Original_app/app3-dynamic/numpy/compat/_inspect.py=isfunction=26
/home/jiangt/FaaSLight-Re/Original_app/app3-dynamic/numpy/compat/_inspect.py=getargs=65
/home/jiangt/FaaSLight-Re/Original_app/app3-dynamic/numpy/compat/_inspect.py=iscode=41
/home/jiangt/FaaSLight-Re/Original_app/app3-dynamic/numpy/core/overrides.py=array_function_dispatch=128
/home/jiangt/FaaSLight-Re/Original_app/app3-dynamic/numpy/core/overrides.py=array_function_dispatch=decorator=170
/home/jiangt/FaaSLight-Re/Original_app/app3-dynamic/numpy/core/overrides.py=verify_matching_signatures=88
/home/jiangt/FaaSLight-Re/Original_app/app3-dynamic/numpy/compat/_inspect.py=getargspec=96
/home/jiangt/FaaSLight-Re/Original_app/app3-dynamic/numpy/compat/_inspect.py=ismethod=13
/home/jiangt/FaaSLight-Re/Original_app/app3-dynamic/numpy/compat/_inspect.py=isfunction=26
/home/jiangt/FaaSLight-Re/Original_app/app3-dynamic/numpy/compat/_inspect.py=getargs=65
/home/jiangt/FaaSLight-Re/Original_app/app3-dynamic/numpy/compat/_inspect.py=iscode=41
/home/jiangt/FaaSLight-Re/Original_app/app3-dynamic/numpy/compat/_inspect.py=getargspec=96
/home/jiangt/FaaSLight-Re/Original_app/app3-dynamic/numpy/compat/_inspect.py=ismethod=13
/home/jiangt/FaaSLight-Re/Original_app/app3-dynamic/numpy/compat/_inspect.py=isfunction=26
/home/jiangt/FaaSLight-Re/Original_app/app3-dynamic/numpy/compat/_inspect.py=getargs=65
/home/jiangt/FaaSLight-Re/Original_app/app3-dynamic/numpy/compat/_inspect.py=iscode=41
/home/jiangt/FaaSLight-Re/Original_app/app3-dynamic/numpy/core/overrides.py=array_function_dispatch=128
/home/jiangt/FaaSLight-Re/Original_app/app3-dynamic/numpy/core/overrides.py=array_function_dispatch=decorator=170
/home/jiangt/FaaSLight-Re/Original_app/app3-dynamic/numpy/core/overrides.py=verify_matching_signatures=88
/home/jiangt/FaaSLight-Re/Original_app/app3-dynamic/numpy/compat/_inspect.py=getargspec=96
/home/jiangt/FaaSLight-Re/Original_app/app3-dynamic/numpy/compat/_inspect.py=ismethod=13
/home/jiangt/FaaSLight-Re/Original_app/app3-dynamic/numpy/compat/_inspect.py=isfunction=26
/home/jiangt/FaaSLight-Re/Original_app/app3-dynamic/numpy/compat/_inspect.py=getargs=65
/home/jiangt/FaaSLight-Re/Original_app/app3-dynamic/numpy/compat/_inspect.py=iscode=41
/home/jiangt/FaaSLight-Re/Original_app/app3-dynamic/numpy/compat/_inspect.py=getargspec=96
/home/jiangt/FaaSLight-Re/Original_app/app3-dynamic/numpy/compat/_inspect.py=ismethod=13
/home/jiangt/FaaSLight-Re/Original_app/app3-dynamic/numpy/compat/_inspect.py=isfunction=26
/home/jiangt/FaaSLight-Re/Original_app/app3-dynamic/numpy/compat/_inspect.py=getargs=65
/home/jiangt/FaaSLight-Re/Original_app/app3-dynamic/numpy/compat/_inspect.py=iscode=41
/home/jiangt/FaaSLight-Re/Original_app/app3-dynamic/numpy/core/overrides.py=array_function_dispatch=128
/home/jiangt/FaaSLight-Re/Original_app/app3-dynamic/numpy/core/overrides.py=array_function_dispatch=decorator=170
/home/jiangt/FaaSLight-Re/Original_app/app3-dynamic/numpy/core/overrides.py=verify_matching_signatures=88
/home/jiangt/FaaSLight-Re/Original_app/app3-dynamic/numpy/compat/_inspect.py=getargspec=96
/home/jiangt/FaaSLight-Re/Original_app/app3-dynamic/numpy/compat/_inspect.py=ismethod=13
/home/jiangt/FaaSLight-Re/Original_app/app3-dynamic/numpy/compat/_inspect.py=isfunction=26
/home/jiangt/FaaSLight-Re/Original_app/app3-dynamic/numpy/compat/_inspect.py=getargs=65
/home/jiangt/FaaSLight-Re/Original_app/app3-dynamic/numpy/compat/_inspect.py=iscode=41
/home/jiangt/FaaSLight-Re/Original_app/app3-dynamic/numpy/compat/_inspect.py=getargspec=96
/home/jiangt/FaaSLight-Re/Original_app/app3-dynamic/numpy/compat/_inspect.py=ismethod=13
/home/jiangt/FaaSLight-Re/Original_app/app3-dynamic/numpy/compat/_inspect.py=isfunction=26
/home/jiangt/FaaSLight-Re/Original_app/app3-dynamic/numpy/compat/_inspect.py=getargs=65
/home/jiangt/FaaSLight-Re/Original_app/app3-dynamic/numpy/compat/_inspect.py=iscode=41
/home/jiangt/FaaSLight-Re/Original_app/app3-dynamic/numpy/core/overrides.py=array_function_dispatch=128
/home/jiangt/FaaSLight-Re/Original_app/app3-dynamic/numpy/core/overrides.py=array_function_dispatch=decorator=170
/home/jiangt/FaaSLight-Re/Original_app/app3-dynamic/numpy/core/overrides.py=verify_matching_signatures=88
/home/jiangt/FaaSLight-Re/Original_app/app3-dynamic/numpy/compat/_inspect.py=getargspec=96
/home/jiangt/FaaSLight-Re/Original_app/app3-dynamic/numpy/compat/_inspect.py=ismethod=13
/home/jiangt/FaaSLight-Re/Original_app/app3-dynamic/numpy/compat/_inspect.py=isfunction=26
/home/jiangt/FaaSLight-Re/Original_app/app3-dynamic/numpy/compat/_inspect.py=getargs=65
/home/jiangt/FaaSLight-Re/Original_app/app3-dynamic/numpy/compat/_inspect.py=iscode=41
/home/jiangt/FaaSLight-Re/Original_app/app3-dynamic/numpy/compat/_inspect.py=getargspec=96
/home/jiangt/FaaSLight-Re/Original_app/app3-dynamic/numpy/compat/_inspect.py=ismethod=13
/home/jiangt/FaaSLight-Re/Original_app/app3-dynamic/numpy/compat/_inspect.py=isfunction=26
/home/jiangt/FaaSLight-Re/Original_app/app3-dynamic/numpy/compat/_inspect.py=getargs=65
/home/jiangt/FaaSLight-Re/Original_app/app3-dynamic/numpy/compat/_inspect.py=iscode=41
/home/jiangt/FaaSLight-Re/Original_app/app3-dynamic/numpy/core/overrides.py=array_function_dispatch=128
/home/jiangt/FaaSLight-Re/Original_app/app3-dynamic/numpy/core/overrides.py=array_function_dispatch=decorator=170
/home/jiangt/FaaSLight-Re/Original_app/app3-dynamic/numpy/core/overrides.py=verify_matching_signatures=88
/home/jiangt/FaaSLight-Re/Original_app/app3-dynamic/numpy/compat/_inspect.py=getargspec=96
/home/jiangt/FaaSLight-Re/Original_app/app3-dynamic/numpy/compat/_inspect.py=ismethod=13
/home/jiangt/FaaSLight-Re/Original_app/app3-dynamic/numpy/compat/_inspect.py=isfunction=26
/home/jiangt/FaaSLight-Re/Original_app/app3-dynamic/numpy/compat/_inspect.py=getargs=65
/home/jiangt/FaaSLight-Re/Original_app/app3-dynamic/numpy/compat/_inspect.py=iscode=41
/home/jiangt/FaaSLight-Re/Original_app/app3-dynamic/numpy/compat/_inspect.py=getargspec=96
/home/jiangt/FaaSLight-Re/Original_app/app3-dynamic/numpy/compat/_inspect.py=ismethod=13
/home/jiangt/FaaSLight-Re/Original_app/app3-dynamic/numpy/compat/_inspect.py=isfunction=26
/home/jiangt/FaaSLight-Re/Original_app/app3-dynamic/numpy/compat/_inspect.py=getargs=65
/home/jiangt/FaaSLight-Re/Original_app/app3-dynamic/numpy/compat/_inspect.py=iscode=41
/home/jiangt/FaaSLight-Re/Original_app/app3-dynamic/numpy/core/overrides.py=array_function_dispatch=128
/home/jiangt/FaaSLight-Re/Original_app/app3-dynamic/numpy/core/overrides.py=array_function_dispatch=decorator=170
/home/jiangt/FaaSLight-Re/Original_app/app3-dynamic/numpy/core/overrides.py=verify_matching_signatures=88
/home/jiangt/FaaSLight-Re/Original_app/app3-dynamic/numpy/compat/_inspect.py=getargspec=96
/home/jiangt/FaaSLight-Re/Original_app/app3-dynamic/numpy/compat/_inspect.py=ismethod=13
/home/jiangt/FaaSLight-Re/Original_app/app3-dynamic/numpy/compat/_inspect.py=isfunction=26
/home/jiangt/FaaSLight-Re/Original_app/app3-dynamic/numpy/compat/_inspect.py=getargs=65
/home/jiangt/FaaSLight-Re/Original_app/app3-dynamic/numpy/compat/_inspect.py=iscode=41
/home/jiangt/FaaSLight-Re/Original_app/app3-dynamic/numpy/compat/_inspect.py=getargspec=96
/home/jiangt/FaaSLight-Re/Original_app/app3-dynamic/numpy/compat/_inspect.py=ismethod=13
/home/jiangt/FaaSLight-Re/Original_app/app3-dynamic/numpy/compat/_inspect.py=isfunction=26
/home/jiangt/FaaSLight-Re/Original_app/app3-dynamic/numpy/compat/_inspect.py=getargs=65
/home/jiangt/FaaSLight-Re/Original_app/app3-dynamic/numpy/compat/_inspect.py=iscode=41
/home/jiangt/FaaSLight-Re/Original_app/app3-dynamic/numpy/core/overrides.py=array_function_dispatch=128
/home/jiangt/FaaSLight-Re/Original_app/app3-dynamic/numpy/core/overrides.py=array_function_dispatch=decorator=170
/home/jiangt/FaaSLight-Re/Original_app/app3-dynamic/numpy/core/overrides.py=verify_matching_signatures=88
/home/jiangt/FaaSLight-Re/Original_app/app3-dynamic/numpy/compat/_inspect.py=getargspec=96
/home/jiangt/FaaSLight-Re/Original_app/app3-dynamic/numpy/compat/_inspect.py=ismethod=13
/home/jiangt/FaaSLight-Re/Original_app/app3-dynamic/numpy/compat/_inspect.py=isfunction=26
/home/jiangt/FaaSLight-Re/Original_app/app3-dynamic/numpy/compat/_inspect.py=getargs=65
/home/jiangt/FaaSLight-Re/Original_app/app3-dynamic/numpy/compat/_inspect.py=iscode=41
/home/jiangt/FaaSLight-Re/Original_app/app3-dynamic/numpy/compat/_inspect.py=getargspec=96
/home/jiangt/FaaSLight-Re/Original_app/app3-dynamic/numpy/compat/_inspect.py=ismethod=13
/home/jiangt/FaaSLight-Re/Original_app/app3-dynamic/numpy/compat/_inspect.py=isfunction=26
/home/jiangt/FaaSLight-Re/Original_app/app3-dynamic/numpy/compat/_inspect.py=getargs=65
/home/jiangt/FaaSLight-Re/Original_app/app3-dynamic/numpy/compat/_inspect.py=iscode=41
/home/jiangt/FaaSLight-Re/Original_app/app3-dynamic/numpy/core/overrides.py=array_function_dispatch=128
/home/jiangt/FaaSLight-Re/Original_app/app3-dynamic/numpy/core/overrides.py=array_function_dispatch=decorator=170
/home/jiangt/FaaSLight-Re/Original_app/app3-dynamic/numpy/core/overrides.py=verify_matching_signatures=88
/home/jiangt/FaaSLight-Re/Original_app/app3-dynamic/numpy/compat/_inspect.py=getargspec=96
/home/jiangt/FaaSLight-Re/Original_app/app3-dynamic/numpy/compat/_inspect.py=ismethod=13
/home/jiangt/FaaSLight-Re/Original_app/app3-dynamic/numpy/compat/_inspect.py=isfunction=26
/home/jiangt/FaaSLight-Re/Original_app/app3-dynamic/numpy/compat/_inspect.py=getargs=65
/home/jiangt/FaaSLight-Re/Original_app/app3-dynamic/numpy/compat/_inspect.py=iscode=41
/home/jiangt/FaaSLight-Re/Original_app/app3-dynamic/numpy/compat/_inspect.py=getargspec=96
/home/jiangt/FaaSLight-Re/Original_app/app3-dynamic/numpy/compat/_inspect.py=ismethod=13
/home/jiangt/FaaSLight-Re/Original_app/app3-dynamic/numpy/compat/_inspect.py=isfunction=26
/home/jiangt/FaaSLight-Re/Original_app/app3-dynamic/numpy/compat/_inspect.py=getargs=65
/home/jiangt/FaaSLight-Re/Original_app/app3-dynamic/numpy/compat/_inspect.py=iscode=41
/home/jiangt/FaaSLight-Re/Original_app/app3-dynamic/numpy/core/overrides.py=array_function_dispatch=128
/home/jiangt/FaaSLight-Re/Original_app/app3-dynamic/numpy/core/overrides.py=array_function_dispatch=decorator=170
/home/jiangt/FaaSLight-Re/Original_app/app3-dynamic/numpy/core/overrides.py=verify_matching_signatures=88
/home/jiangt/FaaSLight-Re/Original_app/app3-dynamic/numpy/compat/_inspect.py=getargspec=96
/home/jiangt/FaaSLight-Re/Original_app/app3-dynamic/numpy/compat/_inspect.py=ismethod=13
/home/jiangt/FaaSLight-Re/Original_app/app3-dynamic/numpy/compat/_inspect.py=isfunction=26
/home/jiangt/FaaSLight-Re/Original_app/app3-dynamic/numpy/compat/_inspect.py=getargs=65
/home/jiangt/FaaSLight-Re/Original_app/app3-dynamic/numpy/compat/_inspect.py=iscode=41
/home/jiangt/FaaSLight-Re/Original_app/app3-dynamic/numpy/compat/_inspect.py=getargspec=96
/home/jiangt/FaaSLight-Re/Original_app/app3-dynamic/numpy/compat/_inspect.py=ismethod=13
/home/jiangt/FaaSLight-Re/Original_app/app3-dynamic/numpy/compat/_inspect.py=isfunction=26
/home/jiangt/FaaSLight-Re/Original_app/app3-dynamic/numpy/compat/_inspect.py=getargs=65
/home/jiangt/FaaSLight-Re/Original_app/app3-dynamic/numpy/compat/_inspect.py=iscode=41
/home/jiangt/FaaSLight-Re/Original_app/app3-dynamic/numpy/core/overrides.py=array_function_dispatch=128
/home/jiangt/FaaSLight-Re/Original_app/app3-dynamic/numpy/core/overrides.py=array_function_dispatch=decorator=170
/home/jiangt/FaaSLight-Re/Original_app/app3-dynamic/numpy/core/overrides.py=verify_matching_signatures=88
/home/jiangt/FaaSLight-Re/Original_app/app3-dynamic/numpy/compat/_inspect.py=getargspec=96
/home/jiangt/FaaSLight-Re/Original_app/app3-dynamic/numpy/compat/_inspect.py=ismethod=13
/home/jiangt/FaaSLight-Re/Original_app/app3-dynamic/numpy/compat/_inspect.py=isfunction=26
/home/jiangt/FaaSLight-Re/Original_app/app3-dynamic/numpy/compat/_inspect.py=getargs=65
/home/jiangt/FaaSLight-Re/Original_app/app3-dynamic/numpy/compat/_inspect.py=iscode=41
/home/jiangt/FaaSLight-Re/Original_app/app3-dynamic/numpy/compat/_inspect.py=getargspec=96
/home/jiangt/FaaSLight-Re/Original_app/app3-dynamic/numpy/compat/_inspect.py=ismethod=13
/home/jiangt/FaaSLight-Re/Original_app/app3-dynamic/numpy/compat/_inspect.py=isfunction=26
/home/jiangt/FaaSLight-Re/Original_app/app3-dynamic/numpy/compat/_inspect.py=getargs=65
/home/jiangt/FaaSLight-Re/Original_app/app3-dynamic/numpy/compat/_inspect.py=iscode=41
/home/jiangt/FaaSLight-Re/Original_app/app3-dynamic/numpy/core/overrides.py=array_function_dispatch=128
/home/jiangt/FaaSLight-Re/Original_app/app3-dynamic/numpy/core/overrides.py=array_function_dispatch=decorator=170
/home/jiangt/FaaSLight-Re/Original_app/app3-dynamic/numpy/core/overrides.py=verify_matching_signatures=88
/home/jiangt/FaaSLight-Re/Original_app/app3-dynamic/numpy/compat/_inspect.py=getargspec=96
/home/jiangt/FaaSLight-Re/Original_app/app3-dynamic/numpy/compat/_inspect.py=ismethod=13
/home/jiangt/FaaSLight-Re/Original_app/app3-dynamic/numpy/compat/_inspect.py=isfunction=26
/home/jiangt/FaaSLight-Re/Original_app/app3-dynamic/numpy/compat/_inspect.py=getargs=65
/home/jiangt/FaaSLight-Re/Original_app/app3-dynamic/numpy/compat/_inspect.py=iscode=41
/home/jiangt/FaaSLight-Re/Original_app/app3-dynamic/numpy/compat/_inspect.py=getargspec=96
/home/jiangt/FaaSLight-Re/Original_app/app3-dynamic/numpy/compat/_inspect.py=ismethod=13
/home/jiangt/FaaSLight-Re/Original_app/app3-dynamic/numpy/compat/_inspect.py=isfunction=26
/home/jiangt/FaaSLight-Re/Original_app/app3-dynamic/numpy/compat/_inspect.py=getargs=65
/home/jiangt/FaaSLight-Re/Original_app/app3-dynamic/numpy/compat/_inspect.py=iscode=41
/home/jiangt/FaaSLight-Re/Original_app/app3-dynamic/numpy/core/overrides.py=array_function_dispatch=128
/home/jiangt/FaaSLight-Re/Original_app/app3-dynamic/numpy/core/overrides.py=array_function_dispatch=decorator=170
/home/jiangt/FaaSLight-Re/Original_app/app3-dynamic/numpy/core/overrides.py=verify_matching_signatures=88
/home/jiangt/FaaSLight-Re/Original_app/app3-dynamic/numpy/compat/_inspect.py=getargspec=96
/home/jiangt/FaaSLight-Re/Original_app/app3-dynamic/numpy/compat/_inspect.py=ismethod=13
/home/jiangt/FaaSLight-Re/Original_app/app3-dynamic/numpy/compat/_inspect.py=isfunction=26
/home/jiangt/FaaSLight-Re/Original_app/app3-dynamic/numpy/compat/_inspect.py=getargs=65
/home/jiangt/FaaSLight-Re/Original_app/app3-dynamic/numpy/compat/_inspect.py=iscode=41
/home/jiangt/FaaSLight-Re/Original_app/app3-dynamic/numpy/compat/_inspect.py=getargspec=96
/home/jiangt/FaaSLight-Re/Original_app/app3-dynamic/numpy/compat/_inspect.py=ismethod=13
/home/jiangt/FaaSLight-Re/Original_app/app3-dynamic/numpy/compat/_inspect.py=isfunction=26
/home/jiangt/FaaSLight-Re/Original_app/app3-dynamic/numpy/compat/_inspect.py=getargs=65
/home/jiangt/FaaSLight-Re/Original_app/app3-dynamic/numpy/compat/_inspect.py=iscode=41
/home/jiangt/FaaSLight-Re/Original_app/app3-dynamic/numpy/core/overrides.py=array_function_dispatch=128
/home/jiangt/FaaSLight-Re/Original_app/app3-dynamic/numpy/core/overrides.py=array_function_dispatch=decorator=170
/home/jiangt/FaaSLight-Re/Original_app/app3-dynamic/numpy/core/overrides.py=verify_matching_signatures=88
/home/jiangt/FaaSLight-Re/Original_app/app3-dynamic/numpy/compat/_inspect.py=getargspec=96
/home/jiangt/FaaSLight-Re/Original_app/app3-dynamic/numpy/compat/_inspect.py=ismethod=13
/home/jiangt/FaaSLight-Re/Original_app/app3-dynamic/numpy/compat/_inspect.py=isfunction=26
/home/jiangt/FaaSLight-Re/Original_app/app3-dynamic/numpy/compat/_inspect.py=getargs=65
/home/jiangt/FaaSLight-Re/Original_app/app3-dynamic/numpy/compat/_inspect.py=iscode=41
/home/jiangt/FaaSLight-Re/Original_app/app3-dynamic/numpy/compat/_inspect.py=getargspec=96
/home/jiangt/FaaSLight-Re/Original_app/app3-dynamic/numpy/compat/_inspect.py=ismethod=13
/home/jiangt/FaaSLight-Re/Original_app/app3-dynamic/numpy/compat/_inspect.py=isfunction=26
/home/jiangt/FaaSLight-Re/Original_app/app3-dynamic/numpy/compat/_inspect.py=getargs=65
/home/jiangt/FaaSLight-Re/Original_app/app3-dynamic/numpy/compat/_inspect.py=iscode=41
/home/jiangt/FaaSLight-Re/Original_app/app3-dynamic/numpy/core/overrides.py=array_function_dispatch=128
/home/jiangt/FaaSLight-Re/Original_app/app3-dynamic/numpy/core/overrides.py=array_function_dispatch=decorator=170
/home/jiangt/FaaSLight-Re/Original_app/app3-dynamic/numpy/core/overrides.py=verify_matching_signatures=88
/home/jiangt/FaaSLight-Re/Original_app/app3-dynamic/numpy/compat/_inspect.py=getargspec=96
/home/jiangt/FaaSLight-Re/Original_app/app3-dynamic/numpy/compat/_inspect.py=ismethod=13
/home/jiangt/FaaSLight-Re/Original_app/app3-dynamic/numpy/compat/_inspect.py=isfunction=26
/home/jiangt/FaaSLight-Re/Original_app/app3-dynamic/numpy/compat/_inspect.py=getargs=65
/home/jiangt/FaaSLight-Re/Original_app/app3-dynamic/numpy/compat/_inspect.py=iscode=41
/home/jiangt/FaaSLight-Re/Original_app/app3-dynamic/numpy/compat/_inspect.py=getargspec=96
/home/jiangt/FaaSLight-Re/Original_app/app3-dynamic/numpy/compat/_inspect.py=ismethod=13
/home/jiangt/FaaSLight-Re/Original_app/app3-dynamic/numpy/compat/_inspect.py=isfunction=26
/home/jiangt/FaaSLight-Re/Original_app/app3-dynamic/numpy/compat/_inspect.py=getargs=65
/home/jiangt/FaaSLight-Re/Original_app/app3-dynamic/numpy/compat/_inspect.py=iscode=41
/home/jiangt/FaaSLight-Re/Original_app/app3-dynamic/numpy/core/overrides.py=array_function_dispatch=128
/home/jiangt/FaaSLight-Re/Original_app/app3-dynamic/numpy/core/overrides.py=array_function_dispatch=decorator=170
/home/jiangt/FaaSLight-Re/Original_app/app3-dynamic/numpy/core/overrides.py=verify_matching_signatures=88
/home/jiangt/FaaSLight-Re/Original_app/app3-dynamic/numpy/compat/_inspect.py=getargspec=96
/home/jiangt/FaaSLight-Re/Original_app/app3-dynamic/numpy/compat/_inspect.py=ismethod=13
/home/jiangt/FaaSLight-Re/Original_app/app3-dynamic/numpy/compat/_inspect.py=isfunction=26
/home/jiangt/FaaSLight-Re/Original_app/app3-dynamic/numpy/compat/_inspect.py=getargs=65
/home/jiangt/FaaSLight-Re/Original_app/app3-dynamic/numpy/compat/_inspect.py=iscode=41
/home/jiangt/FaaSLight-Re/Original_app/app3-dynamic/numpy/compat/_inspect.py=getargspec=96
/home/jiangt/FaaSLight-Re/Original_app/app3-dynamic/numpy/compat/_inspect.py=ismethod=13
/home/jiangt/FaaSLight-Re/Original_app/app3-dynamic/numpy/compat/_inspect.py=isfunction=26
/home/jiangt/FaaSLight-Re/Original_app/app3-dynamic/numpy/compat/_inspect.py=getargs=65
/home/jiangt/FaaSLight-Re/Original_app/app3-dynamic/numpy/compat/_inspect.py=iscode=41
/home/jiangt/FaaSLight-Re/Original_app/app3-dynamic/numpy/core/overrides.py=array_function_dispatch=128
/home/jiangt/FaaSLight-Re/Original_app/app3-dynamic/numpy/core/overrides.py=array_function_dispatch=decorator=170
/home/jiangt/FaaSLight-Re/Original_app/app3-dynamic/numpy/core/overrides.py=verify_matching_signatures=88
/home/jiangt/FaaSLight-Re/Original_app/app3-dynamic/numpy/compat/_inspect.py=getargspec=96
/home/jiangt/FaaSLight-Re/Original_app/app3-dynamic/numpy/compat/_inspect.py=ismethod=13
/home/jiangt/FaaSLight-Re/Original_app/app3-dynamic/numpy/compat/_inspect.py=isfunction=26
/home/jiangt/FaaSLight-Re/Original_app/app3-dynamic/numpy/compat/_inspect.py=getargs=65
/home/jiangt/FaaSLight-Re/Original_app/app3-dynamic/numpy/compat/_inspect.py=iscode=41
/home/jiangt/FaaSLight-Re/Original_app/app3-dynamic/numpy/compat/_inspect.py=getargspec=96
/home/jiangt/FaaSLight-Re/Original_app/app3-dynamic/numpy/compat/_inspect.py=ismethod=13
/home/jiangt/FaaSLight-Re/Original_app/app3-dynamic/numpy/compat/_inspect.py=isfunction=26
/home/jiangt/FaaSLight-Re/Original_app/app3-dynamic/numpy/compat/_inspect.py=getargs=65
/home/jiangt/FaaSLight-Re/Original_app/app3-dynamic/numpy/compat/_inspect.py=iscode=41
/home/jiangt/FaaSLight-Re/Original_app/app3-dynamic/numpy/core/overrides.py=array_function_dispatch=128
/home/jiangt/FaaSLight-Re/Original_app/app3-dynamic/numpy/core/overrides.py=array_function_dispatch=decorator=170
/home/jiangt/FaaSLight-Re/Original_app/app3-dynamic/numpy/core/overrides.py=verify_matching_signatures=88
/home/jiangt/FaaSLight-Re/Original_app/app3-dynamic/numpy/compat/_inspect.py=getargspec=96
/home/jiangt/FaaSLight-Re/Original_app/app3-dynamic/numpy/compat/_inspect.py=ismethod=13
/home/jiangt/FaaSLight-Re/Original_app/app3-dynamic/numpy/compat/_inspect.py=isfunction=26
/home/jiangt/FaaSLight-Re/Original_app/app3-dynamic/numpy/compat/_inspect.py=getargs=65
/home/jiangt/FaaSLight-Re/Original_app/app3-dynamic/numpy/compat/_inspect.py=iscode=41
/home/jiangt/FaaSLight-Re/Original_app/app3-dynamic/numpy/compat/_inspect.py=getargspec=96
/home/jiangt/FaaSLight-Re/Original_app/app3-dynamic/numpy/compat/_inspect.py=ismethod=13
/home/jiangt/FaaSLight-Re/Original_app/app3-dynamic/numpy/compat/_inspect.py=isfunction=26
/home/jiangt/FaaSLight-Re/Original_app/app3-dynamic/numpy/compat/_inspect.py=getargs=65
/home/jiangt/FaaSLight-Re/Original_app/app3-dynamic/numpy/compat/_inspect.py=iscode=41
/home/jiangt/FaaSLight-Re/Original_app/app3-dynamic/numpy/core/overrides.py=array_function_dispatch=128
/home/jiangt/FaaSLight-Re/Original_app/app3-dynamic/numpy/core/overrides.py=array_function_dispatch=decorator=170
/home/jiangt/FaaSLight-Re/Original_app/app3-dynamic/numpy/core/overrides.py=verify_matching_signatures=88
/home/jiangt/FaaSLight-Re/Original_app/app3-dynamic/numpy/compat/_inspect.py=getargspec=96
/home/jiangt/FaaSLight-Re/Original_app/app3-dynamic/numpy/compat/_inspect.py=ismethod=13
/home/jiangt/FaaSLight-Re/Original_app/app3-dynamic/numpy/compat/_inspect.py=isfunction=26
/home/jiangt/FaaSLight-Re/Original_app/app3-dynamic/numpy/compat/_inspect.py=getargs=65
/home/jiangt/FaaSLight-Re/Original_app/app3-dynamic/numpy/compat/_inspect.py=iscode=41
/home/jiangt/FaaSLight-Re/Original_app/app3-dynamic/numpy/compat/_inspect.py=getargspec=96
/home/jiangt/FaaSLight-Re/Original_app/app3-dynamic/numpy/compat/_inspect.py=ismethod=13
/home/jiangt/FaaSLight-Re/Original_app/app3-dynamic/numpy/compat/_inspect.py=isfunction=26
/home/jiangt/FaaSLight-Re/Original_app/app3-dynamic/numpy/compat/_inspect.py=getargs=65
/home/jiangt/FaaSLight-Re/Original_app/app3-dynamic/numpy/compat/_inspect.py=iscode=41
/home/jiangt/FaaSLight-Re/Original_app/app3-dynamic/numpy/core/overrides.py=array_function_dispatch=128
/home/jiangt/FaaSLight-Re/Original_app/app3-dynamic/numpy/core/overrides.py=array_function_dispatch=decorator=170
/home/jiangt/FaaSLight-Re/Original_app/app3-dynamic/numpy/core/overrides.py=verify_matching_signatures=88
/home/jiangt/FaaSLight-Re/Original_app/app3-dynamic/numpy/compat/_inspect.py=getargspec=96
/home/jiangt/FaaSLight-Re/Original_app/app3-dynamic/numpy/compat/_inspect.py=ismethod=13
/home/jiangt/FaaSLight-Re/Original_app/app3-dynamic/numpy/compat/_inspect.py=isfunction=26
/home/jiangt/FaaSLight-Re/Original_app/app3-dynamic/numpy/compat/_inspect.py=getargs=65
/home/jiangt/FaaSLight-Re/Original_app/app3-dynamic/numpy/compat/_inspect.py=iscode=41
/home/jiangt/FaaSLight-Re/Original_app/app3-dynamic/numpy/compat/_inspect.py=getargspec=96
/home/jiangt/FaaSLight-Re/Original_app/app3-dynamic/numpy/compat/_inspect.py=ismethod=13
/home/jiangt/FaaSLight-Re/Original_app/app3-dynamic/numpy/compat/_inspect.py=isfunction=26
/home/jiangt/FaaSLight-Re/Original_app/app3-dynamic/numpy/compat/_inspect.py=getargs=65
/home/jiangt/FaaSLight-Re/Original_app/app3-dynamic/numpy/compat/_inspect.py=iscode=41
/home/jiangt/FaaSLight-Re/Original_app/app3-dynamic/numpy/core/overrides.py=array_function_dispatch=128
/home/jiangt/FaaSLight-Re/Original_app/app3-dynamic/numpy/core/overrides.py=array_function_dispatch=decorator=170
/home/jiangt/FaaSLight-Re/Original_app/app3-dynamic/numpy/core/overrides.py=verify_matching_signatures=88
/home/jiangt/FaaSLight-Re/Original_app/app3-dynamic/numpy/compat/_inspect.py=getargspec=96
/home/jiangt/FaaSLight-Re/Original_app/app3-dynamic/numpy/compat/_inspect.py=ismethod=13
/home/jiangt/FaaSLight-Re/Original_app/app3-dynamic/numpy/compat/_inspect.py=isfunction=26
/home/jiangt/FaaSLight-Re/Original_app/app3-dynamic/numpy/compat/_inspect.py=getargs=65
/home/jiangt/FaaSLight-Re/Original_app/app3-dynamic/numpy/compat/_inspect.py=iscode=41
/home/jiangt/FaaSLight-Re/Original_app/app3-dynamic/numpy/compat/_inspect.py=getargspec=96
/home/jiangt/FaaSLight-Re/Original_app/app3-dynamic/numpy/compat/_inspect.py=ismethod=13
/home/jiangt/FaaSLight-Re/Original_app/app3-dynamic/numpy/compat/_inspect.py=isfunction=26
/home/jiangt/FaaSLight-Re/Original_app/app3-dynamic/numpy/compat/_inspect.py=getargs=65
/home/jiangt/FaaSLight-Re/Original_app/app3-dynamic/numpy/compat/_inspect.py=iscode=41
/home/jiangt/FaaSLight-Re/Original_app/app3-dynamic/numpy/core/overrides.py=array_function_dispatch=128
/home/jiangt/FaaSLight-Re/Original_app/app3-dynamic/numpy/core/overrides.py=array_function_dispatch=decorator=170
/home/jiangt/FaaSLight-Re/Original_app/app3-dynamic/numpy/core/overrides.py=verify_matching_signatures=88
/home/jiangt/FaaSLight-Re/Original_app/app3-dynamic/numpy/compat/_inspect.py=getargspec=96
/home/jiangt/FaaSLight-Re/Original_app/app3-dynamic/numpy/compat/_inspect.py=ismethod=13
/home/jiangt/FaaSLight-Re/Original_app/app3-dynamic/numpy/compat/_inspect.py=isfunction=26
/home/jiangt/FaaSLight-Re/Original_app/app3-dynamic/numpy/compat/_inspect.py=getargs=65
/home/jiangt/FaaSLight-Re/Original_app/app3-dynamic/numpy/compat/_inspect.py=iscode=41
/home/jiangt/FaaSLight-Re/Original_app/app3-dynamic/numpy/compat/_inspect.py=getargspec=96
/home/jiangt/FaaSLight-Re/Original_app/app3-dynamic/numpy/compat/_inspect.py=ismethod=13
/home/jiangt/FaaSLight-Re/Original_app/app3-dynamic/numpy/compat/_inspect.py=isfunction=26
/home/jiangt/FaaSLight-Re/Original_app/app3-dynamic/numpy/compat/_inspect.py=getargs=65
/home/jiangt/FaaSLight-Re/Original_app/app3-dynamic/numpy/compat/_inspect.py=iscode=41
/home/jiangt/FaaSLight-Re/Original_app/app3-dynamic/numpy/core/overrides.py=array_function_dispatch=128
/home/jiangt/FaaSLight-Re/Original_app/app3-dynamic/numpy/core/overrides.py=array_function_dispatch=decorator=170
/home/jiangt/FaaSLight-Re/Original_app/app3-dynamic/numpy/core/overrides.py=verify_matching_signatures=88
/home/jiangt/FaaSLight-Re/Original_app/app3-dynamic/numpy/compat/_inspect.py=getargspec=96
/home/jiangt/FaaSLight-Re/Original_app/app3-dynamic/numpy/compat/_inspect.py=ismethod=13
/home/jiangt/FaaSLight-Re/Original_app/app3-dynamic/numpy/compat/_inspect.py=isfunction=26
/home/jiangt/FaaSLight-Re/Original_app/app3-dynamic/numpy/compat/_inspect.py=getargs=65
/home/jiangt/FaaSLight-Re/Original_app/app3-dynamic/numpy/compat/_inspect.py=iscode=41
/home/jiangt/FaaSLight-Re/Original_app/app3-dynamic/numpy/compat/_inspect.py=getargspec=96
/home/jiangt/FaaSLight-Re/Original_app/app3-dynamic/numpy/compat/_inspect.py=ismethod=13
/home/jiangt/FaaSLight-Re/Original_app/app3-dynamic/numpy/compat/_inspect.py=isfunction=26
/home/jiangt/FaaSLight-Re/Original_app/app3-dynamic/numpy/compat/_inspect.py=getargs=65
/home/jiangt/FaaSLight-Re/Original_app/app3-dynamic/numpy/compat/_inspect.py=iscode=41
/home/jiangt/FaaSLight-Re/Original_app/app3-dynamic/numpy/core/overrides.py=array_function_dispatch=128
/home/jiangt/FaaSLight-Re/Original_app/app3-dynamic/numpy/core/overrides.py=array_function_dispatch=decorator=170
/home/jiangt/FaaSLight-Re/Original_app/app3-dynamic/numpy/core/overrides.py=verify_matching_signatures=88
/home/jiangt/FaaSLight-Re/Original_app/app3-dynamic/numpy/compat/_inspect.py=getargspec=96
/home/jiangt/FaaSLight-Re/Original_app/app3-dynamic/numpy/compat/_inspect.py=ismethod=13
/home/jiangt/FaaSLight-Re/Original_app/app3-dynamic/numpy/compat/_inspect.py=isfunction=26
/home/jiangt/FaaSLight-Re/Original_app/app3-dynamic/numpy/compat/_inspect.py=getargs=65
/home/jiangt/FaaSLight-Re/Original_app/app3-dynamic/numpy/compat/_inspect.py=iscode=41
/home/jiangt/FaaSLight-Re/Original_app/app3-dynamic/numpy/compat/_inspect.py=getargspec=96
/home/jiangt/FaaSLight-Re/Original_app/app3-dynamic/numpy/compat/_inspect.py=ismethod=13
/home/jiangt/FaaSLight-Re/Original_app/app3-dynamic/numpy/compat/_inspect.py=isfunction=26
/home/jiangt/FaaSLight-Re/Original_app/app3-dynamic/numpy/compat/_inspect.py=getargs=65
/home/jiangt/FaaSLight-Re/Original_app/app3-dynamic/numpy/compat/_inspect.py=iscode=41
/home/jiangt/FaaSLight-Re/Original_app/app3-dynamic/numpy/core/overrides.py=array_function_dispatch=128
/home/jiangt/FaaSLight-Re/Original_app/app3-dynamic/numpy/core/overrides.py=array_function_dispatch=decorator=170
/home/jiangt/FaaSLight-Re/Original_app/app3-dynamic/numpy/core/overrides.py=verify_matching_signatures=88
/home/jiangt/FaaSLight-Re/Original_app/app3-dynamic/numpy/compat/_inspect.py=getargspec=96
/home/jiangt/FaaSLight-Re/Original_app/app3-dynamic/numpy/compat/_inspect.py=ismethod=13
/home/jiangt/FaaSLight-Re/Original_app/app3-dynamic/numpy/compat/_inspect.py=isfunction=26
/home/jiangt/FaaSLight-Re/Original_app/app3-dynamic/numpy/compat/_inspect.py=getargs=65
/home/jiangt/FaaSLight-Re/Original_app/app3-dynamic/numpy/compat/_inspect.py=iscode=41
/home/jiangt/FaaSLight-Re/Original_app/app3-dynamic/numpy/compat/_inspect.py=getargspec=96
/home/jiangt/FaaSLight-Re/Original_app/app3-dynamic/numpy/compat/_inspect.py=ismethod=13
/home/jiangt/FaaSLight-Re/Original_app/app3-dynamic/numpy/compat/_inspect.py=isfunction=26
/home/jiangt/FaaSLight-Re/Original_app/app3-dynamic/numpy/compat/_inspect.py=getargs=65
/home/jiangt/FaaSLight-Re/Original_app/app3-dynamic/numpy/compat/_inspect.py=iscode=41
/home/jiangt/FaaSLight-Re/Original_app/app3-dynamic/numpy/core/overrides.py=array_function_dispatch=128
/home/jiangt/FaaSLight-Re/Original_app/app3-dynamic/numpy/core/overrides.py=array_function_dispatch=decorator=170
/home/jiangt/FaaSLight-Re/Original_app/app3-dynamic/numpy/core/overrides.py=verify_matching_signatures=88
/home/jiangt/FaaSLight-Re/Original_app/app3-dynamic/numpy/compat/_inspect.py=getargspec=96
/home/jiangt/FaaSLight-Re/Original_app/app3-dynamic/numpy/compat/_inspect.py=ismethod=13
/home/jiangt/FaaSLight-Re/Original_app/app3-dynamic/numpy/compat/_inspect.py=isfunction=26
/home/jiangt/FaaSLight-Re/Original_app/app3-dynamic/numpy/compat/_inspect.py=getargs=65
/home/jiangt/FaaSLight-Re/Original_app/app3-dynamic/numpy/compat/_inspect.py=iscode=41
/home/jiangt/FaaSLight-Re/Original_app/app3-dynamic/numpy/compat/_inspect.py=getargspec=96
/home/jiangt/FaaSLight-Re/Original_app/app3-dynamic/numpy/compat/_inspect.py=ismethod=13
/home/jiangt/FaaSLight-Re/Original_app/app3-dynamic/numpy/compat/_inspect.py=isfunction=26
/home/jiangt/FaaSLight-Re/Original_app/app3-dynamic/numpy/compat/_inspect.py=getargs=65
/home/jiangt/FaaSLight-Re/Original_app/app3-dynamic/numpy/compat/_inspect.py=iscode=41
/home/jiangt/FaaSLight-Re/Original_app/app3-dynamic/numpy/core/overrides.py=array_function_dispatch=128
/home/jiangt/FaaSLight-Re/Original_app/app3-dynamic/numpy/core/overrides.py=array_function_dispatch=decorator=170
/home/jiangt/FaaSLight-Re/Original_app/app3-dynamic/numpy/core/overrides.py=verify_matching_signatures=88
/home/jiangt/FaaSLight-Re/Original_app/app3-dynamic/numpy/compat/_inspect.py=getargspec=96
/home/jiangt/FaaSLight-Re/Original_app/app3-dynamic/numpy/compat/_inspect.py=ismethod=13
/home/jiangt/FaaSLight-Re/Original_app/app3-dynamic/numpy/compat/_inspect.py=isfunction=26
/home/jiangt/FaaSLight-Re/Original_app/app3-dynamic/numpy/compat/_inspect.py=getargs=65
/home/jiangt/FaaSLight-Re/Original_app/app3-dynamic/numpy/compat/_inspect.py=iscode=41
/home/jiangt/FaaSLight-Re/Original_app/app3-dynamic/numpy/compat/_inspect.py=getargspec=96
/home/jiangt/FaaSLight-Re/Original_app/app3-dynamic/numpy/compat/_inspect.py=ismethod=13
/home/jiangt/FaaSLight-Re/Original_app/app3-dynamic/numpy/compat/_inspect.py=isfunction=26
/home/jiangt/FaaSLight-Re/Original_app/app3-dynamic/numpy/compat/_inspect.py=getargs=65
/home/jiangt/FaaSLight-Re/Original_app/app3-dynamic/numpy/compat/_inspect.py=iscode=41
/home/jiangt/FaaSLight-Re/Original_app/app3-dynamic/numpy/core/overrides.py=array_function_dispatch=128
/home/jiangt/FaaSLight-Re/Original_app/app3-dynamic/numpy/core/overrides.py=array_function_dispatch=decorator=170
/home/jiangt/FaaSLight-Re/Original_app/app3-dynamic/numpy/core/overrides.py=verify_matching_signatures=88
/home/jiangt/FaaSLight-Re/Original_app/app3-dynamic/numpy/compat/_inspect.py=getargspec=96
/home/jiangt/FaaSLight-Re/Original_app/app3-dynamic/numpy/compat/_inspect.py=ismethod=13
/home/jiangt/FaaSLight-Re/Original_app/app3-dynamic/numpy/compat/_inspect.py=isfunction=26
/home/jiangt/FaaSLight-Re/Original_app/app3-dynamic/numpy/compat/_inspect.py=getargs=65
/home/jiangt/FaaSLight-Re/Original_app/app3-dynamic/numpy/compat/_inspect.py=iscode=41
/home/jiangt/FaaSLight-Re/Original_app/app3-dynamic/numpy/compat/_inspect.py=getargspec=96
/home/jiangt/FaaSLight-Re/Original_app/app3-dynamic/numpy/compat/_inspect.py=ismethod=13
/home/jiangt/FaaSLight-Re/Original_app/app3-dynamic/numpy/compat/_inspect.py=isfunction=26
/home/jiangt/FaaSLight-Re/Original_app/app3-dynamic/numpy/compat/_inspect.py=getargs=65
/home/jiangt/FaaSLight-Re/Original_app/app3-dynamic/numpy/compat/_inspect.py=iscode=41
/home/jiangt/FaaSLight-Re/Original_app/app3-dynamic/numpy/core/overrides.py=array_function_dispatch=128
/home/jiangt/FaaSLight-Re/Original_app/app3-dynamic/numpy/core/overrides.py=array_function_dispatch=decorator=170
/home/jiangt/FaaSLight-Re/Original_app/app3-dynamic/numpy/core/overrides.py=verify_matching_signatures=88
/home/jiangt/FaaSLight-Re/Original_app/app3-dynamic/numpy/compat/_inspect.py=getargspec=96
/home/jiangt/FaaSLight-Re/Original_app/app3-dynamic/numpy/compat/_inspect.py=ismethod=13
/home/jiangt/FaaSLight-Re/Original_app/app3-dynamic/numpy/compat/_inspect.py=isfunction=26
/home/jiangt/FaaSLight-Re/Original_app/app3-dynamic/numpy/compat/_inspect.py=getargs=65
/home/jiangt/FaaSLight-Re/Original_app/app3-dynamic/numpy/compat/_inspect.py=iscode=41
/home/jiangt/FaaSLight-Re/Original_app/app3-dynamic/numpy/compat/_inspect.py=getargspec=96
/home/jiangt/FaaSLight-Re/Original_app/app3-dynamic/numpy/compat/_inspect.py=ismethod=13
/home/jiangt/FaaSLight-Re/Original_app/app3-dynamic/numpy/compat/_inspect.py=isfunction=26
/home/jiangt/FaaSLight-Re/Original_app/app3-dynamic/numpy/compat/_inspect.py=getargs=65
/home/jiangt/FaaSLight-Re/Original_app/app3-dynamic/numpy/compat/_inspect.py=iscode=41
/home/jiangt/FaaSLight-Re/Original_app/app3-dynamic/numpy/core/overrides.py=set_module=110
/home/jiangt/FaaSLight-Re/Original_app/app3-dynamic/numpy/core/overrides.py=set_module=decorator=121
/home/jiangt/FaaSLight-Re/Original_app/app3-dynamic/numpy/core/overrides.py=set_module=110
/home/jiangt/FaaSLight-Re/Original_app/app3-dynamic/numpy/core/overrides.py=set_module=decorator=121
/home/jiangt/FaaSLight-Re/Original_app/app3-dynamic/numpy/core/overrides.py=set_module=110
/home/jiangt/FaaSLight-Re/Original_app/app3-dynamic/numpy/core/overrides.py=set_module=decorator=121
/home/jiangt/FaaSLight-Re/Original_app/app3-dynamic/numpy/core/overrides.py=set_module=110
/home/jiangt/FaaSLight-Re/Original_app/app3-dynamic/numpy/core/overrides.py=set_module=decorator=121
/home/jiangt/FaaSLight-Re/Original_app/app3-dynamic/numpy/core/overrides.py=set_module=110
/home/jiangt/FaaSLight-Re/Original_app/app3-dynamic/numpy/core/overrides.py=set_module=decorator=121
/home/jiangt/FaaSLight-Re/Original_app/app3-dynamic/numpy/core/overrides.py=set_module=110
/home/jiangt/FaaSLight-Re/Original_app/app3-dynamic/numpy/core/overrides.py=set_module=decorator=121
/home/jiangt/FaaSLight-Re/Original_app/app3-dynamic/numpy/core/overrides.py=set_module=110
/home/jiangt/FaaSLight-Re/Original_app/app3-dynamic/numpy/core/overrides.py=set_module=decorator=121
/home/jiangt/FaaSLight-Re/Original_app/app3-dynamic/numpy/core/overrides.py=set_module=110
/home/jiangt/FaaSLight-Re/Original_app/app3-dynamic/numpy/core/overrides.py=set_module=decorator=121
/home/jiangt/FaaSLight-Re/Original_app/app3-dynamic/numpy/core/overrides.py=set_module=110
/home/jiangt/FaaSLight-Re/Original_app/app3-dynamic/numpy/core/overrides.py=set_module=decorator=121
/home/jiangt/FaaSLight-Re/Original_app/app3-dynamic/numpy/core/overrides.py=set_module=110
/home/jiangt/FaaSLight-Re/Original_app/app3-dynamic/numpy/core/overrides.py=set_module=decorator=121
/home/jiangt/FaaSLight-Re/Original_app/app3-dynamic/numpy/core/overrides.py=array_function_dispatch=128
/home/jiangt/FaaSLight-Re/Original_app/app3-dynamic/numpy/core/overrides.py=array_function_dispatch=decorator=170
/home/jiangt/FaaSLight-Re/Original_app/app3-dynamic/numpy/core/overrides.py=verify_matching_signatures=88
/home/jiangt/FaaSLight-Re/Original_app/app3-dynamic/numpy/compat/_inspect.py=getargspec=96
/home/jiangt/FaaSLight-Re/Original_app/app3-dynamic/numpy/compat/_inspect.py=ismethod=13
/home/jiangt/FaaSLight-Re/Original_app/app3-dynamic/numpy/compat/_inspect.py=isfunction=26
/home/jiangt/FaaSLight-Re/Original_app/app3-dynamic/numpy/compat/_inspect.py=getargs=65
/home/jiangt/FaaSLight-Re/Original_app/app3-dynamic/numpy/compat/_inspect.py=iscode=41
/home/jiangt/FaaSLight-Re/Original_app/app3-dynamic/numpy/compat/_inspect.py=getargspec=96
/home/jiangt/FaaSLight-Re/Original_app/app3-dynamic/numpy/compat/_inspect.py=ismethod=13
/home/jiangt/FaaSLight-Re/Original_app/app3-dynamic/numpy/compat/_inspect.py=isfunction=26
/home/jiangt/FaaSLight-Re/Original_app/app3-dynamic/numpy/compat/_inspect.py=getargs=65
/home/jiangt/FaaSLight-Re/Original_app/app3-dynamic/numpy/compat/_inspect.py=iscode=41
/home/jiangt/FaaSLight-Re/Original_app/app3-dynamic/numpy/core/overrides.py=array_function_dispatch=128
/home/jiangt/FaaSLight-Re/Original_app/app3-dynamic/numpy/core/overrides.py=array_function_dispatch=decorator=170
/home/jiangt/FaaSLight-Re/Original_app/app3-dynamic/numpy/core/overrides.py=verify_matching_signatures=88
/home/jiangt/FaaSLight-Re/Original_app/app3-dynamic/numpy/compat/_inspect.py=getargspec=96
/home/jiangt/FaaSLight-Re/Original_app/app3-dynamic/numpy/compat/_inspect.py=ismethod=13
/home/jiangt/FaaSLight-Re/Original_app/app3-dynamic/numpy/compat/_inspect.py=isfunction=26
/home/jiangt/FaaSLight-Re/Original_app/app3-dynamic/numpy/compat/_inspect.py=getargs=65
/home/jiangt/FaaSLight-Re/Original_app/app3-dynamic/numpy/compat/_inspect.py=iscode=41
/home/jiangt/FaaSLight-Re/Original_app/app3-dynamic/numpy/compat/_inspect.py=getargspec=96
/home/jiangt/FaaSLight-Re/Original_app/app3-dynamic/numpy/compat/_inspect.py=ismethod=13
/home/jiangt/FaaSLight-Re/Original_app/app3-dynamic/numpy/compat/_inspect.py=isfunction=26
/home/jiangt/FaaSLight-Re/Original_app/app3-dynamic/numpy/compat/_inspect.py=getargs=65
/home/jiangt/FaaSLight-Re/Original_app/app3-dynamic/numpy/compat/_inspect.py=iscode=41
/home/jiangt/FaaSLight-Re/Original_app/app3-dynamic/numpy/core/overrides.py=array_function_dispatch=128
/home/jiangt/FaaSLight-Re/Original_app/app3-dynamic/numpy/core/overrides.py=array_function_dispatch=decorator=170
/home/jiangt/FaaSLight-Re/Original_app/app3-dynamic/numpy/core/overrides.py=verify_matching_signatures=88
/home/jiangt/FaaSLight-Re/Original_app/app3-dynamic/numpy/compat/_inspect.py=getargspec=96
/home/jiangt/FaaSLight-Re/Original_app/app3-dynamic/numpy/compat/_inspect.py=ismethod=13
/home/jiangt/FaaSLight-Re/Original_app/app3-dynamic/numpy/compat/_inspect.py=isfunction=26
/home/jiangt/FaaSLight-Re/Original_app/app3-dynamic/numpy/compat/_inspect.py=getargs=65
/home/jiangt/FaaSLight-Re/Original_app/app3-dynamic/numpy/compat/_inspect.py=iscode=41
/home/jiangt/FaaSLight-Re/Original_app/app3-dynamic/numpy/compat/_inspect.py=getargspec=96
/home/jiangt/FaaSLight-Re/Original_app/app3-dynamic/numpy/compat/_inspect.py=ismethod=13
/home/jiangt/FaaSLight-Re/Original_app/app3-dynamic/numpy/compat/_inspect.py=isfunction=26
/home/jiangt/FaaSLight-Re/Original_app/app3-dynamic/numpy/compat/_inspect.py=getargs=65
/home/jiangt/FaaSLight-Re/Original_app/app3-dynamic/numpy/compat/_inspect.py=iscode=41
/home/jiangt/FaaSLight-Re/Original_app/app3-dynamic/numpy/core/overrides.py=set_module=110
/home/jiangt/FaaSLight-Re/Original_app/app3-dynamic/numpy/core/overrides.py=set_module=decorator=121
/home/jiangt/FaaSLight-Re/Original_app/app3-dynamic/numpy/core/overrides.py=set_module=110
/home/jiangt/FaaSLight-Re/Original_app/app3-dynamic/numpy/core/overrides.py=set_module=decorator=121
/home/jiangt/FaaSLight-Re/Original_app/app3-dynamic/numpy/core/overrides.py=set_module=110
/home/jiangt/FaaSLight-Re/Original_app/app3-dynamic/numpy/core/overrides.py=set_module=decorator=121
/home/jiangt/FaaSLight-Re/Original_app/app3-dynamic/numpy/core/overrides.py=array_function_dispatch=128
/home/jiangt/FaaSLight-Re/Original_app/app3-dynamic/numpy/core/overrides.py=array_function_dispatch=decorator=170
/home/jiangt/FaaSLight-Re/Original_app/app3-dynamic/numpy/core/overrides.py=verify_matching_signatures=88
/home/jiangt/FaaSLight-Re/Original_app/app3-dynamic/numpy/compat/_inspect.py=getargspec=96
/home/jiangt/FaaSLight-Re/Original_app/app3-dynamic/numpy/compat/_inspect.py=ismethod=13
/home/jiangt/FaaSLight-Re/Original_app/app3-dynamic/numpy/compat/_inspect.py=isfunction=26
/home/jiangt/FaaSLight-Re/Original_app/app3-dynamic/numpy/compat/_inspect.py=getargs=65
/home/jiangt/FaaSLight-Re/Original_app/app3-dynamic/numpy/compat/_inspect.py=iscode=41
/home/jiangt/FaaSLight-Re/Original_app/app3-dynamic/numpy/compat/_inspect.py=getargspec=96
/home/jiangt/FaaSLight-Re/Original_app/app3-dynamic/numpy/compat/_inspect.py=ismethod=13
/home/jiangt/FaaSLight-Re/Original_app/app3-dynamic/numpy/compat/_inspect.py=isfunction=26
/home/jiangt/FaaSLight-Re/Original_app/app3-dynamic/numpy/compat/_inspect.py=getargs=65
/home/jiangt/FaaSLight-Re/Original_app/app3-dynamic/numpy/compat/_inspect.py=iscode=41
/home/jiangt/FaaSLight-Re/Original_app/app3-dynamic/numpy/core/overrides.py=array_function_dispatch=128
/home/jiangt/FaaSLight-Re/Original_app/app3-dynamic/numpy/core/overrides.py=array_function_dispatch=decorator=170
/home/jiangt/FaaSLight-Re/Original_app/app3-dynamic/numpy/core/overrides.py=verify_matching_signatures=88
/home/jiangt/FaaSLight-Re/Original_app/app3-dynamic/numpy/compat/_inspect.py=getargspec=96
/home/jiangt/FaaSLight-Re/Original_app/app3-dynamic/numpy/compat/_inspect.py=ismethod=13
/home/jiangt/FaaSLight-Re/Original_app/app3-dynamic/numpy/compat/_inspect.py=isfunction=26
/home/jiangt/FaaSLight-Re/Original_app/app3-dynamic/numpy/compat/_inspect.py=getargs=65
/home/jiangt/FaaSLight-Re/Original_app/app3-dynamic/numpy/compat/_inspect.py=iscode=41
/home/jiangt/FaaSLight-Re/Original_app/app3-dynamic/numpy/compat/_inspect.py=getargspec=96
/home/jiangt/FaaSLight-Re/Original_app/app3-dynamic/numpy/compat/_inspect.py=ismethod=13
/home/jiangt/FaaSLight-Re/Original_app/app3-dynamic/numpy/compat/_inspect.py=isfunction=26
/home/jiangt/FaaSLight-Re/Original_app/app3-dynamic/numpy/compat/_inspect.py=getargs=65
/home/jiangt/FaaSLight-Re/Original_app/app3-dynamic/numpy/compat/_inspect.py=iscode=41
/home/jiangt/FaaSLight-Re/Original_app/app3-dynamic/numpy/core/function_base.py=add_newdoc=483
/home/jiangt/FaaSLight-Re/Original_app/app3-dynamic/numpy/core/function_base.py=_add_docstring=469
/home/jiangt/FaaSLight-Re/Original_app/app3-dynamic/numpy/core/function_base.py=_needs_add_docstring=451
/home/jiangt/FaaSLight-Re/Original_app/app3-dynamic/numpy/core/function_base.py=add_newdoc=483
/home/jiangt/FaaSLight-Re/Original_app/app3-dynamic/numpy/core/function_base.py=_add_docstring=469
/home/jiangt/FaaSLight-Re/Original_app/app3-dynamic/numpy/core/function_base.py=_needs_add_docstring=451
/home/jiangt/FaaSLight-Re/Original_app/app3-dynamic/numpy/core/function_base.py=add_newdoc=483
/home/jiangt/FaaSLight-Re/Original_app/app3-dynamic/numpy/core/function_base.py=_add_docstring=469
/home/jiangt/FaaSLight-Re/Original_app/app3-dynamic/numpy/core/function_base.py=_needs_add_docstring=451
/home/jiangt/FaaSLight-Re/Original_app/app3-dynamic/numpy/core/function_base.py=add_newdoc=483
/home/jiangt/FaaSLight-Re/Original_app/app3-dynamic/numpy/core/function_base.py=_add_docstring=469
/home/jiangt/FaaSLight-Re/Original_app/app3-dynamic/numpy/core/function_base.py=_needs_add_docstring=451
/home/jiangt/FaaSLight-Re/Original_app/app3-dynamic/numpy/core/function_base.py=add_newdoc=483
/home/jiangt/FaaSLight-Re/Original_app/app3-dynamic/numpy/core/function_base.py=_add_docstring=469
/home/jiangt/FaaSLight-Re/Original_app/app3-dynamic/numpy/core/function_base.py=_needs_add_docstring=451
/home/jiangt/FaaSLight-Re/Original_app/app3-dynamic/numpy/core/function_base.py=add_newdoc=483
/home/jiangt/FaaSLight-Re/Original_app/app3-dynamic/numpy/core/function_base.py=_add_docstring=469
/home/jiangt/FaaSLight-Re/Original_app/app3-dynamic/numpy/core/function_base.py=_needs_add_docstring=451
/home/jiangt/FaaSLight-Re/Original_app/app3-dynamic/numpy/core/function_base.py=add_newdoc=483
/home/jiangt/FaaSLight-Re/Original_app/app3-dynamic/numpy/core/function_base.py=_add_docstring=469
/home/jiangt/FaaSLight-Re/Original_app/app3-dynamic/numpy/core/function_base.py=_needs_add_docstring=451
/home/jiangt/FaaSLight-Re/Original_app/app3-dynamic/numpy/core/function_base.py=add_newdoc=483
/home/jiangt/FaaSLight-Re/Original_app/app3-dynamic/numpy/core/function_base.py=_add_docstring=469
/home/jiangt/FaaSLight-Re/Original_app/app3-dynamic/numpy/core/function_base.py=_needs_add_docstring=451
/home/jiangt/FaaSLight-Re/Original_app/app3-dynamic/numpy/core/function_base.py=add_newdoc=483
/home/jiangt/FaaSLight-Re/Original_app/app3-dynamic/numpy/core/function_base.py=_add_docstring=469
/home/jiangt/FaaSLight-Re/Original_app/app3-dynamic/numpy/core/function_base.py=_needs_add_docstring=451
/home/jiangt/FaaSLight-Re/Original_app/app3-dynamic/numpy/core/function_base.py=add_newdoc=483
/home/jiangt/FaaSLight-Re/Original_app/app3-dynamic/numpy/core/function_base.py=_add_docstring=469
/home/jiangt/FaaSLight-Re/Original_app/app3-dynamic/numpy/core/function_base.py=_needs_add_docstring=451
/home/jiangt/FaaSLight-Re/Original_app/app3-dynamic/numpy/core/function_base.py=add_newdoc=483
/home/jiangt/FaaSLight-Re/Original_app/app3-dynamic/numpy/core/function_base.py=_add_docstring=469
/home/jiangt/FaaSLight-Re/Original_app/app3-dynamic/numpy/core/function_base.py=_needs_add_docstring=451
/home/jiangt/FaaSLight-Re/Original_app/app3-dynamic/numpy/core/function_base.py=add_newdoc=483
/home/jiangt/FaaSLight-Re/Original_app/app3-dynamic/numpy/core/function_base.py=_add_docstring=469
/home/jiangt/FaaSLight-Re/Original_app/app3-dynamic/numpy/core/function_base.py=_needs_add_docstring=451
/home/jiangt/FaaSLight-Re/Original_app/app3-dynamic/numpy/core/function_base.py=add_newdoc=483
/home/jiangt/FaaSLight-Re/Original_app/app3-dynamic/numpy/core/function_base.py=_add_docstring=469
/home/jiangt/FaaSLight-Re/Original_app/app3-dynamic/numpy/core/function_base.py=_needs_add_docstring=451
/home/jiangt/FaaSLight-Re/Original_app/app3-dynamic/numpy/core/function_base.py=add_newdoc=483
/home/jiangt/FaaSLight-Re/Original_app/app3-dynamic/numpy/core/function_base.py=_add_docstring=469
/home/jiangt/FaaSLight-Re/Original_app/app3-dynamic/numpy/core/function_base.py=_needs_add_docstring=451
/home/jiangt/FaaSLight-Re/Original_app/app3-dynamic/numpy/core/function_base.py=add_newdoc=483
/home/jiangt/FaaSLight-Re/Original_app/app3-dynamic/numpy/core/function_base.py=_add_docstring=469
/home/jiangt/FaaSLight-Re/Original_app/app3-dynamic/numpy/core/function_base.py=_needs_add_docstring=451
/home/jiangt/FaaSLight-Re/Original_app/app3-dynamic/numpy/core/function_base.py=add_newdoc=483
/home/jiangt/FaaSLight-Re/Original_app/app3-dynamic/numpy/core/function_base.py=_add_docstring=469
/home/jiangt/FaaSLight-Re/Original_app/app3-dynamic/numpy/core/function_base.py=_needs_add_docstring=451
/home/jiangt/FaaSLight-Re/Original_app/app3-dynamic/numpy/core/function_base.py=add_newdoc=483
/home/jiangt/FaaSLight-Re/Original_app/app3-dynamic/numpy/core/function_base.py=_add_docstring=469
/home/jiangt/FaaSLight-Re/Original_app/app3-dynamic/numpy/core/function_base.py=_needs_add_docstring=451
/home/jiangt/FaaSLight-Re/Original_app/app3-dynamic/numpy/core/function_base.py=add_newdoc=483
/home/jiangt/FaaSLight-Re/Original_app/app3-dynamic/numpy/core/function_base.py=_add_docstring=469
/home/jiangt/FaaSLight-Re/Original_app/app3-dynamic/numpy/core/function_base.py=_needs_add_docstring=451
/home/jiangt/FaaSLight-Re/Original_app/app3-dynamic/numpy/core/function_base.py=add_newdoc=483
/home/jiangt/FaaSLight-Re/Original_app/app3-dynamic/numpy/core/function_base.py=_add_docstring=469
/home/jiangt/FaaSLight-Re/Original_app/app3-dynamic/numpy/core/function_base.py=_needs_add_docstring=451
/home/jiangt/FaaSLight-Re/Original_app/app3-dynamic/numpy/core/function_base.py=add_newdoc=483
/home/jiangt/FaaSLight-Re/Original_app/app3-dynamic/numpy/core/function_base.py=_add_docstring=469
/home/jiangt/FaaSLight-Re/Original_app/app3-dynamic/numpy/core/function_base.py=_needs_add_docstring=451
/home/jiangt/FaaSLight-Re/Original_app/app3-dynamic/numpy/core/function_base.py=add_newdoc=483
/home/jiangt/FaaSLight-Re/Original_app/app3-dynamic/numpy/core/function_base.py=_add_docstring=469
/home/jiangt/FaaSLight-Re/Original_app/app3-dynamic/numpy/core/function_base.py=_needs_add_docstring=451
/home/jiangt/FaaSLight-Re/Original_app/app3-dynamic/numpy/core/function_base.py=add_newdoc=483
/home/jiangt/FaaSLight-Re/Original_app/app3-dynamic/numpy/core/function_base.py=_add_docstring=469
/home/jiangt/FaaSLight-Re/Original_app/app3-dynamic/numpy/core/function_base.py=_needs_add_docstring=451
/home/jiangt/FaaSLight-Re/Original_app/app3-dynamic/numpy/core/function_base.py=add_newdoc=483
/home/jiangt/FaaSLight-Re/Original_app/app3-dynamic/numpy/core/function_base.py=_add_docstring=469
/home/jiangt/FaaSLight-Re/Original_app/app3-dynamic/numpy/core/function_base.py=_needs_add_docstring=451
/home/jiangt/FaaSLight-Re/Original_app/app3-dynamic/numpy/core/function_base.py=add_newdoc=483
/home/jiangt/FaaSLight-Re/Original_app/app3-dynamic/numpy/core/function_base.py=_add_docstring=469
/home/jiangt/FaaSLight-Re/Original_app/app3-dynamic/numpy/core/function_base.py=_needs_add_docstring=451
/home/jiangt/FaaSLight-Re/Original_app/app3-dynamic/numpy/core/function_base.py=add_newdoc=483
/home/jiangt/FaaSLight-Re/Original_app/app3-dynamic/numpy/core/function_base.py=_add_docstring=469
/home/jiangt/FaaSLight-Re/Original_app/app3-dynamic/numpy/core/function_base.py=_needs_add_docstring=451
/home/jiangt/FaaSLight-Re/Original_app/app3-dynamic/numpy/core/function_base.py=add_newdoc=483
/home/jiangt/FaaSLight-Re/Original_app/app3-dynamic/numpy/core/function_base.py=_add_docstring=469
/home/jiangt/FaaSLight-Re/Original_app/app3-dynamic/numpy/core/function_base.py=_needs_add_docstring=451
/home/jiangt/FaaSLight-Re/Original_app/app3-dynamic/numpy/core/function_base.py=add_newdoc=483
/home/jiangt/FaaSLight-Re/Original_app/app3-dynamic/numpy/core/function_base.py=_add_docstring=469
/home/jiangt/FaaSLight-Re/Original_app/app3-dynamic/numpy/core/function_base.py=_needs_add_docstring=451
/home/jiangt/FaaSLight-Re/Original_app/app3-dynamic/numpy/core/function_base.py=add_newdoc=483
/home/jiangt/FaaSLight-Re/Original_app/app3-dynamic/numpy/core/function_base.py=_add_docstring=469
/home/jiangt/FaaSLight-Re/Original_app/app3-dynamic/numpy/core/function_base.py=_needs_add_docstring=451
/home/jiangt/FaaSLight-Re/Original_app/app3-dynamic/numpy/core/function_base.py=add_newdoc=483
/home/jiangt/FaaSLight-Re/Original_app/app3-dynamic/numpy/core/function_base.py=_add_docstring=469
/home/jiangt/FaaSLight-Re/Original_app/app3-dynamic/numpy/core/function_base.py=_needs_add_docstring=451
/home/jiangt/FaaSLight-Re/Original_app/app3-dynamic/numpy/core/function_base.py=add_newdoc=483
/home/jiangt/FaaSLight-Re/Original_app/app3-dynamic/numpy/core/function_base.py=_add_docstring=469
/home/jiangt/FaaSLight-Re/Original_app/app3-dynamic/numpy/core/function_base.py=_needs_add_docstring=451
/home/jiangt/FaaSLight-Re/Original_app/app3-dynamic/numpy/core/function_base.py=add_newdoc=483
/home/jiangt/FaaSLight-Re/Original_app/app3-dynamic/numpy/core/function_base.py=_add_docstring=469
/home/jiangt/FaaSLight-Re/Original_app/app3-dynamic/numpy/core/function_base.py=_needs_add_docstring=451
/home/jiangt/FaaSLight-Re/Original_app/app3-dynamic/numpy/core/function_base.py=add_newdoc=483
/home/jiangt/FaaSLight-Re/Original_app/app3-dynamic/numpy/core/function_base.py=_add_docstring=469
/home/jiangt/FaaSLight-Re/Original_app/app3-dynamic/numpy/core/function_base.py=_needs_add_docstring=451
/home/jiangt/FaaSLight-Re/Original_app/app3-dynamic/numpy/core/function_base.py=add_newdoc=483
/home/jiangt/FaaSLight-Re/Original_app/app3-dynamic/numpy/core/function_base.py=_add_docstring=469
/home/jiangt/FaaSLight-Re/Original_app/app3-dynamic/numpy/core/function_base.py=_needs_add_docstring=451
/home/jiangt/FaaSLight-Re/Original_app/app3-dynamic/numpy/core/function_base.py=add_newdoc=483
/home/jiangt/FaaSLight-Re/Original_app/app3-dynamic/numpy/core/function_base.py=_add_docstring=469
/home/jiangt/FaaSLight-Re/Original_app/app3-dynamic/numpy/core/function_base.py=_needs_add_docstring=451
/home/jiangt/FaaSLight-Re/Original_app/app3-dynamic/numpy/core/function_base.py=add_newdoc=483
/home/jiangt/FaaSLight-Re/Original_app/app3-dynamic/numpy/core/function_base.py=_add_docstring=469
/home/jiangt/FaaSLight-Re/Original_app/app3-dynamic/numpy/core/function_base.py=_needs_add_docstring=451
/home/jiangt/FaaSLight-Re/Original_app/app3-dynamic/numpy/core/function_base.py=add_newdoc=483
/home/jiangt/FaaSLight-Re/Original_app/app3-dynamic/numpy/core/function_base.py=_add_docstring=469
/home/jiangt/FaaSLight-Re/Original_app/app3-dynamic/numpy/core/function_base.py=_needs_add_docstring=451
/home/jiangt/FaaSLight-Re/Original_app/app3-dynamic/numpy/core/function_base.py=add_newdoc=483
/home/jiangt/FaaSLight-Re/Original_app/app3-dynamic/numpy/core/function_base.py=_add_docstring=469
/home/jiangt/FaaSLight-Re/Original_app/app3-dynamic/numpy/core/function_base.py=_needs_add_docstring=451
/home/jiangt/FaaSLight-Re/Original_app/app3-dynamic/numpy/core/function_base.py=add_newdoc=483
/home/jiangt/FaaSLight-Re/Original_app/app3-dynamic/numpy/core/function_base.py=_add_docstring=469
/home/jiangt/FaaSLight-Re/Original_app/app3-dynamic/numpy/core/function_base.py=_needs_add_docstring=451
/home/jiangt/FaaSLight-Re/Original_app/app3-dynamic/numpy/core/function_base.py=add_newdoc=483
/home/jiangt/FaaSLight-Re/Original_app/app3-dynamic/numpy/core/function_base.py=_add_docstring=469
/home/jiangt/FaaSLight-Re/Original_app/app3-dynamic/numpy/core/function_base.py=_needs_add_docstring=451
/home/jiangt/FaaSLight-Re/Original_app/app3-dynamic/numpy/core/function_base.py=add_newdoc=483
/home/jiangt/FaaSLight-Re/Original_app/app3-dynamic/numpy/core/function_base.py=_add_docstring=469
/home/jiangt/FaaSLight-Re/Original_app/app3-dynamic/numpy/core/function_base.py=_needs_add_docstring=451
/home/jiangt/FaaSLight-Re/Original_app/app3-dynamic/numpy/core/function_base.py=add_newdoc=483
/home/jiangt/FaaSLight-Re/Original_app/app3-dynamic/numpy/core/function_base.py=_add_docstring=469
/home/jiangt/FaaSLight-Re/Original_app/app3-dynamic/numpy/core/function_base.py=_needs_add_docstring=451
/home/jiangt/FaaSLight-Re/Original_app/app3-dynamic/numpy/core/function_base.py=add_newdoc=483
/home/jiangt/FaaSLight-Re/Original_app/app3-dynamic/numpy/core/function_base.py=_add_docstring=469
/home/jiangt/FaaSLight-Re/Original_app/app3-dynamic/numpy/core/function_base.py=_needs_add_docstring=451
/home/jiangt/FaaSLight-Re/Original_app/app3-dynamic/numpy/core/function_base.py=add_newdoc=483
/home/jiangt/FaaSLight-Re/Original_app/app3-dynamic/numpy/core/function_base.py=_add_docstring=469
/home/jiangt/FaaSLight-Re/Original_app/app3-dynamic/numpy/core/function_base.py=_needs_add_docstring=451
/home/jiangt/FaaSLight-Re/Original_app/app3-dynamic/numpy/core/function_base.py=add_newdoc=483
/home/jiangt/FaaSLight-Re/Original_app/app3-dynamic/numpy/core/function_base.py=_add_docstring=469
/home/jiangt/FaaSLight-Re/Original_app/app3-dynamic/numpy/core/function_base.py=_needs_add_docstring=451
/home/jiangt/FaaSLight-Re/Original_app/app3-dynamic/numpy/core/function_base.py=add_newdoc=483
/home/jiangt/FaaSLight-Re/Original_app/app3-dynamic/numpy/core/function_base.py=_add_docstring=469
/home/jiangt/FaaSLight-Re/Original_app/app3-dynamic/numpy/core/function_base.py=_needs_add_docstring=451
/home/jiangt/FaaSLight-Re/Original_app/app3-dynamic/numpy/core/function_base.py=add_newdoc=483
/home/jiangt/FaaSLight-Re/Original_app/app3-dynamic/numpy/core/function_base.py=_add_docstring=469
/home/jiangt/FaaSLight-Re/Original_app/app3-dynamic/numpy/core/function_base.py=_needs_add_docstring=451
/home/jiangt/FaaSLight-Re/Original_app/app3-dynamic/numpy/core/function_base.py=add_newdoc=483
/home/jiangt/FaaSLight-Re/Original_app/app3-dynamic/numpy/core/function_base.py=_add_docstring=469
/home/jiangt/FaaSLight-Re/Original_app/app3-dynamic/numpy/core/function_base.py=_needs_add_docstring=451
/home/jiangt/FaaSLight-Re/Original_app/app3-dynamic/numpy/core/function_base.py=add_newdoc=483
/home/jiangt/FaaSLight-Re/Original_app/app3-dynamic/numpy/core/function_base.py=_add_docstring=469
/home/jiangt/FaaSLight-Re/Original_app/app3-dynamic/numpy/core/function_base.py=_needs_add_docstring=451
/home/jiangt/FaaSLight-Re/Original_app/app3-dynamic/numpy/core/function_base.py=add_newdoc=483
/home/jiangt/FaaSLight-Re/Original_app/app3-dynamic/numpy/core/function_base.py=_add_docstring=469
/home/jiangt/FaaSLight-Re/Original_app/app3-dynamic/numpy/core/function_base.py=_needs_add_docstring=451
/home/jiangt/FaaSLight-Re/Original_app/app3-dynamic/numpy/core/function_base.py=add_newdoc=483
/home/jiangt/FaaSLight-Re/Original_app/app3-dynamic/numpy/core/function_base.py=_add_docstring=469
/home/jiangt/FaaSLight-Re/Original_app/app3-dynamic/numpy/core/function_base.py=_needs_add_docstring=451
/home/jiangt/FaaSLight-Re/Original_app/app3-dynamic/numpy/core/function_base.py=add_newdoc=483
/home/jiangt/FaaSLight-Re/Original_app/app3-dynamic/numpy/core/function_base.py=_add_docstring=469
/home/jiangt/FaaSLight-Re/Original_app/app3-dynamic/numpy/core/function_base.py=_needs_add_docstring=451
/home/jiangt/FaaSLight-Re/Original_app/app3-dynamic/numpy/core/function_base.py=add_newdoc=483
/home/jiangt/FaaSLight-Re/Original_app/app3-dynamic/numpy/core/function_base.py=_add_docstring=469
/home/jiangt/FaaSLight-Re/Original_app/app3-dynamic/numpy/core/function_base.py=_needs_add_docstring=451
/home/jiangt/FaaSLight-Re/Original_app/app3-dynamic/numpy/core/function_base.py=add_newdoc=483
/home/jiangt/FaaSLight-Re/Original_app/app3-dynamic/numpy/core/function_base.py=_add_docstring=469
/home/jiangt/FaaSLight-Re/Original_app/app3-dynamic/numpy/core/function_base.py=_needs_add_docstring=451
/home/jiangt/FaaSLight-Re/Original_app/app3-dynamic/numpy/core/function_base.py=add_newdoc=483
/home/jiangt/FaaSLight-Re/Original_app/app3-dynamic/numpy/core/function_base.py=_add_docstring=469
/home/jiangt/FaaSLight-Re/Original_app/app3-dynamic/numpy/core/function_base.py=_needs_add_docstring=451
/home/jiangt/FaaSLight-Re/Original_app/app3-dynamic/numpy/core/function_base.py=add_newdoc=483
/home/jiangt/FaaSLight-Re/Original_app/app3-dynamic/numpy/core/function_base.py=_add_docstring=469
/home/jiangt/FaaSLight-Re/Original_app/app3-dynamic/numpy/core/function_base.py=_needs_add_docstring=451
/home/jiangt/FaaSLight-Re/Original_app/app3-dynamic/numpy/core/function_base.py=add_newdoc=483
/home/jiangt/FaaSLight-Re/Original_app/app3-dynamic/numpy/core/function_base.py=_add_docstring=469
/home/jiangt/FaaSLight-Re/Original_app/app3-dynamic/numpy/core/function_base.py=_needs_add_docstring=451
/home/jiangt/FaaSLight-Re/Original_app/app3-dynamic/numpy/core/function_base.py=add_newdoc=483
/home/jiangt/FaaSLight-Re/Original_app/app3-dynamic/numpy/core/function_base.py=_add_docstring=469
/home/jiangt/FaaSLight-Re/Original_app/app3-dynamic/numpy/core/function_base.py=_needs_add_docstring=451
/home/jiangt/FaaSLight-Re/Original_app/app3-dynamic/numpy/core/function_base.py=add_newdoc=483
/home/jiangt/FaaSLight-Re/Original_app/app3-dynamic/numpy/core/function_base.py=_add_docstring=469
/home/jiangt/FaaSLight-Re/Original_app/app3-dynamic/numpy/core/function_base.py=_needs_add_docstring=451
/home/jiangt/FaaSLight-Re/Original_app/app3-dynamic/numpy/core/function_base.py=add_newdoc=483
/home/jiangt/FaaSLight-Re/Original_app/app3-dynamic/numpy/core/function_base.py=_add_docstring=469
/home/jiangt/FaaSLight-Re/Original_app/app3-dynamic/numpy/core/function_base.py=_needs_add_docstring=451
/home/jiangt/FaaSLight-Re/Original_app/app3-dynamic/numpy/core/function_base.py=add_newdoc=483
/home/jiangt/FaaSLight-Re/Original_app/app3-dynamic/numpy/core/function_base.py=_add_docstring=469
/home/jiangt/FaaSLight-Re/Original_app/app3-dynamic/numpy/core/function_base.py=_needs_add_docstring=451
/home/jiangt/FaaSLight-Re/Original_app/app3-dynamic/numpy/core/function_base.py=add_newdoc=483
/home/jiangt/FaaSLight-Re/Original_app/app3-dynamic/numpy/core/function_base.py=_add_docstring=469
/home/jiangt/FaaSLight-Re/Original_app/app3-dynamic/numpy/core/function_base.py=_needs_add_docstring=451
/home/jiangt/FaaSLight-Re/Original_app/app3-dynamic/numpy/core/function_base.py=add_newdoc=483
/home/jiangt/FaaSLight-Re/Original_app/app3-dynamic/numpy/core/function_base.py=_add_docstring=469
/home/jiangt/FaaSLight-Re/Original_app/app3-dynamic/numpy/core/function_base.py=_needs_add_docstring=451
/home/jiangt/FaaSLight-Re/Original_app/app3-dynamic/numpy/core/function_base.py=add_newdoc=483
/home/jiangt/FaaSLight-Re/Original_app/app3-dynamic/numpy/core/function_base.py=_add_docstring=469
/home/jiangt/FaaSLight-Re/Original_app/app3-dynamic/numpy/core/function_base.py=_needs_add_docstring=451
/home/jiangt/FaaSLight-Re/Original_app/app3-dynamic/numpy/core/function_base.py=add_newdoc=483
/home/jiangt/FaaSLight-Re/Original_app/app3-dynamic/numpy/core/function_base.py=_add_docstring=469
/home/jiangt/FaaSLight-Re/Original_app/app3-dynamic/numpy/core/function_base.py=_needs_add_docstring=451
/home/jiangt/FaaSLight-Re/Original_app/app3-dynamic/numpy/core/function_base.py=add_newdoc=483
/home/jiangt/FaaSLight-Re/Original_app/app3-dynamic/numpy/core/function_base.py=_add_docstring=469
/home/jiangt/FaaSLight-Re/Original_app/app3-dynamic/numpy/core/function_base.py=_needs_add_docstring=451
/home/jiangt/FaaSLight-Re/Original_app/app3-dynamic/numpy/core/function_base.py=add_newdoc=483
/home/jiangt/FaaSLight-Re/Original_app/app3-dynamic/numpy/core/function_base.py=_add_docstring=469
/home/jiangt/FaaSLight-Re/Original_app/app3-dynamic/numpy/core/function_base.py=_needs_add_docstring=451
/home/jiangt/FaaSLight-Re/Original_app/app3-dynamic/numpy/core/function_base.py=add_newdoc=483
/home/jiangt/FaaSLight-Re/Original_app/app3-dynamic/numpy/core/function_base.py=_add_docstring=469
/home/jiangt/FaaSLight-Re/Original_app/app3-dynamic/numpy/core/function_base.py=_needs_add_docstring=451
/home/jiangt/FaaSLight-Re/Original_app/app3-dynamic/numpy/core/function_base.py=add_newdoc=483
/home/jiangt/FaaSLight-Re/Original_app/app3-dynamic/numpy/core/function_base.py=_add_docstring=469
/home/jiangt/FaaSLight-Re/Original_app/app3-dynamic/numpy/core/function_base.py=_needs_add_docstring=451
/home/jiangt/FaaSLight-Re/Original_app/app3-dynamic/numpy/core/function_base.py=add_newdoc=483
/home/jiangt/FaaSLight-Re/Original_app/app3-dynamic/numpy/core/function_base.py=_add_docstring=469
/home/jiangt/FaaSLight-Re/Original_app/app3-dynamic/numpy/core/function_base.py=_needs_add_docstring=451
/home/jiangt/FaaSLight-Re/Original_app/app3-dynamic/numpy/core/function_base.py=add_newdoc=483
/home/jiangt/FaaSLight-Re/Original_app/app3-dynamic/numpy/core/function_base.py=_add_docstring=469
/home/jiangt/FaaSLight-Re/Original_app/app3-dynamic/numpy/core/function_base.py=_needs_add_docstring=451
/home/jiangt/FaaSLight-Re/Original_app/app3-dynamic/numpy/core/function_base.py=add_newdoc=483
/home/jiangt/FaaSLight-Re/Original_app/app3-dynamic/numpy/core/function_base.py=_add_docstring=469
/home/jiangt/FaaSLight-Re/Original_app/app3-dynamic/numpy/core/function_base.py=_needs_add_docstring=451
/home/jiangt/FaaSLight-Re/Original_app/app3-dynamic/numpy/core/function_base.py=add_newdoc=483
/home/jiangt/FaaSLight-Re/Original_app/app3-dynamic/numpy/core/function_base.py=_add_docstring=469
/home/jiangt/FaaSLight-Re/Original_app/app3-dynamic/numpy/core/function_base.py=_needs_add_docstring=451
/home/jiangt/FaaSLight-Re/Original_app/app3-dynamic/numpy/core/function_base.py=add_newdoc=483
/home/jiangt/FaaSLight-Re/Original_app/app3-dynamic/numpy/core/function_base.py=_add_docstring=469
/home/jiangt/FaaSLight-Re/Original_app/app3-dynamic/numpy/core/function_base.py=_needs_add_docstring=451
/home/jiangt/FaaSLight-Re/Original_app/app3-dynamic/numpy/core/function_base.py=add_newdoc=483
/home/jiangt/FaaSLight-Re/Original_app/app3-dynamic/numpy/core/function_base.py=_add_docstring=469
/home/jiangt/FaaSLight-Re/Original_app/app3-dynamic/numpy/core/function_base.py=_needs_add_docstring=451
/home/jiangt/FaaSLight-Re/Original_app/app3-dynamic/numpy/core/function_base.py=add_newdoc=483
/home/jiangt/FaaSLight-Re/Original_app/app3-dynamic/numpy/core/function_base.py=_add_docstring=469
/home/jiangt/FaaSLight-Re/Original_app/app3-dynamic/numpy/core/function_base.py=_needs_add_docstring=451
/home/jiangt/FaaSLight-Re/Original_app/app3-dynamic/numpy/core/function_base.py=add_newdoc=483
/home/jiangt/FaaSLight-Re/Original_app/app3-dynamic/numpy/core/function_base.py=_add_docstring=469
/home/jiangt/FaaSLight-Re/Original_app/app3-dynamic/numpy/core/function_base.py=_needs_add_docstring=451
/home/jiangt/FaaSLight-Re/Original_app/app3-dynamic/numpy/core/function_base.py=add_newdoc=483
/home/jiangt/FaaSLight-Re/Original_app/app3-dynamic/numpy/core/function_base.py=_add_docstring=469
/home/jiangt/FaaSLight-Re/Original_app/app3-dynamic/numpy/core/function_base.py=_needs_add_docstring=451
/home/jiangt/FaaSLight-Re/Original_app/app3-dynamic/numpy/core/function_base.py=add_newdoc=483
/home/jiangt/FaaSLight-Re/Original_app/app3-dynamic/numpy/core/function_base.py=_add_docstring=469
/home/jiangt/FaaSLight-Re/Original_app/app3-dynamic/numpy/core/function_base.py=_needs_add_docstring=451
/home/jiangt/FaaSLight-Re/Original_app/app3-dynamic/numpy/core/function_base.py=add_newdoc=483
/home/jiangt/FaaSLight-Re/Original_app/app3-dynamic/numpy/core/function_base.py=_add_docstring=469
/home/jiangt/FaaSLight-Re/Original_app/app3-dynamic/numpy/core/function_base.py=_needs_add_docstring=451
/home/jiangt/FaaSLight-Re/Original_app/app3-dynamic/numpy/core/function_base.py=add_newdoc=483
/home/jiangt/FaaSLight-Re/Original_app/app3-dynamic/numpy/core/function_base.py=_add_docstring=469
/home/jiangt/FaaSLight-Re/Original_app/app3-dynamic/numpy/core/function_base.py=_needs_add_docstring=451
/home/jiangt/FaaSLight-Re/Original_app/app3-dynamic/numpy/core/function_base.py=add_newdoc=483
/home/jiangt/FaaSLight-Re/Original_app/app3-dynamic/numpy/core/function_base.py=_add_docstring=469
/home/jiangt/FaaSLight-Re/Original_app/app3-dynamic/numpy/core/function_base.py=_needs_add_docstring=451
/home/jiangt/FaaSLight-Re/Original_app/app3-dynamic/numpy/core/function_base.py=add_newdoc=483
/home/jiangt/FaaSLight-Re/Original_app/app3-dynamic/numpy/core/function_base.py=_add_docstring=469
/home/jiangt/FaaSLight-Re/Original_app/app3-dynamic/numpy/core/function_base.py=_needs_add_docstring=451
/home/jiangt/FaaSLight-Re/Original_app/app3-dynamic/numpy/core/function_base.py=add_newdoc=483
/home/jiangt/FaaSLight-Re/Original_app/app3-dynamic/numpy/core/function_base.py=_add_docstring=469
/home/jiangt/FaaSLight-Re/Original_app/app3-dynamic/numpy/core/function_base.py=_needs_add_docstring=451
/home/jiangt/FaaSLight-Re/Original_app/app3-dynamic/numpy/core/function_base.py=add_newdoc=483
/home/jiangt/FaaSLight-Re/Original_app/app3-dynamic/numpy/core/function_base.py=_add_docstring=469
/home/jiangt/FaaSLight-Re/Original_app/app3-dynamic/numpy/core/function_base.py=_needs_add_docstring=451
/home/jiangt/FaaSLight-Re/Original_app/app3-dynamic/numpy/core/function_base.py=add_newdoc=483
/home/jiangt/FaaSLight-Re/Original_app/app3-dynamic/numpy/core/function_base.py=_add_docstring=469
/home/jiangt/FaaSLight-Re/Original_app/app3-dynamic/numpy/core/function_base.py=_needs_add_docstring=451
/home/jiangt/FaaSLight-Re/Original_app/app3-dynamic/numpy/core/function_base.py=add_newdoc=483
/home/jiangt/FaaSLight-Re/Original_app/app3-dynamic/numpy/core/function_base.py=_add_docstring=469
/home/jiangt/FaaSLight-Re/Original_app/app3-dynamic/numpy/core/function_base.py=_needs_add_docstring=451
/home/jiangt/FaaSLight-Re/Original_app/app3-dynamic/numpy/core/function_base.py=add_newdoc=483
/home/jiangt/FaaSLight-Re/Original_app/app3-dynamic/numpy/core/function_base.py=_add_docstring=469
/home/jiangt/FaaSLight-Re/Original_app/app3-dynamic/numpy/core/function_base.py=_needs_add_docstring=451
/home/jiangt/FaaSLight-Re/Original_app/app3-dynamic/numpy/core/function_base.py=add_newdoc=483
/home/jiangt/FaaSLight-Re/Original_app/app3-dynamic/numpy/core/function_base.py=_add_docstring=469
/home/jiangt/FaaSLight-Re/Original_app/app3-dynamic/numpy/core/function_base.py=_needs_add_docstring=451
/home/jiangt/FaaSLight-Re/Original_app/app3-dynamic/numpy/core/function_base.py=add_newdoc=483
/home/jiangt/FaaSLight-Re/Original_app/app3-dynamic/numpy/core/function_base.py=_add_docstring=469
/home/jiangt/FaaSLight-Re/Original_app/app3-dynamic/numpy/core/function_base.py=_needs_add_docstring=451
/home/jiangt/FaaSLight-Re/Original_app/app3-dynamic/numpy/core/function_base.py=add_newdoc=483
/home/jiangt/FaaSLight-Re/Original_app/app3-dynamic/numpy/core/function_base.py=_add_docstring=469
/home/jiangt/FaaSLight-Re/Original_app/app3-dynamic/numpy/core/function_base.py=_needs_add_docstring=451
/home/jiangt/FaaSLight-Re/Original_app/app3-dynamic/numpy/core/function_base.py=add_newdoc=483
/home/jiangt/FaaSLight-Re/Original_app/app3-dynamic/numpy/core/function_base.py=_add_docstring=469
/home/jiangt/FaaSLight-Re/Original_app/app3-dynamic/numpy/core/function_base.py=_needs_add_docstring=451
/home/jiangt/FaaSLight-Re/Original_app/app3-dynamic/numpy/core/function_base.py=add_newdoc=483
/home/jiangt/FaaSLight-Re/Original_app/app3-dynamic/numpy/core/function_base.py=_add_docstring=469
/home/jiangt/FaaSLight-Re/Original_app/app3-dynamic/numpy/core/function_base.py=_needs_add_docstring=451
/home/jiangt/FaaSLight-Re/Original_app/app3-dynamic/numpy/core/function_base.py=add_newdoc=483
/home/jiangt/FaaSLight-Re/Original_app/app3-dynamic/numpy/core/function_base.py=_add_docstring=469
/home/jiangt/FaaSLight-Re/Original_app/app3-dynamic/numpy/core/function_base.py=_needs_add_docstring=451
/home/jiangt/FaaSLight-Re/Original_app/app3-dynamic/numpy/core/function_base.py=add_newdoc=483
/home/jiangt/FaaSLight-Re/Original_app/app3-dynamic/numpy/core/function_base.py=_add_docstring=469
/home/jiangt/FaaSLight-Re/Original_app/app3-dynamic/numpy/core/function_base.py=_needs_add_docstring=451
/home/jiangt/FaaSLight-Re/Original_app/app3-dynamic/numpy/core/function_base.py=add_newdoc=483
/home/jiangt/FaaSLight-Re/Original_app/app3-dynamic/numpy/core/function_base.py=_add_docstring=469
/home/jiangt/FaaSLight-Re/Original_app/app3-dynamic/numpy/core/function_base.py=_needs_add_docstring=451
/home/jiangt/FaaSLight-Re/Original_app/app3-dynamic/numpy/core/function_base.py=add_newdoc=483
/home/jiangt/FaaSLight-Re/Original_app/app3-dynamic/numpy/core/function_base.py=_add_docstring=469
/home/jiangt/FaaSLight-Re/Original_app/app3-dynamic/numpy/core/function_base.py=_needs_add_docstring=451
/home/jiangt/FaaSLight-Re/Original_app/app3-dynamic/numpy/core/function_base.py=add_newdoc=483
/home/jiangt/FaaSLight-Re/Original_app/app3-dynamic/numpy/core/function_base.py=_add_docstring=469
/home/jiangt/FaaSLight-Re/Original_app/app3-dynamic/numpy/core/function_base.py=_needs_add_docstring=451
/home/jiangt/FaaSLight-Re/Original_app/app3-dynamic/numpy/core/function_base.py=add_newdoc=483
/home/jiangt/FaaSLight-Re/Original_app/app3-dynamic/numpy/core/function_base.py=_add_docstring=469
/home/jiangt/FaaSLight-Re/Original_app/app3-dynamic/numpy/core/function_base.py=_needs_add_docstring=451
/home/jiangt/FaaSLight-Re/Original_app/app3-dynamic/numpy/core/function_base.py=add_newdoc=483
/home/jiangt/FaaSLight-Re/Original_app/app3-dynamic/numpy/core/function_base.py=_add_docstring=469
/home/jiangt/FaaSLight-Re/Original_app/app3-dynamic/numpy/core/function_base.py=_needs_add_docstring=451
/home/jiangt/FaaSLight-Re/Original_app/app3-dynamic/numpy/core/function_base.py=add_newdoc=483
/home/jiangt/FaaSLight-Re/Original_app/app3-dynamic/numpy/core/function_base.py=_add_docstring=469
/home/jiangt/FaaSLight-Re/Original_app/app3-dynamic/numpy/core/function_base.py=_needs_add_docstring=451
/home/jiangt/FaaSLight-Re/Original_app/app3-dynamic/numpy/core/function_base.py=add_newdoc=483
/home/jiangt/FaaSLight-Re/Original_app/app3-dynamic/numpy/core/function_base.py=_add_docstring=469
/home/jiangt/FaaSLight-Re/Original_app/app3-dynamic/numpy/core/function_base.py=_needs_add_docstring=451
/home/jiangt/FaaSLight-Re/Original_app/app3-dynamic/numpy/core/function_base.py=add_newdoc=483
/home/jiangt/FaaSLight-Re/Original_app/app3-dynamic/numpy/core/function_base.py=_add_docstring=469
/home/jiangt/FaaSLight-Re/Original_app/app3-dynamic/numpy/core/function_base.py=_needs_add_docstring=451
/home/jiangt/FaaSLight-Re/Original_app/app3-dynamic/numpy/core/function_base.py=add_newdoc=483
/home/jiangt/FaaSLight-Re/Original_app/app3-dynamic/numpy/core/function_base.py=_add_docstring=469
/home/jiangt/FaaSLight-Re/Original_app/app3-dynamic/numpy/core/function_base.py=_needs_add_docstring=451
/home/jiangt/FaaSLight-Re/Original_app/app3-dynamic/numpy/core/function_base.py=add_newdoc=483
/home/jiangt/FaaSLight-Re/Original_app/app3-dynamic/numpy/core/function_base.py=_add_docstring=469
/home/jiangt/FaaSLight-Re/Original_app/app3-dynamic/numpy/core/function_base.py=_needs_add_docstring=451
/home/jiangt/FaaSLight-Re/Original_app/app3-dynamic/numpy/core/function_base.py=add_newdoc=483
/home/jiangt/FaaSLight-Re/Original_app/app3-dynamic/numpy/core/function_base.py=_add_docstring=469
/home/jiangt/FaaSLight-Re/Original_app/app3-dynamic/numpy/core/function_base.py=_needs_add_docstring=451
/home/jiangt/FaaSLight-Re/Original_app/app3-dynamic/numpy/core/function_base.py=add_newdoc=483
/home/jiangt/FaaSLight-Re/Original_app/app3-dynamic/numpy/core/function_base.py=_add_docstring=469
/home/jiangt/FaaSLight-Re/Original_app/app3-dynamic/numpy/core/function_base.py=_needs_add_docstring=451
/home/jiangt/FaaSLight-Re/Original_app/app3-dynamic/numpy/core/function_base.py=add_newdoc=483
/home/jiangt/FaaSLight-Re/Original_app/app3-dynamic/numpy/core/function_base.py=_add_docstring=469
/home/jiangt/FaaSLight-Re/Original_app/app3-dynamic/numpy/core/function_base.py=_needs_add_docstring=451
/home/jiangt/FaaSLight-Re/Original_app/app3-dynamic/numpy/core/function_base.py=add_newdoc=483
/home/jiangt/FaaSLight-Re/Original_app/app3-dynamic/numpy/core/function_base.py=_add_docstring=469
/home/jiangt/FaaSLight-Re/Original_app/app3-dynamic/numpy/core/function_base.py=_needs_add_docstring=451
/home/jiangt/FaaSLight-Re/Original_app/app3-dynamic/numpy/core/function_base.py=add_newdoc=483
/home/jiangt/FaaSLight-Re/Original_app/app3-dynamic/numpy/core/function_base.py=_add_docstring=469
/home/jiangt/FaaSLight-Re/Original_app/app3-dynamic/numpy/core/function_base.py=_needs_add_docstring=451
/home/jiangt/FaaSLight-Re/Original_app/app3-dynamic/numpy/core/function_base.py=add_newdoc=483
/home/jiangt/FaaSLight-Re/Original_app/app3-dynamic/numpy/core/function_base.py=_add_docstring=469
/home/jiangt/FaaSLight-Re/Original_app/app3-dynamic/numpy/core/function_base.py=_needs_add_docstring=451
/home/jiangt/FaaSLight-Re/Original_app/app3-dynamic/numpy/core/function_base.py=add_newdoc=483
/home/jiangt/FaaSLight-Re/Original_app/app3-dynamic/numpy/core/function_base.py=_add_docstring=469
/home/jiangt/FaaSLight-Re/Original_app/app3-dynamic/numpy/core/function_base.py=_needs_add_docstring=451
/home/jiangt/FaaSLight-Re/Original_app/app3-dynamic/numpy/core/function_base.py=add_newdoc=483
/home/jiangt/FaaSLight-Re/Original_app/app3-dynamic/numpy/core/function_base.py=_add_docstring=469
/home/jiangt/FaaSLight-Re/Original_app/app3-dynamic/numpy/core/function_base.py=_needs_add_docstring=451
/home/jiangt/FaaSLight-Re/Original_app/app3-dynamic/numpy/core/function_base.py=add_newdoc=483
/home/jiangt/FaaSLight-Re/Original_app/app3-dynamic/numpy/core/function_base.py=_add_docstring=469
/home/jiangt/FaaSLight-Re/Original_app/app3-dynamic/numpy/core/function_base.py=_needs_add_docstring=451
/home/jiangt/FaaSLight-Re/Original_app/app3-dynamic/numpy/core/function_base.py=add_newdoc=483
/home/jiangt/FaaSLight-Re/Original_app/app3-dynamic/numpy/core/function_base.py=_add_docstring=469
/home/jiangt/FaaSLight-Re/Original_app/app3-dynamic/numpy/core/function_base.py=_needs_add_docstring=451
/home/jiangt/FaaSLight-Re/Original_app/app3-dynamic/numpy/core/function_base.py=add_newdoc=483
/home/jiangt/FaaSLight-Re/Original_app/app3-dynamic/numpy/core/function_base.py=_add_docstring=469
/home/jiangt/FaaSLight-Re/Original_app/app3-dynamic/numpy/core/function_base.py=_needs_add_docstring=451
/home/jiangt/FaaSLight-Re/Original_app/app3-dynamic/numpy/core/function_base.py=add_newdoc=483
/home/jiangt/FaaSLight-Re/Original_app/app3-dynamic/numpy/core/function_base.py=_add_docstring=469
/home/jiangt/FaaSLight-Re/Original_app/app3-dynamic/numpy/core/function_base.py=_needs_add_docstring=451
/home/jiangt/FaaSLight-Re/Original_app/app3-dynamic/numpy/core/function_base.py=add_newdoc=483
/home/jiangt/FaaSLight-Re/Original_app/app3-dynamic/numpy/core/function_base.py=_add_docstring=469
/home/jiangt/FaaSLight-Re/Original_app/app3-dynamic/numpy/core/function_base.py=_needs_add_docstring=451
/home/jiangt/FaaSLight-Re/Original_app/app3-dynamic/numpy/core/function_base.py=add_newdoc=483
/home/jiangt/FaaSLight-Re/Original_app/app3-dynamic/numpy/core/function_base.py=_add_docstring=469
/home/jiangt/FaaSLight-Re/Original_app/app3-dynamic/numpy/core/function_base.py=_needs_add_docstring=451
/home/jiangt/FaaSLight-Re/Original_app/app3-dynamic/numpy/core/function_base.py=add_newdoc=483
/home/jiangt/FaaSLight-Re/Original_app/app3-dynamic/numpy/core/function_base.py=_add_docstring=469
/home/jiangt/FaaSLight-Re/Original_app/app3-dynamic/numpy/core/function_base.py=_needs_add_docstring=451
/home/jiangt/FaaSLight-Re/Original_app/app3-dynamic/numpy/core/function_base.py=add_newdoc=483
/home/jiangt/FaaSLight-Re/Original_app/app3-dynamic/numpy/core/function_base.py=_add_docstring=469
/home/jiangt/FaaSLight-Re/Original_app/app3-dynamic/numpy/core/function_base.py=_needs_add_docstring=451
/home/jiangt/FaaSLight-Re/Original_app/app3-dynamic/numpy/core/function_base.py=add_newdoc=483
/home/jiangt/FaaSLight-Re/Original_app/app3-dynamic/numpy/core/function_base.py=_add_docstring=469
/home/jiangt/FaaSLight-Re/Original_app/app3-dynamic/numpy/core/function_base.py=_needs_add_docstring=451
/home/jiangt/FaaSLight-Re/Original_app/app3-dynamic/numpy/core/function_base.py=add_newdoc=483
/home/jiangt/FaaSLight-Re/Original_app/app3-dynamic/numpy/core/function_base.py=_add_docstring=469
/home/jiangt/FaaSLight-Re/Original_app/app3-dynamic/numpy/core/function_base.py=_needs_add_docstring=451
/home/jiangt/FaaSLight-Re/Original_app/app3-dynamic/numpy/core/function_base.py=add_newdoc=483
/home/jiangt/FaaSLight-Re/Original_app/app3-dynamic/numpy/core/function_base.py=_add_docstring=469
/home/jiangt/FaaSLight-Re/Original_app/app3-dynamic/numpy/core/function_base.py=_needs_add_docstring=451
/home/jiangt/FaaSLight-Re/Original_app/app3-dynamic/numpy/core/function_base.py=add_newdoc=483
/home/jiangt/FaaSLight-Re/Original_app/app3-dynamic/numpy/core/function_base.py=_add_docstring=469
/home/jiangt/FaaSLight-Re/Original_app/app3-dynamic/numpy/core/function_base.py=_needs_add_docstring=451
/home/jiangt/FaaSLight-Re/Original_app/app3-dynamic/numpy/core/function_base.py=add_newdoc=483
/home/jiangt/FaaSLight-Re/Original_app/app3-dynamic/numpy/core/function_base.py=_add_docstring=469
/home/jiangt/FaaSLight-Re/Original_app/app3-dynamic/numpy/core/function_base.py=_needs_add_docstring=451
/home/jiangt/FaaSLight-Re/Original_app/app3-dynamic/numpy/core/function_base.py=add_newdoc=483
/home/jiangt/FaaSLight-Re/Original_app/app3-dynamic/numpy/core/function_base.py=_add_docstring=469
/home/jiangt/FaaSLight-Re/Original_app/app3-dynamic/numpy/core/function_base.py=_needs_add_docstring=451
/home/jiangt/FaaSLight-Re/Original_app/app3-dynamic/numpy/core/function_base.py=add_newdoc=483
/home/jiangt/FaaSLight-Re/Original_app/app3-dynamic/numpy/core/function_base.py=_add_docstring=469
/home/jiangt/FaaSLight-Re/Original_app/app3-dynamic/numpy/core/function_base.py=_needs_add_docstring=451
/home/jiangt/FaaSLight-Re/Original_app/app3-dynamic/numpy/core/function_base.py=add_newdoc=483
/home/jiangt/FaaSLight-Re/Original_app/app3-dynamic/numpy/core/function_base.py=_add_docstring=469
/home/jiangt/FaaSLight-Re/Original_app/app3-dynamic/numpy/core/function_base.py=_needs_add_docstring=451
/home/jiangt/FaaSLight-Re/Original_app/app3-dynamic/numpy/core/function_base.py=add_newdoc=483
/home/jiangt/FaaSLight-Re/Original_app/app3-dynamic/numpy/core/function_base.py=_add_docstring=469
/home/jiangt/FaaSLight-Re/Original_app/app3-dynamic/numpy/core/function_base.py=_needs_add_docstring=451
/home/jiangt/FaaSLight-Re/Original_app/app3-dynamic/numpy/core/function_base.py=add_newdoc=483
/home/jiangt/FaaSLight-Re/Original_app/app3-dynamic/numpy/core/function_base.py=_add_docstring=469
/home/jiangt/FaaSLight-Re/Original_app/app3-dynamic/numpy/core/function_base.py=_needs_add_docstring=451
/home/jiangt/FaaSLight-Re/Original_app/app3-dynamic/numpy/core/function_base.py=add_newdoc=483
/home/jiangt/FaaSLight-Re/Original_app/app3-dynamic/numpy/core/function_base.py=_add_docstring=469
/home/jiangt/FaaSLight-Re/Original_app/app3-dynamic/numpy/core/function_base.py=_needs_add_docstring=451
/home/jiangt/FaaSLight-Re/Original_app/app3-dynamic/numpy/core/function_base.py=add_newdoc=483
/home/jiangt/FaaSLight-Re/Original_app/app3-dynamic/numpy/core/function_base.py=_add_docstring=469
/home/jiangt/FaaSLight-Re/Original_app/app3-dynamic/numpy/core/function_base.py=_needs_add_docstring=451
/home/jiangt/FaaSLight-Re/Original_app/app3-dynamic/numpy/core/function_base.py=add_newdoc=483
/home/jiangt/FaaSLight-Re/Original_app/app3-dynamic/numpy/core/function_base.py=_add_docstring=469
/home/jiangt/FaaSLight-Re/Original_app/app3-dynamic/numpy/core/function_base.py=_needs_add_docstring=451
/home/jiangt/FaaSLight-Re/Original_app/app3-dynamic/numpy/core/function_base.py=add_newdoc=483
/home/jiangt/FaaSLight-Re/Original_app/app3-dynamic/numpy/core/function_base.py=_add_docstring=469
/home/jiangt/FaaSLight-Re/Original_app/app3-dynamic/numpy/core/function_base.py=_needs_add_docstring=451
/home/jiangt/FaaSLight-Re/Original_app/app3-dynamic/numpy/core/function_base.py=add_newdoc=483
/home/jiangt/FaaSLight-Re/Original_app/app3-dynamic/numpy/core/function_base.py=_add_docstring=469
/home/jiangt/FaaSLight-Re/Original_app/app3-dynamic/numpy/core/function_base.py=_needs_add_docstring=451
/home/jiangt/FaaSLight-Re/Original_app/app3-dynamic/numpy/core/function_base.py=add_newdoc=483
/home/jiangt/FaaSLight-Re/Original_app/app3-dynamic/numpy/core/function_base.py=_add_docstring=469
/home/jiangt/FaaSLight-Re/Original_app/app3-dynamic/numpy/core/function_base.py=_needs_add_docstring=451
/home/jiangt/FaaSLight-Re/Original_app/app3-dynamic/numpy/core/function_base.py=add_newdoc=483
/home/jiangt/FaaSLight-Re/Original_app/app3-dynamic/numpy/core/function_base.py=_add_docstring=469
/home/jiangt/FaaSLight-Re/Original_app/app3-dynamic/numpy/core/function_base.py=_needs_add_docstring=451
/home/jiangt/FaaSLight-Re/Original_app/app3-dynamic/numpy/core/function_base.py=add_newdoc=483
/home/jiangt/FaaSLight-Re/Original_app/app3-dynamic/numpy/core/function_base.py=_add_docstring=469
/home/jiangt/FaaSLight-Re/Original_app/app3-dynamic/numpy/core/function_base.py=_needs_add_docstring=451
/home/jiangt/FaaSLight-Re/Original_app/app3-dynamic/numpy/core/function_base.py=add_newdoc=483
/home/jiangt/FaaSLight-Re/Original_app/app3-dynamic/numpy/core/function_base.py=_add_docstring=469
/home/jiangt/FaaSLight-Re/Original_app/app3-dynamic/numpy/core/function_base.py=_needs_add_docstring=451
/home/jiangt/FaaSLight-Re/Original_app/app3-dynamic/numpy/core/function_base.py=add_newdoc=483
/home/jiangt/FaaSLight-Re/Original_app/app3-dynamic/numpy/core/function_base.py=_add_docstring=469
/home/jiangt/FaaSLight-Re/Original_app/app3-dynamic/numpy/core/function_base.py=_needs_add_docstring=451
/home/jiangt/FaaSLight-Re/Original_app/app3-dynamic/numpy/core/function_base.py=add_newdoc=483
/home/jiangt/FaaSLight-Re/Original_app/app3-dynamic/numpy/core/function_base.py=_add_docstring=469
/home/jiangt/FaaSLight-Re/Original_app/app3-dynamic/numpy/core/function_base.py=_needs_add_docstring=451
/home/jiangt/FaaSLight-Re/Original_app/app3-dynamic/numpy/core/function_base.py=add_newdoc=483
/home/jiangt/FaaSLight-Re/Original_app/app3-dynamic/numpy/core/function_base.py=_add_docstring=469
/home/jiangt/FaaSLight-Re/Original_app/app3-dynamic/numpy/core/function_base.py=_needs_add_docstring=451
/home/jiangt/FaaSLight-Re/Original_app/app3-dynamic/numpy/core/function_base.py=add_newdoc=483
/home/jiangt/FaaSLight-Re/Original_app/app3-dynamic/numpy/core/function_base.py=_add_docstring=469
/home/jiangt/FaaSLight-Re/Original_app/app3-dynamic/numpy/core/function_base.py=_needs_add_docstring=451
/home/jiangt/FaaSLight-Re/Original_app/app3-dynamic/numpy/core/function_base.py=add_newdoc=483
/home/jiangt/FaaSLight-Re/Original_app/app3-dynamic/numpy/core/function_base.py=_add_docstring=469
/home/jiangt/FaaSLight-Re/Original_app/app3-dynamic/numpy/core/function_base.py=_needs_add_docstring=451
/home/jiangt/FaaSLight-Re/Original_app/app3-dynamic/numpy/core/function_base.py=add_newdoc=483
/home/jiangt/FaaSLight-Re/Original_app/app3-dynamic/numpy/core/function_base.py=_add_docstring=469
/home/jiangt/FaaSLight-Re/Original_app/app3-dynamic/numpy/core/function_base.py=_needs_add_docstring=451
/home/jiangt/FaaSLight-Re/Original_app/app3-dynamic/numpy/core/function_base.py=add_newdoc=483
/home/jiangt/FaaSLight-Re/Original_app/app3-dynamic/numpy/core/function_base.py=_add_docstring=469
/home/jiangt/FaaSLight-Re/Original_app/app3-dynamic/numpy/core/function_base.py=_needs_add_docstring=451
/home/jiangt/FaaSLight-Re/Original_app/app3-dynamic/numpy/core/function_base.py=add_newdoc=483
/home/jiangt/FaaSLight-Re/Original_app/app3-dynamic/numpy/core/function_base.py=_add_docstring=469
/home/jiangt/FaaSLight-Re/Original_app/app3-dynamic/numpy/core/function_base.py=_needs_add_docstring=451
/home/jiangt/FaaSLight-Re/Original_app/app3-dynamic/numpy/core/function_base.py=add_newdoc=483
/home/jiangt/FaaSLight-Re/Original_app/app3-dynamic/numpy/core/function_base.py=_add_docstring=469
/home/jiangt/FaaSLight-Re/Original_app/app3-dynamic/numpy/core/function_base.py=_needs_add_docstring=451
/home/jiangt/FaaSLight-Re/Original_app/app3-dynamic/numpy/core/function_base.py=add_newdoc=483
/home/jiangt/FaaSLight-Re/Original_app/app3-dynamic/numpy/core/function_base.py=_add_docstring=469
/home/jiangt/FaaSLight-Re/Original_app/app3-dynamic/numpy/core/function_base.py=_needs_add_docstring=451
/home/jiangt/FaaSLight-Re/Original_app/app3-dynamic/numpy/core/function_base.py=add_newdoc=483
/home/jiangt/FaaSLight-Re/Original_app/app3-dynamic/numpy/core/function_base.py=_add_docstring=469
/home/jiangt/FaaSLight-Re/Original_app/app3-dynamic/numpy/core/function_base.py=_needs_add_docstring=451
/home/jiangt/FaaSLight-Re/Original_app/app3-dynamic/numpy/core/function_base.py=add_newdoc=483
/home/jiangt/FaaSLight-Re/Original_app/app3-dynamic/numpy/core/function_base.py=_add_docstring=469
/home/jiangt/FaaSLight-Re/Original_app/app3-dynamic/numpy/core/function_base.py=_needs_add_docstring=451
/home/jiangt/FaaSLight-Re/Original_app/app3-dynamic/numpy/core/function_base.py=add_newdoc=483
/home/jiangt/FaaSLight-Re/Original_app/app3-dynamic/numpy/core/function_base.py=_add_docstring=469
/home/jiangt/FaaSLight-Re/Original_app/app3-dynamic/numpy/core/function_base.py=_needs_add_docstring=451
/home/jiangt/FaaSLight-Re/Original_app/app3-dynamic/numpy/core/function_base.py=add_newdoc=483
/home/jiangt/FaaSLight-Re/Original_app/app3-dynamic/numpy/core/function_base.py=_add_docstring=469
/home/jiangt/FaaSLight-Re/Original_app/app3-dynamic/numpy/core/function_base.py=_needs_add_docstring=451
/home/jiangt/FaaSLight-Re/Original_app/app3-dynamic/numpy/core/function_base.py=add_newdoc=483
/home/jiangt/FaaSLight-Re/Original_app/app3-dynamic/numpy/core/function_base.py=_add_docstring=469
/home/jiangt/FaaSLight-Re/Original_app/app3-dynamic/numpy/core/function_base.py=_needs_add_docstring=451
/home/jiangt/FaaSLight-Re/Original_app/app3-dynamic/numpy/core/function_base.py=add_newdoc=483
/home/jiangt/FaaSLight-Re/Original_app/app3-dynamic/numpy/core/function_base.py=_add_docstring=469
/home/jiangt/FaaSLight-Re/Original_app/app3-dynamic/numpy/core/function_base.py=_needs_add_docstring=451
/home/jiangt/FaaSLight-Re/Original_app/app3-dynamic/numpy/core/function_base.py=add_newdoc=483
/home/jiangt/FaaSLight-Re/Original_app/app3-dynamic/numpy/core/function_base.py=_add_docstring=469
/home/jiangt/FaaSLight-Re/Original_app/app3-dynamic/numpy/core/function_base.py=_needs_add_docstring=451
/home/jiangt/FaaSLight-Re/Original_app/app3-dynamic/numpy/core/function_base.py=add_newdoc=483
/home/jiangt/FaaSLight-Re/Original_app/app3-dynamic/numpy/core/function_base.py=_add_docstring=469
/home/jiangt/FaaSLight-Re/Original_app/app3-dynamic/numpy/core/function_base.py=_needs_add_docstring=451
/home/jiangt/FaaSLight-Re/Original_app/app3-dynamic/numpy/core/function_base.py=add_newdoc=483
/home/jiangt/FaaSLight-Re/Original_app/app3-dynamic/numpy/core/function_base.py=_add_docstring=469
/home/jiangt/FaaSLight-Re/Original_app/app3-dynamic/numpy/core/function_base.py=_needs_add_docstring=451
/home/jiangt/FaaSLight-Re/Original_app/app3-dynamic/numpy/core/function_base.py=add_newdoc=483
/home/jiangt/FaaSLight-Re/Original_app/app3-dynamic/numpy/core/function_base.py=_add_docstring=469
/home/jiangt/FaaSLight-Re/Original_app/app3-dynamic/numpy/core/function_base.py=_needs_add_docstring=451
/home/jiangt/FaaSLight-Re/Original_app/app3-dynamic/numpy/core/function_base.py=add_newdoc=483
/home/jiangt/FaaSLight-Re/Original_app/app3-dynamic/numpy/core/function_base.py=_add_docstring=469
/home/jiangt/FaaSLight-Re/Original_app/app3-dynamic/numpy/core/function_base.py=_needs_add_docstring=451
/home/jiangt/FaaSLight-Re/Original_app/app3-dynamic/numpy/core/function_base.py=add_newdoc=483
/home/jiangt/FaaSLight-Re/Original_app/app3-dynamic/numpy/core/function_base.py=_add_docstring=469
/home/jiangt/FaaSLight-Re/Original_app/app3-dynamic/numpy/core/function_base.py=_needs_add_docstring=451
/home/jiangt/FaaSLight-Re/Original_app/app3-dynamic/numpy/core/function_base.py=add_newdoc=483
/home/jiangt/FaaSLight-Re/Original_app/app3-dynamic/numpy/core/function_base.py=_add_docstring=469
/home/jiangt/FaaSLight-Re/Original_app/app3-dynamic/numpy/core/function_base.py=_needs_add_docstring=451
/home/jiangt/FaaSLight-Re/Original_app/app3-dynamic/numpy/core/function_base.py=add_newdoc=483
/home/jiangt/FaaSLight-Re/Original_app/app3-dynamic/numpy/core/function_base.py=_add_docstring=469
/home/jiangt/FaaSLight-Re/Original_app/app3-dynamic/numpy/core/function_base.py=_needs_add_docstring=451
/home/jiangt/FaaSLight-Re/Original_app/app3-dynamic/numpy/core/function_base.py=add_newdoc=483
/home/jiangt/FaaSLight-Re/Original_app/app3-dynamic/numpy/core/function_base.py=_add_docstring=469
/home/jiangt/FaaSLight-Re/Original_app/app3-dynamic/numpy/core/function_base.py=_needs_add_docstring=451
/home/jiangt/FaaSLight-Re/Original_app/app3-dynamic/numpy/core/function_base.py=add_newdoc=483
/home/jiangt/FaaSLight-Re/Original_app/app3-dynamic/numpy/core/function_base.py=_add_docstring=469
/home/jiangt/FaaSLight-Re/Original_app/app3-dynamic/numpy/core/function_base.py=_needs_add_docstring=451
/home/jiangt/FaaSLight-Re/Original_app/app3-dynamic/numpy/core/function_base.py=add_newdoc=483
/home/jiangt/FaaSLight-Re/Original_app/app3-dynamic/numpy/core/function_base.py=_add_docstring=469
/home/jiangt/FaaSLight-Re/Original_app/app3-dynamic/numpy/core/function_base.py=_needs_add_docstring=451
/home/jiangt/FaaSLight-Re/Original_app/app3-dynamic/numpy/core/function_base.py=add_newdoc=483
/home/jiangt/FaaSLight-Re/Original_app/app3-dynamic/numpy/core/function_base.py=_add_docstring=469
/home/jiangt/FaaSLight-Re/Original_app/app3-dynamic/numpy/core/function_base.py=_needs_add_docstring=451
/home/jiangt/FaaSLight-Re/Original_app/app3-dynamic/numpy/core/function_base.py=add_newdoc=483
/home/jiangt/FaaSLight-Re/Original_app/app3-dynamic/numpy/core/function_base.py=_add_docstring=469
/home/jiangt/FaaSLight-Re/Original_app/app3-dynamic/numpy/core/function_base.py=_needs_add_docstring=451
/home/jiangt/FaaSLight-Re/Original_app/app3-dynamic/numpy/core/function_base.py=add_newdoc=483
/home/jiangt/FaaSLight-Re/Original_app/app3-dynamic/numpy/core/function_base.py=_add_docstring=469
/home/jiangt/FaaSLight-Re/Original_app/app3-dynamic/numpy/core/function_base.py=_needs_add_docstring=451
/home/jiangt/FaaSLight-Re/Original_app/app3-dynamic/numpy/core/function_base.py=add_newdoc=483
/home/jiangt/FaaSLight-Re/Original_app/app3-dynamic/numpy/core/function_base.py=_add_docstring=469
/home/jiangt/FaaSLight-Re/Original_app/app3-dynamic/numpy/core/function_base.py=_needs_add_docstring=451
/home/jiangt/FaaSLight-Re/Original_app/app3-dynamic/numpy/core/function_base.py=add_newdoc=483
/home/jiangt/FaaSLight-Re/Original_app/app3-dynamic/numpy/core/function_base.py=_add_docstring=469
/home/jiangt/FaaSLight-Re/Original_app/app3-dynamic/numpy/core/function_base.py=_needs_add_docstring=451
/home/jiangt/FaaSLight-Re/Original_app/app3-dynamic/numpy/core/function_base.py=add_newdoc=483
/home/jiangt/FaaSLight-Re/Original_app/app3-dynamic/numpy/core/function_base.py=_add_docstring=469
/home/jiangt/FaaSLight-Re/Original_app/app3-dynamic/numpy/core/function_base.py=_needs_add_docstring=451
/home/jiangt/FaaSLight-Re/Original_app/app3-dynamic/numpy/core/function_base.py=add_newdoc=483
/home/jiangt/FaaSLight-Re/Original_app/app3-dynamic/numpy/core/function_base.py=_add_docstring=469
/home/jiangt/FaaSLight-Re/Original_app/app3-dynamic/numpy/core/function_base.py=_needs_add_docstring=451
/home/jiangt/FaaSLight-Re/Original_app/app3-dynamic/numpy/core/function_base.py=add_newdoc=483
/home/jiangt/FaaSLight-Re/Original_app/app3-dynamic/numpy/core/function_base.py=_add_docstring=469
/home/jiangt/FaaSLight-Re/Original_app/app3-dynamic/numpy/core/function_base.py=_needs_add_docstring=451
/home/jiangt/FaaSLight-Re/Original_app/app3-dynamic/numpy/core/function_base.py=add_newdoc=483
/home/jiangt/FaaSLight-Re/Original_app/app3-dynamic/numpy/core/function_base.py=_add_docstring=469
/home/jiangt/FaaSLight-Re/Original_app/app3-dynamic/numpy/core/function_base.py=_needs_add_docstring=451
/home/jiangt/FaaSLight-Re/Original_app/app3-dynamic/numpy/core/function_base.py=add_newdoc=483
/home/jiangt/FaaSLight-Re/Original_app/app3-dynamic/numpy/core/function_base.py=_add_docstring=469
/home/jiangt/FaaSLight-Re/Original_app/app3-dynamic/numpy/core/function_base.py=_needs_add_docstring=451
/home/jiangt/FaaSLight-Re/Original_app/app3-dynamic/numpy/core/function_base.py=add_newdoc=483
/home/jiangt/FaaSLight-Re/Original_app/app3-dynamic/numpy/core/function_base.py=_add_docstring=469
/home/jiangt/FaaSLight-Re/Original_app/app3-dynamic/numpy/core/function_base.py=_needs_add_docstring=451
/home/jiangt/FaaSLight-Re/Original_app/app3-dynamic/numpy/core/function_base.py=add_newdoc=483
/home/jiangt/FaaSLight-Re/Original_app/app3-dynamic/numpy/core/function_base.py=_add_docstring=469
/home/jiangt/FaaSLight-Re/Original_app/app3-dynamic/numpy/core/function_base.py=_needs_add_docstring=451
/home/jiangt/FaaSLight-Re/Original_app/app3-dynamic/numpy/core/function_base.py=add_newdoc=483
/home/jiangt/FaaSLight-Re/Original_app/app3-dynamic/numpy/core/function_base.py=_add_docstring=469
/home/jiangt/FaaSLight-Re/Original_app/app3-dynamic/numpy/core/function_base.py=_needs_add_docstring=451
/home/jiangt/FaaSLight-Re/Original_app/app3-dynamic/numpy/core/function_base.py=add_newdoc=483
/home/jiangt/FaaSLight-Re/Original_app/app3-dynamic/numpy/core/function_base.py=_add_docstring=469
/home/jiangt/FaaSLight-Re/Original_app/app3-dynamic/numpy/core/function_base.py=_needs_add_docstring=451
/home/jiangt/FaaSLight-Re/Original_app/app3-dynamic/numpy/core/function_base.py=add_newdoc=483
/home/jiangt/FaaSLight-Re/Original_app/app3-dynamic/numpy/core/function_base.py=_add_docstring=469
/home/jiangt/FaaSLight-Re/Original_app/app3-dynamic/numpy/core/function_base.py=_needs_add_docstring=451
/home/jiangt/FaaSLight-Re/Original_app/app3-dynamic/numpy/core/function_base.py=add_newdoc=483
/home/jiangt/FaaSLight-Re/Original_app/app3-dynamic/numpy/core/function_base.py=_add_docstring=469
/home/jiangt/FaaSLight-Re/Original_app/app3-dynamic/numpy/core/function_base.py=_needs_add_docstring=451
/home/jiangt/FaaSLight-Re/Original_app/app3-dynamic/numpy/core/function_base.py=add_newdoc=483
/home/jiangt/FaaSLight-Re/Original_app/app3-dynamic/numpy/core/function_base.py=_add_docstring=469
/home/jiangt/FaaSLight-Re/Original_app/app3-dynamic/numpy/core/function_base.py=_needs_add_docstring=451
/home/jiangt/FaaSLight-Re/Original_app/app3-dynamic/numpy/core/function_base.py=add_newdoc=483
/home/jiangt/FaaSLight-Re/Original_app/app3-dynamic/numpy/core/function_base.py=_add_docstring=469
/home/jiangt/FaaSLight-Re/Original_app/app3-dynamic/numpy/core/function_base.py=_needs_add_docstring=451
/home/jiangt/FaaSLight-Re/Original_app/app3-dynamic/numpy/core/function_base.py=add_newdoc=483
/home/jiangt/FaaSLight-Re/Original_app/app3-dynamic/numpy/core/function_base.py=_add_docstring=469
/home/jiangt/FaaSLight-Re/Original_app/app3-dynamic/numpy/core/function_base.py=_needs_add_docstring=451
/home/jiangt/FaaSLight-Re/Original_app/app3-dynamic/numpy/core/function_base.py=add_newdoc=483
/home/jiangt/FaaSLight-Re/Original_app/app3-dynamic/numpy/core/function_base.py=_add_docstring=469
/home/jiangt/FaaSLight-Re/Original_app/app3-dynamic/numpy/core/function_base.py=_needs_add_docstring=451
/home/jiangt/FaaSLight-Re/Original_app/app3-dynamic/numpy/core/function_base.py=add_newdoc=483
/home/jiangt/FaaSLight-Re/Original_app/app3-dynamic/numpy/core/function_base.py=_add_docstring=469
/home/jiangt/FaaSLight-Re/Original_app/app3-dynamic/numpy/core/function_base.py=_needs_add_docstring=451
/home/jiangt/FaaSLight-Re/Original_app/app3-dynamic/numpy/core/function_base.py=add_newdoc=483
/home/jiangt/FaaSLight-Re/Original_app/app3-dynamic/numpy/core/function_base.py=_add_docstring=469
/home/jiangt/FaaSLight-Re/Original_app/app3-dynamic/numpy/core/function_base.py=_needs_add_docstring=451
/home/jiangt/FaaSLight-Re/Original_app/app3-dynamic/numpy/core/function_base.py=add_newdoc=483
/home/jiangt/FaaSLight-Re/Original_app/app3-dynamic/numpy/core/function_base.py=_add_docstring=469
/home/jiangt/FaaSLight-Re/Original_app/app3-dynamic/numpy/core/function_base.py=_needs_add_docstring=451
/home/jiangt/FaaSLight-Re/Original_app/app3-dynamic/numpy/core/function_base.py=add_newdoc=483
/home/jiangt/FaaSLight-Re/Original_app/app3-dynamic/numpy/core/function_base.py=_add_docstring=469
/home/jiangt/FaaSLight-Re/Original_app/app3-dynamic/numpy/core/function_base.py=_needs_add_docstring=451
/home/jiangt/FaaSLight-Re/Original_app/app3-dynamic/numpy/core/function_base.py=add_newdoc=483
/home/jiangt/FaaSLight-Re/Original_app/app3-dynamic/numpy/core/function_base.py=_add_docstring=469
/home/jiangt/FaaSLight-Re/Original_app/app3-dynamic/numpy/core/function_base.py=_needs_add_docstring=451
/home/jiangt/FaaSLight-Re/Original_app/app3-dynamic/numpy/core/function_base.py=add_newdoc=483
/home/jiangt/FaaSLight-Re/Original_app/app3-dynamic/numpy/core/function_base.py=_add_docstring=469
/home/jiangt/FaaSLight-Re/Original_app/app3-dynamic/numpy/core/function_base.py=_needs_add_docstring=451
/home/jiangt/FaaSLight-Re/Original_app/app3-dynamic/numpy/core/function_base.py=add_newdoc=483
/home/jiangt/FaaSLight-Re/Original_app/app3-dynamic/numpy/core/function_base.py=_add_docstring=469
/home/jiangt/FaaSLight-Re/Original_app/app3-dynamic/numpy/core/function_base.py=_needs_add_docstring=451
/home/jiangt/FaaSLight-Re/Original_app/app3-dynamic/numpy/core/function_base.py=add_newdoc=483
/home/jiangt/FaaSLight-Re/Original_app/app3-dynamic/numpy/core/function_base.py=_add_docstring=469
/home/jiangt/FaaSLight-Re/Original_app/app3-dynamic/numpy/core/function_base.py=_needs_add_docstring=451
/home/jiangt/FaaSLight-Re/Original_app/app3-dynamic/numpy/core/function_base.py=add_newdoc=483
/home/jiangt/FaaSLight-Re/Original_app/app3-dynamic/numpy/core/function_base.py=_add_docstring=469
/home/jiangt/FaaSLight-Re/Original_app/app3-dynamic/numpy/core/function_base.py=_needs_add_docstring=451
/home/jiangt/FaaSLight-Re/Original_app/app3-dynamic/numpy/core/function_base.py=add_newdoc=483
/home/jiangt/FaaSLight-Re/Original_app/app3-dynamic/numpy/core/function_base.py=_add_docstring=469
/home/jiangt/FaaSLight-Re/Original_app/app3-dynamic/numpy/core/function_base.py=_needs_add_docstring=451
/home/jiangt/FaaSLight-Re/Original_app/app3-dynamic/numpy/core/function_base.py=add_newdoc=483
/home/jiangt/FaaSLight-Re/Original_app/app3-dynamic/numpy/core/function_base.py=_add_docstring=469
/home/jiangt/FaaSLight-Re/Original_app/app3-dynamic/numpy/core/function_base.py=_needs_add_docstring=451
/home/jiangt/FaaSLight-Re/Original_app/app3-dynamic/numpy/core/_add_newdocs.py=refer_to_array_attribute=6753
/home/jiangt/FaaSLight-Re/Original_app/app3-dynamic/numpy/core/function_base.py=add_newdoc=483
/home/jiangt/FaaSLight-Re/Original_app/app3-dynamic/numpy/core/function_base.py=_add_docstring=469
/home/jiangt/FaaSLight-Re/Original_app/app3-dynamic/numpy/core/function_base.py=_needs_add_docstring=451
/home/jiangt/FaaSLight-Re/Original_app/app3-dynamic/numpy/core/_add_newdocs.py=refer_to_array_attribute=6753
/home/jiangt/FaaSLight-Re/Original_app/app3-dynamic/numpy/core/function_base.py=add_newdoc=483
/home/jiangt/FaaSLight-Re/Original_app/app3-dynamic/numpy/core/function_base.py=_add_docstring=469
/home/jiangt/FaaSLight-Re/Original_app/app3-dynamic/numpy/core/function_base.py=_needs_add_docstring=451
/home/jiangt/FaaSLight-Re/Original_app/app3-dynamic/numpy/core/function_base.py=add_newdoc=483
/home/jiangt/FaaSLight-Re/Original_app/app3-dynamic/numpy/core/function_base.py=_add_docstring=469
/home/jiangt/FaaSLight-Re/Original_app/app3-dynamic/numpy/core/function_base.py=_needs_add_docstring=451
/home/jiangt/FaaSLight-Re/Original_app/app3-dynamic/numpy/core/function_base.py=add_newdoc=483
/home/jiangt/FaaSLight-Re/Original_app/app3-dynamic/numpy/core/function_base.py=_add_docstring=469
/home/jiangt/FaaSLight-Re/Original_app/app3-dynamic/numpy/core/function_base.py=_needs_add_docstring=451
/home/jiangt/FaaSLight-Re/Original_app/app3-dynamic/numpy/core/function_base.py=add_newdoc=483
/home/jiangt/FaaSLight-Re/Original_app/app3-dynamic/numpy/core/function_base.py=_add_docstring=469
/home/jiangt/FaaSLight-Re/Original_app/app3-dynamic/numpy/core/function_base.py=_needs_add_docstring=451
/home/jiangt/FaaSLight-Re/Original_app/app3-dynamic/numpy/core/function_base.py=add_newdoc=483
/home/jiangt/FaaSLight-Re/Original_app/app3-dynamic/numpy/core/function_base.py=_add_docstring=469
/home/jiangt/FaaSLight-Re/Original_app/app3-dynamic/numpy/core/function_base.py=_needs_add_docstring=451
/home/jiangt/FaaSLight-Re/Original_app/app3-dynamic/numpy/core/function_base.py=add_newdoc=483
/home/jiangt/FaaSLight-Re/Original_app/app3-dynamic/numpy/core/function_base.py=_add_docstring=469
/home/jiangt/FaaSLight-Re/Original_app/app3-dynamic/numpy/core/function_base.py=_needs_add_docstring=451
/home/jiangt/FaaSLight-Re/Original_app/app3-dynamic/numpy/core/function_base.py=add_newdoc=483
/home/jiangt/FaaSLight-Re/Original_app/app3-dynamic/numpy/core/function_base.py=_add_docstring=469
/home/jiangt/FaaSLight-Re/Original_app/app3-dynamic/numpy/core/function_base.py=_needs_add_docstring=451
/home/jiangt/FaaSLight-Re/Original_app/app3-dynamic/numpy/core/function_base.py=add_newdoc=483
/home/jiangt/FaaSLight-Re/Original_app/app3-dynamic/numpy/core/function_base.py=_add_docstring=469
/home/jiangt/FaaSLight-Re/Original_app/app3-dynamic/numpy/core/function_base.py=_needs_add_docstring=451
/home/jiangt/FaaSLight-Re/Original_app/app3-dynamic/numpy/core/function_base.py=add_newdoc=483
/home/jiangt/FaaSLight-Re/Original_app/app3-dynamic/numpy/core/function_base.py=_add_docstring=469
/home/jiangt/FaaSLight-Re/Original_app/app3-dynamic/numpy/core/function_base.py=_needs_add_docstring=451
/home/jiangt/FaaSLight-Re/Original_app/app3-dynamic/numpy/core/function_base.py=add_newdoc=483
/home/jiangt/FaaSLight-Re/Original_app/app3-dynamic/numpy/core/function_base.py=_add_docstring=469
/home/jiangt/FaaSLight-Re/Original_app/app3-dynamic/numpy/core/function_base.py=_needs_add_docstring=451
/home/jiangt/FaaSLight-Re/Original_app/app3-dynamic/numpy/core/function_base.py=add_newdoc=483
/home/jiangt/FaaSLight-Re/Original_app/app3-dynamic/numpy/core/function_base.py=_add_docstring=469
/home/jiangt/FaaSLight-Re/Original_app/app3-dynamic/numpy/core/function_base.py=_needs_add_docstring=451
/home/jiangt/FaaSLight-Re/Original_app/app3-dynamic/numpy/core/function_base.py=add_newdoc=483
/home/jiangt/FaaSLight-Re/Original_app/app3-dynamic/numpy/core/function_base.py=_add_docstring=469
/home/jiangt/FaaSLight-Re/Original_app/app3-dynamic/numpy/core/function_base.py=_needs_add_docstring=451
/home/jiangt/FaaSLight-Re/Original_app/app3-dynamic/numpy/core/function_base.py=add_newdoc=483
/home/jiangt/FaaSLight-Re/Original_app/app3-dynamic/numpy/core/function_base.py=_add_docstring=469
/home/jiangt/FaaSLight-Re/Original_app/app3-dynamic/numpy/core/function_base.py=_needs_add_docstring=451
/home/jiangt/FaaSLight-Re/Original_app/app3-dynamic/numpy/core/_add_newdocs.py=refer_to_array_attribute=6753
/home/jiangt/FaaSLight-Re/Original_app/app3-dynamic/numpy/core/function_base.py=add_newdoc=483
/home/jiangt/FaaSLight-Re/Original_app/app3-dynamic/numpy/core/function_base.py=_add_docstring=469
/home/jiangt/FaaSLight-Re/Original_app/app3-dynamic/numpy/core/function_base.py=_needs_add_docstring=451
/home/jiangt/FaaSLight-Re/Original_app/app3-dynamic/numpy/core/_add_newdocs.py=refer_to_array_attribute=6753
/home/jiangt/FaaSLight-Re/Original_app/app3-dynamic/numpy/core/function_base.py=add_newdoc=483
/home/jiangt/FaaSLight-Re/Original_app/app3-dynamic/numpy/core/function_base.py=_add_docstring=469
/home/jiangt/FaaSLight-Re/Original_app/app3-dynamic/numpy/core/function_base.py=_needs_add_docstring=451
/home/jiangt/FaaSLight-Re/Original_app/app3-dynamic/numpy/core/_add_newdocs.py=refer_to_array_attribute=6753
/home/jiangt/FaaSLight-Re/Original_app/app3-dynamic/numpy/core/function_base.py=add_newdoc=483
/home/jiangt/FaaSLight-Re/Original_app/app3-dynamic/numpy/core/function_base.py=_add_docstring=469
/home/jiangt/FaaSLight-Re/Original_app/app3-dynamic/numpy/core/function_base.py=_needs_add_docstring=451
/home/jiangt/FaaSLight-Re/Original_app/app3-dynamic/numpy/core/_add_newdocs.py=refer_to_array_attribute=6753
/home/jiangt/FaaSLight-Re/Original_app/app3-dynamic/numpy/core/function_base.py=add_newdoc=483
/home/jiangt/FaaSLight-Re/Original_app/app3-dynamic/numpy/core/function_base.py=_add_docstring=469
/home/jiangt/FaaSLight-Re/Original_app/app3-dynamic/numpy/core/function_base.py=_needs_add_docstring=451
/home/jiangt/FaaSLight-Re/Original_app/app3-dynamic/numpy/core/_add_newdocs.py=refer_to_array_attribute=6753
/home/jiangt/FaaSLight-Re/Original_app/app3-dynamic/numpy/core/function_base.py=add_newdoc=483
/home/jiangt/FaaSLight-Re/Original_app/app3-dynamic/numpy/core/function_base.py=_add_docstring=469
/home/jiangt/FaaSLight-Re/Original_app/app3-dynamic/numpy/core/function_base.py=_needs_add_docstring=451
/home/jiangt/FaaSLight-Re/Original_app/app3-dynamic/numpy/core/_add_newdocs.py=refer_to_array_attribute=6753
/home/jiangt/FaaSLight-Re/Original_app/app3-dynamic/numpy/core/function_base.py=add_newdoc=483
/home/jiangt/FaaSLight-Re/Original_app/app3-dynamic/numpy/core/function_base.py=_add_docstring=469
/home/jiangt/FaaSLight-Re/Original_app/app3-dynamic/numpy/core/function_base.py=_needs_add_docstring=451
/home/jiangt/FaaSLight-Re/Original_app/app3-dynamic/numpy/core/_add_newdocs.py=refer_to_array_attribute=6753
/home/jiangt/FaaSLight-Re/Original_app/app3-dynamic/numpy/core/function_base.py=add_newdoc=483
/home/jiangt/FaaSLight-Re/Original_app/app3-dynamic/numpy/core/function_base.py=_add_docstring=469
/home/jiangt/FaaSLight-Re/Original_app/app3-dynamic/numpy/core/function_base.py=_needs_add_docstring=451
/home/jiangt/FaaSLight-Re/Original_app/app3-dynamic/numpy/core/_add_newdocs.py=refer_to_array_attribute=6753
/home/jiangt/FaaSLight-Re/Original_app/app3-dynamic/numpy/core/function_base.py=add_newdoc=483
/home/jiangt/FaaSLight-Re/Original_app/app3-dynamic/numpy/core/function_base.py=_add_docstring=469
/home/jiangt/FaaSLight-Re/Original_app/app3-dynamic/numpy/core/function_base.py=_needs_add_docstring=451
/home/jiangt/FaaSLight-Re/Original_app/app3-dynamic/numpy/core/_add_newdocs.py=refer_to_array_attribute=6753
/home/jiangt/FaaSLight-Re/Original_app/app3-dynamic/numpy/core/function_base.py=add_newdoc=483
/home/jiangt/FaaSLight-Re/Original_app/app3-dynamic/numpy/core/function_base.py=_add_docstring=469
/home/jiangt/FaaSLight-Re/Original_app/app3-dynamic/numpy/core/function_base.py=_needs_add_docstring=451
/home/jiangt/FaaSLight-Re/Original_app/app3-dynamic/numpy/core/_add_newdocs.py=refer_to_array_attribute=6753
/home/jiangt/FaaSLight-Re/Original_app/app3-dynamic/numpy/core/function_base.py=add_newdoc=483
/home/jiangt/FaaSLight-Re/Original_app/app3-dynamic/numpy/core/function_base.py=_add_docstring=469
/home/jiangt/FaaSLight-Re/Original_app/app3-dynamic/numpy/core/function_base.py=_needs_add_docstring=451
/home/jiangt/FaaSLight-Re/Original_app/app3-dynamic/numpy/core/_add_newdocs.py=refer_to_array_attribute=6753
/home/jiangt/FaaSLight-Re/Original_app/app3-dynamic/numpy/core/function_base.py=add_newdoc=483
/home/jiangt/FaaSLight-Re/Original_app/app3-dynamic/numpy/core/function_base.py=_add_docstring=469
/home/jiangt/FaaSLight-Re/Original_app/app3-dynamic/numpy/core/function_base.py=_needs_add_docstring=451
/home/jiangt/FaaSLight-Re/Original_app/app3-dynamic/numpy/core/_add_newdocs.py=refer_to_array_attribute=6753
/home/jiangt/FaaSLight-Re/Original_app/app3-dynamic/numpy/core/function_base.py=add_newdoc=483
/home/jiangt/FaaSLight-Re/Original_app/app3-dynamic/numpy/core/function_base.py=_add_docstring=469
/home/jiangt/FaaSLight-Re/Original_app/app3-dynamic/numpy/core/function_base.py=_needs_add_docstring=451
/home/jiangt/FaaSLight-Re/Original_app/app3-dynamic/numpy/core/_add_newdocs.py=refer_to_array_attribute=6753
/home/jiangt/FaaSLight-Re/Original_app/app3-dynamic/numpy/core/function_base.py=add_newdoc=483
/home/jiangt/FaaSLight-Re/Original_app/app3-dynamic/numpy/core/function_base.py=_add_docstring=469
/home/jiangt/FaaSLight-Re/Original_app/app3-dynamic/numpy/core/function_base.py=_needs_add_docstring=451
/home/jiangt/FaaSLight-Re/Original_app/app3-dynamic/numpy/core/_add_newdocs.py=refer_to_array_attribute=6753
/home/jiangt/FaaSLight-Re/Original_app/app3-dynamic/numpy/core/function_base.py=add_newdoc=483
/home/jiangt/FaaSLight-Re/Original_app/app3-dynamic/numpy/core/function_base.py=_add_docstring=469
/home/jiangt/FaaSLight-Re/Original_app/app3-dynamic/numpy/core/function_base.py=_needs_add_docstring=451
/home/jiangt/FaaSLight-Re/Original_app/app3-dynamic/numpy/core/_add_newdocs.py=refer_to_array_attribute=6753
/home/jiangt/FaaSLight-Re/Original_app/app3-dynamic/numpy/core/function_base.py=add_newdoc=483
/home/jiangt/FaaSLight-Re/Original_app/app3-dynamic/numpy/core/function_base.py=_add_docstring=469
/home/jiangt/FaaSLight-Re/Original_app/app3-dynamic/numpy/core/function_base.py=_needs_add_docstring=451
/home/jiangt/FaaSLight-Re/Original_app/app3-dynamic/numpy/core/_add_newdocs.py=refer_to_array_attribute=6753
/home/jiangt/FaaSLight-Re/Original_app/app3-dynamic/numpy/core/function_base.py=add_newdoc=483
/home/jiangt/FaaSLight-Re/Original_app/app3-dynamic/numpy/core/function_base.py=_add_docstring=469
/home/jiangt/FaaSLight-Re/Original_app/app3-dynamic/numpy/core/function_base.py=_needs_add_docstring=451
/home/jiangt/FaaSLight-Re/Original_app/app3-dynamic/numpy/core/_add_newdocs.py=refer_to_array_attribute=6753
/home/jiangt/FaaSLight-Re/Original_app/app3-dynamic/numpy/core/function_base.py=add_newdoc=483
/home/jiangt/FaaSLight-Re/Original_app/app3-dynamic/numpy/core/function_base.py=_add_docstring=469
/home/jiangt/FaaSLight-Re/Original_app/app3-dynamic/numpy/core/function_base.py=_needs_add_docstring=451
/home/jiangt/FaaSLight-Re/Original_app/app3-dynamic/numpy/core/_add_newdocs.py=refer_to_array_attribute=6753
/home/jiangt/FaaSLight-Re/Original_app/app3-dynamic/numpy/core/function_base.py=add_newdoc=483
/home/jiangt/FaaSLight-Re/Original_app/app3-dynamic/numpy/core/function_base.py=_add_docstring=469
/home/jiangt/FaaSLight-Re/Original_app/app3-dynamic/numpy/core/function_base.py=_needs_add_docstring=451
/home/jiangt/FaaSLight-Re/Original_app/app3-dynamic/numpy/core/_add_newdocs.py=refer_to_array_attribute=6753
/home/jiangt/FaaSLight-Re/Original_app/app3-dynamic/numpy/core/function_base.py=add_newdoc=483
/home/jiangt/FaaSLight-Re/Original_app/app3-dynamic/numpy/core/function_base.py=_add_docstring=469
/home/jiangt/FaaSLight-Re/Original_app/app3-dynamic/numpy/core/function_base.py=_needs_add_docstring=451
/home/jiangt/FaaSLight-Re/Original_app/app3-dynamic/numpy/core/_add_newdocs.py=refer_to_array_attribute=6753
/home/jiangt/FaaSLight-Re/Original_app/app3-dynamic/numpy/core/function_base.py=add_newdoc=483
/home/jiangt/FaaSLight-Re/Original_app/app3-dynamic/numpy/core/function_base.py=_add_docstring=469
/home/jiangt/FaaSLight-Re/Original_app/app3-dynamic/numpy/core/function_base.py=_needs_add_docstring=451
/home/jiangt/FaaSLight-Re/Original_app/app3-dynamic/numpy/core/_add_newdocs.py=refer_to_array_attribute=6753
/home/jiangt/FaaSLight-Re/Original_app/app3-dynamic/numpy/core/function_base.py=add_newdoc=483
/home/jiangt/FaaSLight-Re/Original_app/app3-dynamic/numpy/core/function_base.py=_add_docstring=469
/home/jiangt/FaaSLight-Re/Original_app/app3-dynamic/numpy/core/function_base.py=_needs_add_docstring=451
/home/jiangt/FaaSLight-Re/Original_app/app3-dynamic/numpy/core/_add_newdocs.py=refer_to_array_attribute=6753
/home/jiangt/FaaSLight-Re/Original_app/app3-dynamic/numpy/core/function_base.py=add_newdoc=483
/home/jiangt/FaaSLight-Re/Original_app/app3-dynamic/numpy/core/function_base.py=_add_docstring=469
/home/jiangt/FaaSLight-Re/Original_app/app3-dynamic/numpy/core/function_base.py=_needs_add_docstring=451
/home/jiangt/FaaSLight-Re/Original_app/app3-dynamic/numpy/core/_add_newdocs.py=refer_to_array_attribute=6753
/home/jiangt/FaaSLight-Re/Original_app/app3-dynamic/numpy/core/function_base.py=add_newdoc=483
/home/jiangt/FaaSLight-Re/Original_app/app3-dynamic/numpy/core/function_base.py=_add_docstring=469
/home/jiangt/FaaSLight-Re/Original_app/app3-dynamic/numpy/core/function_base.py=_needs_add_docstring=451
/home/jiangt/FaaSLight-Re/Original_app/app3-dynamic/numpy/core/_add_newdocs.py=refer_to_array_attribute=6753
/home/jiangt/FaaSLight-Re/Original_app/app3-dynamic/numpy/core/function_base.py=add_newdoc=483
/home/jiangt/FaaSLight-Re/Original_app/app3-dynamic/numpy/core/function_base.py=_add_docstring=469
/home/jiangt/FaaSLight-Re/Original_app/app3-dynamic/numpy/core/function_base.py=_needs_add_docstring=451
/home/jiangt/FaaSLight-Re/Original_app/app3-dynamic/numpy/core/_add_newdocs.py=refer_to_array_attribute=6753
/home/jiangt/FaaSLight-Re/Original_app/app3-dynamic/numpy/core/function_base.py=add_newdoc=483
/home/jiangt/FaaSLight-Re/Original_app/app3-dynamic/numpy/core/function_base.py=_add_docstring=469
/home/jiangt/FaaSLight-Re/Original_app/app3-dynamic/numpy/core/function_base.py=_needs_add_docstring=451
/home/jiangt/FaaSLight-Re/Original_app/app3-dynamic/numpy/core/function_base.py=add_newdoc=483
/home/jiangt/FaaSLight-Re/Original_app/app3-dynamic/numpy/core/function_base.py=_add_docstring=469
/home/jiangt/FaaSLight-Re/Original_app/app3-dynamic/numpy/core/function_base.py=_needs_add_docstring=451
/home/jiangt/FaaSLight-Re/Original_app/app3-dynamic/numpy/core/_add_newdocs.py=refer_to_array_attribute=6753
/home/jiangt/FaaSLight-Re/Original_app/app3-dynamic/numpy/core/function_base.py=add_newdoc=483
/home/jiangt/FaaSLight-Re/Original_app/app3-dynamic/numpy/core/function_base.py=_add_docstring=469
/home/jiangt/FaaSLight-Re/Original_app/app3-dynamic/numpy/core/function_base.py=_needs_add_docstring=451
/home/jiangt/FaaSLight-Re/Original_app/app3-dynamic/numpy/core/_add_newdocs.py=refer_to_array_attribute=6753
/home/jiangt/FaaSLight-Re/Original_app/app3-dynamic/numpy/core/function_base.py=add_newdoc=483
/home/jiangt/FaaSLight-Re/Original_app/app3-dynamic/numpy/core/function_base.py=_add_docstring=469
/home/jiangt/FaaSLight-Re/Original_app/app3-dynamic/numpy/core/function_base.py=_needs_add_docstring=451
/home/jiangt/FaaSLight-Re/Original_app/app3-dynamic/numpy/core/_add_newdocs.py=refer_to_array_attribute=6753
/home/jiangt/FaaSLight-Re/Original_app/app3-dynamic/numpy/core/function_base.py=add_newdoc=483
/home/jiangt/FaaSLight-Re/Original_app/app3-dynamic/numpy/core/function_base.py=_add_docstring=469
/home/jiangt/FaaSLight-Re/Original_app/app3-dynamic/numpy/core/function_base.py=_needs_add_docstring=451
/home/jiangt/FaaSLight-Re/Original_app/app3-dynamic/numpy/core/_add_newdocs.py=refer_to_array_attribute=6753
/home/jiangt/FaaSLight-Re/Original_app/app3-dynamic/numpy/core/function_base.py=add_newdoc=483
/home/jiangt/FaaSLight-Re/Original_app/app3-dynamic/numpy/core/function_base.py=_add_docstring=469
/home/jiangt/FaaSLight-Re/Original_app/app3-dynamic/numpy/core/function_base.py=_needs_add_docstring=451
/home/jiangt/FaaSLight-Re/Original_app/app3-dynamic/numpy/core/_add_newdocs.py=refer_to_array_attribute=6753
/home/jiangt/FaaSLight-Re/Original_app/app3-dynamic/numpy/core/function_base.py=add_newdoc=483
/home/jiangt/FaaSLight-Re/Original_app/app3-dynamic/numpy/core/function_base.py=_add_docstring=469
/home/jiangt/FaaSLight-Re/Original_app/app3-dynamic/numpy/core/function_base.py=_needs_add_docstring=451
/home/jiangt/FaaSLight-Re/Original_app/app3-dynamic/numpy/core/_add_newdocs.py=refer_to_array_attribute=6753
/home/jiangt/FaaSLight-Re/Original_app/app3-dynamic/numpy/core/function_base.py=add_newdoc=483
/home/jiangt/FaaSLight-Re/Original_app/app3-dynamic/numpy/core/function_base.py=_add_docstring=469
/home/jiangt/FaaSLight-Re/Original_app/app3-dynamic/numpy/core/function_base.py=_needs_add_docstring=451
/home/jiangt/FaaSLight-Re/Original_app/app3-dynamic/numpy/core/_add_newdocs.py=refer_to_array_attribute=6753
/home/jiangt/FaaSLight-Re/Original_app/app3-dynamic/numpy/core/function_base.py=add_newdoc=483
/home/jiangt/FaaSLight-Re/Original_app/app3-dynamic/numpy/core/function_base.py=_add_docstring=469
/home/jiangt/FaaSLight-Re/Original_app/app3-dynamic/numpy/core/function_base.py=_needs_add_docstring=451
/home/jiangt/FaaSLight-Re/Original_app/app3-dynamic/numpy/core/_add_newdocs.py=refer_to_array_attribute=6753
/home/jiangt/FaaSLight-Re/Original_app/app3-dynamic/numpy/core/function_base.py=add_newdoc=483
/home/jiangt/FaaSLight-Re/Original_app/app3-dynamic/numpy/core/function_base.py=_add_docstring=469
/home/jiangt/FaaSLight-Re/Original_app/app3-dynamic/numpy/core/function_base.py=_needs_add_docstring=451
/home/jiangt/FaaSLight-Re/Original_app/app3-dynamic/numpy/core/_add_newdocs.py=refer_to_array_attribute=6753
/home/jiangt/FaaSLight-Re/Original_app/app3-dynamic/numpy/core/function_base.py=add_newdoc=483
/home/jiangt/FaaSLight-Re/Original_app/app3-dynamic/numpy/core/function_base.py=_add_docstring=469
/home/jiangt/FaaSLight-Re/Original_app/app3-dynamic/numpy/core/function_base.py=_needs_add_docstring=451
/home/jiangt/FaaSLight-Re/Original_app/app3-dynamic/numpy/core/_add_newdocs.py=refer_to_array_attribute=6753
/home/jiangt/FaaSLight-Re/Original_app/app3-dynamic/numpy/core/function_base.py=add_newdoc=483
/home/jiangt/FaaSLight-Re/Original_app/app3-dynamic/numpy/core/function_base.py=_add_docstring=469
/home/jiangt/FaaSLight-Re/Original_app/app3-dynamic/numpy/core/function_base.py=_needs_add_docstring=451
/home/jiangt/FaaSLight-Re/Original_app/app3-dynamic/numpy/core/_add_newdocs.py=refer_to_array_attribute=6753
/home/jiangt/FaaSLight-Re/Original_app/app3-dynamic/numpy/core/function_base.py=add_newdoc=483
/home/jiangt/FaaSLight-Re/Original_app/app3-dynamic/numpy/core/function_base.py=_add_docstring=469
/home/jiangt/FaaSLight-Re/Original_app/app3-dynamic/numpy/core/function_base.py=_needs_add_docstring=451
/home/jiangt/FaaSLight-Re/Original_app/app3-dynamic/numpy/core/_add_newdocs.py=refer_to_array_attribute=6753
/home/jiangt/FaaSLight-Re/Original_app/app3-dynamic/numpy/core/function_base.py=add_newdoc=483
/home/jiangt/FaaSLight-Re/Original_app/app3-dynamic/numpy/core/function_base.py=_add_docstring=469
/home/jiangt/FaaSLight-Re/Original_app/app3-dynamic/numpy/core/function_base.py=_needs_add_docstring=451
/home/jiangt/FaaSLight-Re/Original_app/app3-dynamic/numpy/core/_add_newdocs.py=refer_to_array_attribute=6753
/home/jiangt/FaaSLight-Re/Original_app/app3-dynamic/numpy/core/function_base.py=add_newdoc=483
/home/jiangt/FaaSLight-Re/Original_app/app3-dynamic/numpy/core/function_base.py=_add_docstring=469
/home/jiangt/FaaSLight-Re/Original_app/app3-dynamic/numpy/core/function_base.py=_needs_add_docstring=451
/home/jiangt/FaaSLight-Re/Original_app/app3-dynamic/numpy/core/_add_newdocs.py=refer_to_array_attribute=6753
/home/jiangt/FaaSLight-Re/Original_app/app3-dynamic/numpy/core/function_base.py=add_newdoc=483
/home/jiangt/FaaSLight-Re/Original_app/app3-dynamic/numpy/core/function_base.py=_add_docstring=469
/home/jiangt/FaaSLight-Re/Original_app/app3-dynamic/numpy/core/function_base.py=_needs_add_docstring=451
/home/jiangt/FaaSLight-Re/Original_app/app3-dynamic/numpy/core/_add_newdocs.py=refer_to_array_attribute=6753
/home/jiangt/FaaSLight-Re/Original_app/app3-dynamic/numpy/core/function_base.py=add_newdoc=483
/home/jiangt/FaaSLight-Re/Original_app/app3-dynamic/numpy/core/function_base.py=_add_docstring=469
/home/jiangt/FaaSLight-Re/Original_app/app3-dynamic/numpy/core/function_base.py=_needs_add_docstring=451
/home/jiangt/FaaSLight-Re/Original_app/app3-dynamic/numpy/core/_add_newdocs.py=refer_to_array_attribute=6753
/home/jiangt/FaaSLight-Re/Original_app/app3-dynamic/numpy/core/function_base.py=add_newdoc=483
/home/jiangt/FaaSLight-Re/Original_app/app3-dynamic/numpy/core/function_base.py=_add_docstring=469
/home/jiangt/FaaSLight-Re/Original_app/app3-dynamic/numpy/core/function_base.py=_needs_add_docstring=451
/home/jiangt/FaaSLight-Re/Original_app/app3-dynamic/numpy/core/_add_newdocs.py=refer_to_array_attribute=6753
/home/jiangt/FaaSLight-Re/Original_app/app3-dynamic/numpy/core/function_base.py=add_newdoc=483
/home/jiangt/FaaSLight-Re/Original_app/app3-dynamic/numpy/core/function_base.py=_add_docstring=469
/home/jiangt/FaaSLight-Re/Original_app/app3-dynamic/numpy/core/function_base.py=_needs_add_docstring=451
/home/jiangt/FaaSLight-Re/Original_app/app3-dynamic/numpy/core/_add_newdocs.py=refer_to_array_attribute=6753
/home/jiangt/FaaSLight-Re/Original_app/app3-dynamic/numpy/core/function_base.py=add_newdoc=483
/home/jiangt/FaaSLight-Re/Original_app/app3-dynamic/numpy/core/function_base.py=_add_docstring=469
/home/jiangt/FaaSLight-Re/Original_app/app3-dynamic/numpy/core/function_base.py=_needs_add_docstring=451
/home/jiangt/FaaSLight-Re/Original_app/app3-dynamic/numpy/core/_add_newdocs.py=refer_to_array_attribute=6753
/home/jiangt/FaaSLight-Re/Original_app/app3-dynamic/numpy/core/function_base.py=add_newdoc=483
/home/jiangt/FaaSLight-Re/Original_app/app3-dynamic/numpy/core/function_base.py=_add_docstring=469
/home/jiangt/FaaSLight-Re/Original_app/app3-dynamic/numpy/core/function_base.py=_needs_add_docstring=451
/home/jiangt/FaaSLight-Re/Original_app/app3-dynamic/numpy/core/_add_newdocs.py=refer_to_array_attribute=6753
/home/jiangt/FaaSLight-Re/Original_app/app3-dynamic/numpy/core/function_base.py=add_newdoc=483
/home/jiangt/FaaSLight-Re/Original_app/app3-dynamic/numpy/core/function_base.py=_add_docstring=469
/home/jiangt/FaaSLight-Re/Original_app/app3-dynamic/numpy/core/function_base.py=_needs_add_docstring=451
/home/jiangt/FaaSLight-Re/Original_app/app3-dynamic/numpy/core/_add_newdocs.py=refer_to_array_attribute=6753
/home/jiangt/FaaSLight-Re/Original_app/app3-dynamic/numpy/core/function_base.py=add_newdoc=483
/home/jiangt/FaaSLight-Re/Original_app/app3-dynamic/numpy/core/function_base.py=_add_docstring=469
/home/jiangt/FaaSLight-Re/Original_app/app3-dynamic/numpy/core/function_base.py=_needs_add_docstring=451
/home/jiangt/FaaSLight-Re/Original_app/app3-dynamic/numpy/core/_add_newdocs.py=refer_to_array_attribute=6753
/home/jiangt/FaaSLight-Re/Original_app/app3-dynamic/numpy/core/function_base.py=add_newdoc=483
/home/jiangt/FaaSLight-Re/Original_app/app3-dynamic/numpy/core/function_base.py=_add_docstring=469
/home/jiangt/FaaSLight-Re/Original_app/app3-dynamic/numpy/core/function_base.py=_needs_add_docstring=451
/home/jiangt/FaaSLight-Re/Original_app/app3-dynamic/numpy/core/_add_newdocs.py=refer_to_array_attribute=6753
/home/jiangt/FaaSLight-Re/Original_app/app3-dynamic/numpy/core/function_base.py=add_newdoc=483
/home/jiangt/FaaSLight-Re/Original_app/app3-dynamic/numpy/core/function_base.py=_add_docstring=469
/home/jiangt/FaaSLight-Re/Original_app/app3-dynamic/numpy/core/function_base.py=_needs_add_docstring=451
/home/jiangt/FaaSLight-Re/Original_app/app3-dynamic/numpy/core/_add_newdocs.py=refer_to_array_attribute=6753
/home/jiangt/FaaSLight-Re/Original_app/app3-dynamic/numpy/core/function_base.py=add_newdoc=483
/home/jiangt/FaaSLight-Re/Original_app/app3-dynamic/numpy/core/function_base.py=_add_docstring=469
/home/jiangt/FaaSLight-Re/Original_app/app3-dynamic/numpy/core/function_base.py=_needs_add_docstring=451
/home/jiangt/FaaSLight-Re/Original_app/app3-dynamic/numpy/core/_add_newdocs.py=refer_to_array_attribute=6753
/home/jiangt/FaaSLight-Re/Original_app/app3-dynamic/numpy/core/function_base.py=add_newdoc=483
/home/jiangt/FaaSLight-Re/Original_app/app3-dynamic/numpy/core/function_base.py=_add_docstring=469
/home/jiangt/FaaSLight-Re/Original_app/app3-dynamic/numpy/core/function_base.py=_needs_add_docstring=451
/home/jiangt/FaaSLight-Re/Original_app/app3-dynamic/numpy/core/function_base.py=add_newdoc=483
/home/jiangt/FaaSLight-Re/Original_app/app3-dynamic/numpy/core/function_base.py=_add_docstring=469
/home/jiangt/FaaSLight-Re/Original_app/app3-dynamic/numpy/core/function_base.py=_needs_add_docstring=451
/home/jiangt/FaaSLight-Re/Original_app/app3-dynamic/numpy/core/function_base.py=add_newdoc=483
/home/jiangt/FaaSLight-Re/Original_app/app3-dynamic/numpy/core/function_base.py=_add_docstring=469
/home/jiangt/FaaSLight-Re/Original_app/app3-dynamic/numpy/core/function_base.py=_needs_add_docstring=451
/home/jiangt/FaaSLight-Re/Original_app/app3-dynamic/numpy/core/function_base.py=add_newdoc=483
/home/jiangt/FaaSLight-Re/Original_app/app3-dynamic/numpy/core/function_base.py=_add_docstring=469
/home/jiangt/FaaSLight-Re/Original_app/app3-dynamic/numpy/core/function_base.py=_needs_add_docstring=451
/home/jiangt/FaaSLight-Re/Original_app/app3-dynamic/numpy/core/function_base.py=add_newdoc=483
/home/jiangt/FaaSLight-Re/Original_app/app3-dynamic/numpy/core/function_base.py=_add_docstring=469
/home/jiangt/FaaSLight-Re/Original_app/app3-dynamic/numpy/core/function_base.py=_needs_add_docstring=451
/home/jiangt/FaaSLight-Re/Original_app/app3-dynamic/numpy/core/function_base.py=add_newdoc=483
/home/jiangt/FaaSLight-Re/Original_app/app3-dynamic/numpy/core/function_base.py=_add_docstring=469
/home/jiangt/FaaSLight-Re/Original_app/app3-dynamic/numpy/core/function_base.py=_needs_add_docstring=451
/home/jiangt/FaaSLight-Re/Original_app/app3-dynamic/numpy/core/function_base.py=add_newdoc=483
/home/jiangt/FaaSLight-Re/Original_app/app3-dynamic/numpy/core/function_base.py=_add_docstring=469
/home/jiangt/FaaSLight-Re/Original_app/app3-dynamic/numpy/core/function_base.py=_needs_add_docstring=451
/home/jiangt/FaaSLight-Re/Original_app/app3-dynamic/numpy/core/function_base.py=add_newdoc=483
/home/jiangt/FaaSLight-Re/Original_app/app3-dynamic/numpy/core/function_base.py=_add_docstring=469
/home/jiangt/FaaSLight-Re/Original_app/app3-dynamic/numpy/core/function_base.py=_needs_add_docstring=451
/home/jiangt/FaaSLight-Re/Original_app/app3-dynamic/numpy/core/function_base.py=add_newdoc=483
/home/jiangt/FaaSLight-Re/Original_app/app3-dynamic/numpy/core/function_base.py=_add_docstring=469
/home/jiangt/FaaSLight-Re/Original_app/app3-dynamic/numpy/core/function_base.py=_needs_add_docstring=451
/home/jiangt/FaaSLight-Re/Original_app/app3-dynamic/numpy/core/function_base.py=add_newdoc=483
/home/jiangt/FaaSLight-Re/Original_app/app3-dynamic/numpy/core/function_base.py=_add_docstring=469
/home/jiangt/FaaSLight-Re/Original_app/app3-dynamic/numpy/core/function_base.py=_needs_add_docstring=451
/home/jiangt/FaaSLight-Re/Original_app/app3-dynamic/numpy/core/function_base.py=add_newdoc=483
/home/jiangt/FaaSLight-Re/Original_app/app3-dynamic/numpy/core/function_base.py=_add_docstring=469
/home/jiangt/FaaSLight-Re/Original_app/app3-dynamic/numpy/core/function_base.py=_needs_add_docstring=451
/home/jiangt/FaaSLight-Re/Original_app/app3-dynamic/numpy/core/_add_newdocs_scalars.py=numeric_type_aliases=18
/home/jiangt/FaaSLight-Re/Original_app/app3-dynamic/numpy/core/_add_newdocs_scalars.py=numeric_type_aliases=type_aliases_gen=19
/home/jiangt/FaaSLight-Re/Original_app/app3-dynamic/numpy/core/_add_newdocs_scalars.py=_get_platform_and_machine=54
/home/jiangt/FaaSLight-Re/Original_app/app3-dynamic/numpy/core/_add_newdocs_scalars.py=add_newdoc_for_scalar_type=71
/home/jiangt/FaaSLight-Re/Original_app/app3-dynamic/numpy/core/function_base.py=add_newdoc=483
/home/jiangt/FaaSLight-Re/Original_app/app3-dynamic/numpy/core/function_base.py=_add_docstring=469
/home/jiangt/FaaSLight-Re/Original_app/app3-dynamic/numpy/core/function_base.py=_needs_add_docstring=451
/home/jiangt/FaaSLight-Re/Original_app/app3-dynamic/numpy/core/_add_newdocs_scalars.py=add_newdoc_for_scalar_type=71
/home/jiangt/FaaSLight-Re/Original_app/app3-dynamic/numpy/core/function_base.py=add_newdoc=483
/home/jiangt/FaaSLight-Re/Original_app/app3-dynamic/numpy/core/function_base.py=_add_docstring=469
/home/jiangt/FaaSLight-Re/Original_app/app3-dynamic/numpy/core/function_base.py=_needs_add_docstring=451
/home/jiangt/FaaSLight-Re/Original_app/app3-dynamic/numpy/core/_add_newdocs_scalars.py=add_newdoc_for_scalar_type=71
/home/jiangt/FaaSLight-Re/Original_app/app3-dynamic/numpy/core/function_base.py=add_newdoc=483
/home/jiangt/FaaSLight-Re/Original_app/app3-dynamic/numpy/core/function_base.py=_add_docstring=469
/home/jiangt/FaaSLight-Re/Original_app/app3-dynamic/numpy/core/function_base.py=_needs_add_docstring=451
/home/jiangt/FaaSLight-Re/Original_app/app3-dynamic/numpy/core/_add_newdocs_scalars.py=add_newdoc_for_scalar_type=71
/home/jiangt/FaaSLight-Re/Original_app/app3-dynamic/numpy/core/function_base.py=add_newdoc=483
/home/jiangt/FaaSLight-Re/Original_app/app3-dynamic/numpy/core/function_base.py=_add_docstring=469
/home/jiangt/FaaSLight-Re/Original_app/app3-dynamic/numpy/core/function_base.py=_needs_add_docstring=451
/home/jiangt/FaaSLight-Re/Original_app/app3-dynamic/numpy/core/_add_newdocs_scalars.py=add_newdoc_for_scalar_type=71
/home/jiangt/FaaSLight-Re/Original_app/app3-dynamic/numpy/core/function_base.py=add_newdoc=483
/home/jiangt/FaaSLight-Re/Original_app/app3-dynamic/numpy/core/function_base.py=_add_docstring=469
/home/jiangt/FaaSLight-Re/Original_app/app3-dynamic/numpy/core/function_base.py=_needs_add_docstring=451
/home/jiangt/FaaSLight-Re/Original_app/app3-dynamic/numpy/core/_add_newdocs_scalars.py=add_newdoc_for_scalar_type=71
/home/jiangt/FaaSLight-Re/Original_app/app3-dynamic/numpy/core/function_base.py=add_newdoc=483
/home/jiangt/FaaSLight-Re/Original_app/app3-dynamic/numpy/core/function_base.py=_add_docstring=469
/home/jiangt/FaaSLight-Re/Original_app/app3-dynamic/numpy/core/function_base.py=_needs_add_docstring=451
/home/jiangt/FaaSLight-Re/Original_app/app3-dynamic/numpy/core/_add_newdocs_scalars.py=add_newdoc_for_scalar_type=71
/home/jiangt/FaaSLight-Re/Original_app/app3-dynamic/numpy/core/function_base.py=add_newdoc=483
/home/jiangt/FaaSLight-Re/Original_app/app3-dynamic/numpy/core/function_base.py=_add_docstring=469
/home/jiangt/FaaSLight-Re/Original_app/app3-dynamic/numpy/core/function_base.py=_needs_add_docstring=451
/home/jiangt/FaaSLight-Re/Original_app/app3-dynamic/numpy/core/_add_newdocs_scalars.py=add_newdoc_for_scalar_type=71
/home/jiangt/FaaSLight-Re/Original_app/app3-dynamic/numpy/core/function_base.py=add_newdoc=483
/home/jiangt/FaaSLight-Re/Original_app/app3-dynamic/numpy/core/function_base.py=_add_docstring=469
/home/jiangt/FaaSLight-Re/Original_app/app3-dynamic/numpy/core/function_base.py=_needs_add_docstring=451
/home/jiangt/FaaSLight-Re/Original_app/app3-dynamic/numpy/core/_add_newdocs_scalars.py=add_newdoc_for_scalar_type=71
/home/jiangt/FaaSLight-Re/Original_app/app3-dynamic/numpy/core/function_base.py=add_newdoc=483
/home/jiangt/FaaSLight-Re/Original_app/app3-dynamic/numpy/core/function_base.py=_add_docstring=469
/home/jiangt/FaaSLight-Re/Original_app/app3-dynamic/numpy/core/function_base.py=_needs_add_docstring=451
/home/jiangt/FaaSLight-Re/Original_app/app3-dynamic/numpy/core/_add_newdocs_scalars.py=add_newdoc_for_scalar_type=71
/home/jiangt/FaaSLight-Re/Original_app/app3-dynamic/numpy/core/function_base.py=add_newdoc=483
/home/jiangt/FaaSLight-Re/Original_app/app3-dynamic/numpy/core/function_base.py=_add_docstring=469
/home/jiangt/FaaSLight-Re/Original_app/app3-dynamic/numpy/core/function_base.py=_needs_add_docstring=451
/home/jiangt/FaaSLight-Re/Original_app/app3-dynamic/numpy/core/_add_newdocs_scalars.py=add_newdoc_for_scalar_type=71
/home/jiangt/FaaSLight-Re/Original_app/app3-dynamic/numpy/core/function_base.py=add_newdoc=483
/home/jiangt/FaaSLight-Re/Original_app/app3-dynamic/numpy/core/function_base.py=_add_docstring=469
/home/jiangt/FaaSLight-Re/Original_app/app3-dynamic/numpy/core/function_base.py=_needs_add_docstring=451
/home/jiangt/FaaSLight-Re/Original_app/app3-dynamic/numpy/core/_add_newdocs_scalars.py=add_newdoc_for_scalar_type=71
/home/jiangt/FaaSLight-Re/Original_app/app3-dynamic/numpy/core/function_base.py=add_newdoc=483
/home/jiangt/FaaSLight-Re/Original_app/app3-dynamic/numpy/core/function_base.py=_add_docstring=469
/home/jiangt/FaaSLight-Re/Original_app/app3-dynamic/numpy/core/function_base.py=_needs_add_docstring=451
/home/jiangt/FaaSLight-Re/Original_app/app3-dynamic/numpy/core/_add_newdocs_scalars.py=add_newdoc_for_scalar_type=71
/home/jiangt/FaaSLight-Re/Original_app/app3-dynamic/numpy/core/function_base.py=add_newdoc=483
/home/jiangt/FaaSLight-Re/Original_app/app3-dynamic/numpy/core/function_base.py=_add_docstring=469
/home/jiangt/FaaSLight-Re/Original_app/app3-dynamic/numpy/core/function_base.py=_needs_add_docstring=451
/home/jiangt/FaaSLight-Re/Original_app/app3-dynamic/numpy/core/_add_newdocs_scalars.py=add_newdoc_for_scalar_type=71
/home/jiangt/FaaSLight-Re/Original_app/app3-dynamic/numpy/core/function_base.py=add_newdoc=483
/home/jiangt/FaaSLight-Re/Original_app/app3-dynamic/numpy/core/function_base.py=_add_docstring=469
/home/jiangt/FaaSLight-Re/Original_app/app3-dynamic/numpy/core/function_base.py=_needs_add_docstring=451
/home/jiangt/FaaSLight-Re/Original_app/app3-dynamic/numpy/core/_add_newdocs_scalars.py=add_newdoc_for_scalar_type=71
/home/jiangt/FaaSLight-Re/Original_app/app3-dynamic/numpy/core/function_base.py=add_newdoc=483
/home/jiangt/FaaSLight-Re/Original_app/app3-dynamic/numpy/core/function_base.py=_add_docstring=469
/home/jiangt/FaaSLight-Re/Original_app/app3-dynamic/numpy/core/function_base.py=_needs_add_docstring=451
/home/jiangt/FaaSLight-Re/Original_app/app3-dynamic/numpy/core/_add_newdocs_scalars.py=add_newdoc_for_scalar_type=71
/home/jiangt/FaaSLight-Re/Original_app/app3-dynamic/numpy/core/function_base.py=add_newdoc=483
/home/jiangt/FaaSLight-Re/Original_app/app3-dynamic/numpy/core/function_base.py=_add_docstring=469
/home/jiangt/FaaSLight-Re/Original_app/app3-dynamic/numpy/core/function_base.py=_needs_add_docstring=451
/home/jiangt/FaaSLight-Re/Original_app/app3-dynamic/numpy/core/_add_newdocs_scalars.py=add_newdoc_for_scalar_type=71
/home/jiangt/FaaSLight-Re/Original_app/app3-dynamic/numpy/core/function_base.py=add_newdoc=483
/home/jiangt/FaaSLight-Re/Original_app/app3-dynamic/numpy/core/function_base.py=_add_docstring=469
/home/jiangt/FaaSLight-Re/Original_app/app3-dynamic/numpy/core/function_base.py=_needs_add_docstring=451
/home/jiangt/FaaSLight-Re/Original_app/app3-dynamic/numpy/core/_add_newdocs_scalars.py=add_newdoc_for_scalar_type=71
/home/jiangt/FaaSLight-Re/Original_app/app3-dynamic/numpy/core/function_base.py=add_newdoc=483
/home/jiangt/FaaSLight-Re/Original_app/app3-dynamic/numpy/core/function_base.py=_add_docstring=469
/home/jiangt/FaaSLight-Re/Original_app/app3-dynamic/numpy/core/function_base.py=_needs_add_docstring=451
/home/jiangt/FaaSLight-Re/Original_app/app3-dynamic/numpy/core/_add_newdocs_scalars.py=add_newdoc_for_scalar_type=71
/home/jiangt/FaaSLight-Re/Original_app/app3-dynamic/numpy/core/function_base.py=add_newdoc=483
/home/jiangt/FaaSLight-Re/Original_app/app3-dynamic/numpy/core/function_base.py=_add_docstring=469
/home/jiangt/FaaSLight-Re/Original_app/app3-dynamic/numpy/core/function_base.py=_needs_add_docstring=451
/home/jiangt/FaaSLight-Re/Original_app/app3-dynamic/numpy/core/_add_newdocs_scalars.py=add_newdoc_for_scalar_type=71
/home/jiangt/FaaSLight-Re/Original_app/app3-dynamic/numpy/core/function_base.py=add_newdoc=483
/home/jiangt/FaaSLight-Re/Original_app/app3-dynamic/numpy/core/function_base.py=_add_docstring=469
/home/jiangt/FaaSLight-Re/Original_app/app3-dynamic/numpy/core/function_base.py=_needs_add_docstring=451
/home/jiangt/FaaSLight-Re/Original_app/app3-dynamic/numpy/core/_add_newdocs_scalars.py=add_newdoc_for_scalar_type=71
/home/jiangt/FaaSLight-Re/Original_app/app3-dynamic/numpy/core/function_base.py=add_newdoc=483
/home/jiangt/FaaSLight-Re/Original_app/app3-dynamic/numpy/core/function_base.py=_add_docstring=469
/home/jiangt/FaaSLight-Re/Original_app/app3-dynamic/numpy/core/function_base.py=_needs_add_docstring=451
/home/jiangt/FaaSLight-Re/Original_app/app3-dynamic/numpy/core/_add_newdocs_scalars.py=add_newdoc_for_scalar_type=71
/home/jiangt/FaaSLight-Re/Original_app/app3-dynamic/numpy/core/function_base.py=add_newdoc=483
/home/jiangt/FaaSLight-Re/Original_app/app3-dynamic/numpy/core/function_base.py=_add_docstring=469
/home/jiangt/FaaSLight-Re/Original_app/app3-dynamic/numpy/core/function_base.py=_needs_add_docstring=451
/home/jiangt/FaaSLight-Re/Original_app/app3-dynamic/numpy/core/_add_newdocs_scalars.py=add_newdoc_for_scalar_type=71
/home/jiangt/FaaSLight-Re/Original_app/app3-dynamic/numpy/core/function_base.py=add_newdoc=483
/home/jiangt/FaaSLight-Re/Original_app/app3-dynamic/numpy/core/function_base.py=_add_docstring=469
/home/jiangt/FaaSLight-Re/Original_app/app3-dynamic/numpy/core/function_base.py=_needs_add_docstring=451
/home/jiangt/FaaSLight-Re/Original_app/app3-dynamic/numpy/core/_add_newdocs_scalars.py=add_newdoc_for_scalar_type=71
/home/jiangt/FaaSLight-Re/Original_app/app3-dynamic/numpy/core/function_base.py=add_newdoc=483
/home/jiangt/FaaSLight-Re/Original_app/app3-dynamic/numpy/core/function_base.py=_add_docstring=469
/home/jiangt/FaaSLight-Re/Original_app/app3-dynamic/numpy/core/function_base.py=_needs_add_docstring=451
/home/jiangt/FaaSLight-Re/Original_app/app3-dynamic/numpy/core/function_base.py=add_newdoc=483
/home/jiangt/FaaSLight-Re/Original_app/app3-dynamic/numpy/core/function_base.py=_add_docstring=469
/home/jiangt/FaaSLight-Re/Original_app/app3-dynamic/numpy/core/function_base.py=_needs_add_docstring=451
/home/jiangt/FaaSLight-Re/Original_app/app3-dynamic/numpy/core/function_base.py=add_newdoc=483
/home/jiangt/FaaSLight-Re/Original_app/app3-dynamic/numpy/core/function_base.py=_add_docstring=469
/home/jiangt/FaaSLight-Re/Original_app/app3-dynamic/numpy/core/function_base.py=_needs_add_docstring=451
/home/jiangt/FaaSLight-Re/Original_app/app3-dynamic/numpy/core/function_base.py=add_newdoc=483
/home/jiangt/FaaSLight-Re/Original_app/app3-dynamic/numpy/core/function_base.py=_add_docstring=469
/home/jiangt/FaaSLight-Re/Original_app/app3-dynamic/numpy/core/function_base.py=_needs_add_docstring=451
/home/jiangt/FaaSLight-Re/Original_app/app3-dynamic/numpy/core/function_base.py=add_newdoc=483
/home/jiangt/FaaSLight-Re/Original_app/app3-dynamic/numpy/core/function_base.py=_add_docstring=469
/home/jiangt/FaaSLight-Re/Original_app/app3-dynamic/numpy/core/function_base.py=_needs_add_docstring=451
/home/jiangt/FaaSLight-Re/Original_app/app3-dynamic/numpy/core/function_base.py=add_newdoc=483
/home/jiangt/FaaSLight-Re/Original_app/app3-dynamic/numpy/core/function_base.py=_add_docstring=469
/home/jiangt/FaaSLight-Re/Original_app/app3-dynamic/numpy/core/function_base.py=_needs_add_docstring=451
/home/jiangt/FaaSLight-Re/Original_app/app3-dynamic/numpy/core/function_base.py=add_newdoc=483
/home/jiangt/FaaSLight-Re/Original_app/app3-dynamic/numpy/core/function_base.py=_add_docstring=469
/home/jiangt/FaaSLight-Re/Original_app/app3-dynamic/numpy/core/function_base.py=_needs_add_docstring=451
/home/jiangt/FaaSLight-Re/Original_app/app3-dynamic/numpy/core/function_base.py=add_newdoc=483
/home/jiangt/FaaSLight-Re/Original_app/app3-dynamic/numpy/core/function_base.py=_add_docstring=469
/home/jiangt/FaaSLight-Re/Original_app/app3-dynamic/numpy/core/function_base.py=_needs_add_docstring=451
/home/jiangt/FaaSLight-Re/Original_app/app3-dynamic/numpy/core/function_base.py=add_newdoc=483
/home/jiangt/FaaSLight-Re/Original_app/app3-dynamic/numpy/core/function_base.py=_add_docstring=469
/home/jiangt/FaaSLight-Re/Original_app/app3-dynamic/numpy/core/function_base.py=_needs_add_docstring=451
/home/jiangt/FaaSLight-Re/Original_app/app3-dynamic/numpy/core/function_base.py=add_newdoc=483
/home/jiangt/FaaSLight-Re/Original_app/app3-dynamic/numpy/core/function_base.py=_add_docstring=469
/home/jiangt/FaaSLight-Re/Original_app/app3-dynamic/numpy/core/function_base.py=_needs_add_docstring=451
/home/jiangt/FaaSLight-Re/Original_app/app3-dynamic/numpy/core/function_base.py=add_newdoc=483
/home/jiangt/FaaSLight-Re/Original_app/app3-dynamic/numpy/core/function_base.py=_add_docstring=469
/home/jiangt/FaaSLight-Re/Original_app/app3-dynamic/numpy/core/function_base.py=_needs_add_docstring=451
/home/jiangt/FaaSLight-Re/Original_app/app3-dynamic/numpy/core/function_base.py=add_newdoc=483
/home/jiangt/FaaSLight-Re/Original_app/app3-dynamic/numpy/core/function_base.py=_add_docstring=469
/home/jiangt/FaaSLight-Re/Original_app/app3-dynamic/numpy/core/function_base.py=_needs_add_docstring=451
/home/jiangt/FaaSLight-Re/Original_app/app3-dynamic/numpy/core/function_base.py=add_newdoc=483
/home/jiangt/FaaSLight-Re/Original_app/app3-dynamic/numpy/core/function_base.py=_add_docstring=469
/home/jiangt/FaaSLight-Re/Original_app/app3-dynamic/numpy/core/function_base.py=_needs_add_docstring=451
/home/jiangt/FaaSLight-Re/Original_app/app3-dynamic/numpy/core/function_base.py=add_newdoc=483
/home/jiangt/FaaSLight-Re/Original_app/app3-dynamic/numpy/core/function_base.py=_add_docstring=469
/home/jiangt/FaaSLight-Re/Original_app/app3-dynamic/numpy/core/function_base.py=_needs_add_docstring=451
/home/jiangt/FaaSLight-Re/Original_app/app3-dynamic/numpy/core/function_base.py=add_newdoc=483
/home/jiangt/FaaSLight-Re/Original_app/app3-dynamic/numpy/core/function_base.py=_add_docstring=469
/home/jiangt/FaaSLight-Re/Original_app/app3-dynamic/numpy/core/function_base.py=_needs_add_docstring=451
/home/jiangt/FaaSLight-Re/Original_app/app3-dynamic/numpy/core/function_base.py=add_newdoc=483
/home/jiangt/FaaSLight-Re/Original_app/app3-dynamic/numpy/core/function_base.py=_add_docstring=469
/home/jiangt/FaaSLight-Re/Original_app/app3-dynamic/numpy/core/function_base.py=_needs_add_docstring=451
/home/jiangt/FaaSLight-Re/Original_app/app3-dynamic/numpy/core/function_base.py=add_newdoc=483
/home/jiangt/FaaSLight-Re/Original_app/app3-dynamic/numpy/core/function_base.py=_add_docstring=469
/home/jiangt/FaaSLight-Re/Original_app/app3-dynamic/numpy/core/function_base.py=_needs_add_docstring=451
/home/jiangt/FaaSLight-Re/Original_app/app3-dynamic/numpy/core/function_base.py=add_newdoc=483
/home/jiangt/FaaSLight-Re/Original_app/app3-dynamic/numpy/core/function_base.py=_add_docstring=469
/home/jiangt/FaaSLight-Re/Original_app/app3-dynamic/numpy/core/function_base.py=_needs_add_docstring=451
/home/jiangt/FaaSLight-Re/Original_app/app3-dynamic/numpy/core/function_base.py=add_newdoc=483
/home/jiangt/FaaSLight-Re/Original_app/app3-dynamic/numpy/core/function_base.py=_add_docstring=469
/home/jiangt/FaaSLight-Re/Original_app/app3-dynamic/numpy/core/function_base.py=_needs_add_docstring=451
/home/jiangt/FaaSLight-Re/Original_app/app3-dynamic/numpy/core/function_base.py=add_newdoc=483
/home/jiangt/FaaSLight-Re/Original_app/app3-dynamic/numpy/core/function_base.py=_add_docstring=469
/home/jiangt/FaaSLight-Re/Original_app/app3-dynamic/numpy/core/function_base.py=_needs_add_docstring=451
/home/jiangt/FaaSLight-Re/Original_app/app3-dynamic/numpy/core/function_base.py=add_newdoc=483
/home/jiangt/FaaSLight-Re/Original_app/app3-dynamic/numpy/core/function_base.py=_add_docstring=469
/home/jiangt/FaaSLight-Re/Original_app/app3-dynamic/numpy/core/function_base.py=_needs_add_docstring=451
/home/jiangt/FaaSLight-Re/Original_app/app3-dynamic/numpy/core/function_base.py=add_newdoc=483
/home/jiangt/FaaSLight-Re/Original_app/app3-dynamic/numpy/core/function_base.py=_add_docstring=469
/home/jiangt/FaaSLight-Re/Original_app/app3-dynamic/numpy/core/function_base.py=_needs_add_docstring=451
/home/jiangt/FaaSLight-Re/Original_app/app3-dynamic/numpy/_pytesttester.py=PytestTester=__init__=76
/home/jiangt/FaaSLight-Re/Original_app/app3-dynamic/numpy/lib/mixins.py=_binary_method=16
/home/jiangt/FaaSLight-Re/Original_app/app3-dynamic/numpy/lib/mixins.py=_binary_method=16
/home/jiangt/FaaSLight-Re/Original_app/app3-dynamic/numpy/lib/mixins.py=_binary_method=16
/home/jiangt/FaaSLight-Re/Original_app/app3-dynamic/numpy/lib/mixins.py=_binary_method=16
/home/jiangt/FaaSLight-Re/Original_app/app3-dynamic/numpy/lib/mixins.py=_binary_method=16
/home/jiangt/FaaSLight-Re/Original_app/app3-dynamic/numpy/lib/mixins.py=_binary_method=16
/home/jiangt/FaaSLight-Re/Original_app/app3-dynamic/numpy/lib/mixins.py=_numeric_methods=44
/home/jiangt/FaaSLight-Re/Original_app/app3-dynamic/numpy/lib/mixins.py=_binary_method=16
/home/jiangt/FaaSLight-Re/Original_app/app3-dynamic/numpy/lib/mixins.py=_reflected_binary_method=26
/home/jiangt/FaaSLight-Re/Original_app/app3-dynamic/numpy/lib/mixins.py=_inplace_binary_method=36
/home/jiangt/FaaSLight-Re/Original_app/app3-dynamic/numpy/lib/mixins.py=_numeric_methods=44
/home/jiangt/FaaSLight-Re/Original_app/app3-dynamic/numpy/lib/mixins.py=_binary_method=16
/home/jiangt/FaaSLight-Re/Original_app/app3-dynamic/numpy/lib/mixins.py=_reflected_binary_method=26
/home/jiangt/FaaSLight-Re/Original_app/app3-dynamic/numpy/lib/mixins.py=_inplace_binary_method=36
/home/jiangt/FaaSLight-Re/Original_app/app3-dynamic/numpy/lib/mixins.py=_numeric_methods=44
/home/jiangt/FaaSLight-Re/Original_app/app3-dynamic/numpy/lib/mixins.py=_binary_method=16
/home/jiangt/FaaSLight-Re/Original_app/app3-dynamic/numpy/lib/mixins.py=_reflected_binary_method=26
/home/jiangt/FaaSLight-Re/Original_app/app3-dynamic/numpy/lib/mixins.py=_inplace_binary_method=36
/home/jiangt/FaaSLight-Re/Original_app/app3-dynamic/numpy/lib/mixins.py=_numeric_methods=44
/home/jiangt/FaaSLight-Re/Original_app/app3-dynamic/numpy/lib/mixins.py=_binary_method=16
/home/jiangt/FaaSLight-Re/Original_app/app3-dynamic/numpy/lib/mixins.py=_reflected_binary_method=26
/home/jiangt/FaaSLight-Re/Original_app/app3-dynamic/numpy/lib/mixins.py=_inplace_binary_method=36
/home/jiangt/FaaSLight-Re/Original_app/app3-dynamic/numpy/lib/mixins.py=_numeric_methods=44
/home/jiangt/FaaSLight-Re/Original_app/app3-dynamic/numpy/lib/mixins.py=_binary_method=16
/home/jiangt/FaaSLight-Re/Original_app/app3-dynamic/numpy/lib/mixins.py=_reflected_binary_method=26
/home/jiangt/FaaSLight-Re/Original_app/app3-dynamic/numpy/lib/mixins.py=_inplace_binary_method=36
/home/jiangt/FaaSLight-Re/Original_app/app3-dynamic/numpy/lib/mixins.py=_numeric_methods=44
/home/jiangt/FaaSLight-Re/Original_app/app3-dynamic/numpy/lib/mixins.py=_binary_method=16
/home/jiangt/FaaSLight-Re/Original_app/app3-dynamic/numpy/lib/mixins.py=_reflected_binary_method=26
/home/jiangt/FaaSLight-Re/Original_app/app3-dynamic/numpy/lib/mixins.py=_inplace_binary_method=36
/home/jiangt/FaaSLight-Re/Original_app/app3-dynamic/numpy/lib/mixins.py=_numeric_methods=44
/home/jiangt/FaaSLight-Re/Original_app/app3-dynamic/numpy/lib/mixins.py=_binary_method=16
/home/jiangt/FaaSLight-Re/Original_app/app3-dynamic/numpy/lib/mixins.py=_reflected_binary_method=26
/home/jiangt/FaaSLight-Re/Original_app/app3-dynamic/numpy/lib/mixins.py=_inplace_binary_method=36
/home/jiangt/FaaSLight-Re/Original_app/app3-dynamic/numpy/lib/mixins.py=_binary_method=16
/home/jiangt/FaaSLight-Re/Original_app/app3-dynamic/numpy/lib/mixins.py=_reflected_binary_method=26
/home/jiangt/FaaSLight-Re/Original_app/app3-dynamic/numpy/lib/mixins.py=_numeric_methods=44
/home/jiangt/FaaSLight-Re/Original_app/app3-dynamic/numpy/lib/mixins.py=_binary_method=16
/home/jiangt/FaaSLight-Re/Original_app/app3-dynamic/numpy/lib/mixins.py=_reflected_binary_method=26
/home/jiangt/FaaSLight-Re/Original_app/app3-dynamic/numpy/lib/mixins.py=_inplace_binary_method=36
/home/jiangt/FaaSLight-Re/Original_app/app3-dynamic/numpy/lib/mixins.py=_numeric_methods=44
/home/jiangt/FaaSLight-Re/Original_app/app3-dynamic/numpy/lib/mixins.py=_binary_method=16
/home/jiangt/FaaSLight-Re/Original_app/app3-dynamic/numpy/lib/mixins.py=_reflected_binary_method=26
/home/jiangt/FaaSLight-Re/Original_app/app3-dynamic/numpy/lib/mixins.py=_inplace_binary_method=36
/home/jiangt/FaaSLight-Re/Original_app/app3-dynamic/numpy/lib/mixins.py=_numeric_methods=44
/home/jiangt/FaaSLight-Re/Original_app/app3-dynamic/numpy/lib/mixins.py=_binary_method=16
/home/jiangt/FaaSLight-Re/Original_app/app3-dynamic/numpy/lib/mixins.py=_reflected_binary_method=26
/home/jiangt/FaaSLight-Re/Original_app/app3-dynamic/numpy/lib/mixins.py=_inplace_binary_method=36
/home/jiangt/FaaSLight-Re/Original_app/app3-dynamic/numpy/lib/mixins.py=_numeric_methods=44
/home/jiangt/FaaSLight-Re/Original_app/app3-dynamic/numpy/lib/mixins.py=_binary_method=16
/home/jiangt/FaaSLight-Re/Original_app/app3-dynamic/numpy/lib/mixins.py=_reflected_binary_method=26
/home/jiangt/FaaSLight-Re/Original_app/app3-dynamic/numpy/lib/mixins.py=_inplace_binary_method=36
/home/jiangt/FaaSLight-Re/Original_app/app3-dynamic/numpy/lib/mixins.py=_numeric_methods=44
/home/jiangt/FaaSLight-Re/Original_app/app3-dynamic/numpy/lib/mixins.py=_binary_method=16
/home/jiangt/FaaSLight-Re/Original_app/app3-dynamic/numpy/lib/mixins.py=_reflected_binary_method=26
/home/jiangt/FaaSLight-Re/Original_app/app3-dynamic/numpy/lib/mixins.py=_inplace_binary_method=36
/home/jiangt/FaaSLight-Re/Original_app/app3-dynamic/numpy/lib/mixins.py=_numeric_methods=44
/home/jiangt/FaaSLight-Re/Original_app/app3-dynamic/numpy/lib/mixins.py=_binary_method=16
/home/jiangt/FaaSLight-Re/Original_app/app3-dynamic/numpy/lib/mixins.py=_reflected_binary_method=26
/home/jiangt/FaaSLight-Re/Original_app/app3-dynamic/numpy/lib/mixins.py=_inplace_binary_method=36
/home/jiangt/FaaSLight-Re/Original_app/app3-dynamic/numpy/lib/mixins.py=_unary_method=51
/home/jiangt/FaaSLight-Re/Original_app/app3-dynamic/numpy/lib/mixins.py=_unary_method=51
/home/jiangt/FaaSLight-Re/Original_app/app3-dynamic/numpy/lib/mixins.py=_unary_method=51
/home/jiangt/FaaSLight-Re/Original_app/app3-dynamic/numpy/lib/mixins.py=_unary_method=51
/home/jiangt/FaaSLight-Re/Original_app/app3-dynamic/numpy/lib/ufunclike.py=_deprecate_out_named_y=16
/home/jiangt/FaaSLight-Re/Original_app/app3-dynamic/numpy/core/overrides.py=array_function_dispatch=128
/home/jiangt/FaaSLight-Re/Original_app/app3-dynamic/numpy/lib/ufunclike.py=_fix_and_maybe_deprecate_out_named_y=58
/home/jiangt/FaaSLight-Re/Original_app/app3-dynamic/numpy/lib/ufunclike.py=_fix_out_named_y=41
/home/jiangt/FaaSLight-Re/Original_app/app3-dynamic/numpy/core/overrides.py=array_function_dispatch=decorator=170
/home/jiangt/FaaSLight-Re/Original_app/app3-dynamic/numpy/core/overrides.py=array_function_dispatch=128
/home/jiangt/FaaSLight-Re/Original_app/app3-dynamic/numpy/lib/ufunclike.py=_fix_and_maybe_deprecate_out_named_y=58
/home/jiangt/FaaSLight-Re/Original_app/app3-dynamic/numpy/lib/ufunclike.py=_fix_out_named_y=41
/home/jiangt/FaaSLight-Re/Original_app/app3-dynamic/numpy/core/overrides.py=array_function_dispatch=decorator=170
/home/jiangt/FaaSLight-Re/Original_app/app3-dynamic/numpy/core/overrides.py=array_function_dispatch=128
/home/jiangt/FaaSLight-Re/Original_app/app3-dynamic/numpy/lib/ufunclike.py=_fix_and_maybe_deprecate_out_named_y=58
/home/jiangt/FaaSLight-Re/Original_app/app3-dynamic/numpy/lib/ufunclike.py=_fix_out_named_y=41
/home/jiangt/FaaSLight-Re/Original_app/app3-dynamic/numpy/core/overrides.py=array_function_dispatch=decorator=170
/home/jiangt/FaaSLight-Re/Original_app/app3-dynamic/numpy/core/overrides.py=set_module=110
/home/jiangt/FaaSLight-Re/Original_app/app3-dynamic/numpy/core/overrides.py=set_module=decorator=121
/home/jiangt/FaaSLight-Re/Original_app/app3-dynamic/numpy/core/overrides.py=array_function_dispatch=128
/home/jiangt/FaaSLight-Re/Original_app/app3-dynamic/numpy/core/overrides.py=array_function_dispatch=decorator=170
/home/jiangt/FaaSLight-Re/Original_app/app3-dynamic/numpy/core/overrides.py=verify_matching_signatures=88
/home/jiangt/FaaSLight-Re/Original_app/app3-dynamic/numpy/compat/_inspect.py=getargspec=96
/home/jiangt/FaaSLight-Re/Original_app/app3-dynamic/numpy/compat/_inspect.py=ismethod=13
/home/jiangt/FaaSLight-Re/Original_app/app3-dynamic/numpy/compat/_inspect.py=isfunction=26
/home/jiangt/FaaSLight-Re/Original_app/app3-dynamic/numpy/compat/_inspect.py=getargs=65
/home/jiangt/FaaSLight-Re/Original_app/app3-dynamic/numpy/compat/_inspect.py=iscode=41
/home/jiangt/FaaSLight-Re/Original_app/app3-dynamic/numpy/compat/_inspect.py=getargspec=96
/home/jiangt/FaaSLight-Re/Original_app/app3-dynamic/numpy/compat/_inspect.py=ismethod=13
/home/jiangt/FaaSLight-Re/Original_app/app3-dynamic/numpy/compat/_inspect.py=isfunction=26
/home/jiangt/FaaSLight-Re/Original_app/app3-dynamic/numpy/compat/_inspect.py=getargs=65
/home/jiangt/FaaSLight-Re/Original_app/app3-dynamic/numpy/compat/_inspect.py=iscode=41
/home/jiangt/FaaSLight-Re/Original_app/app3-dynamic/numpy/core/overrides.py=array_function_dispatch=128
/home/jiangt/FaaSLight-Re/Original_app/app3-dynamic/numpy/core/overrides.py=array_function_dispatch=decorator=170
/home/jiangt/FaaSLight-Re/Original_app/app3-dynamic/numpy/core/overrides.py=verify_matching_signatures=88
/home/jiangt/FaaSLight-Re/Original_app/app3-dynamic/numpy/compat/_inspect.py=getargspec=96
/home/jiangt/FaaSLight-Re/Original_app/app3-dynamic/numpy/compat/_inspect.py=ismethod=13
/home/jiangt/FaaSLight-Re/Original_app/app3-dynamic/numpy/compat/_inspect.py=isfunction=26
/home/jiangt/FaaSLight-Re/Original_app/app3-dynamic/numpy/compat/_inspect.py=getargs=65
/home/jiangt/FaaSLight-Re/Original_app/app3-dynamic/numpy/compat/_inspect.py=iscode=41
/home/jiangt/FaaSLight-Re/Original_app/app3-dynamic/numpy/compat/_inspect.py=getargspec=96
/home/jiangt/FaaSLight-Re/Original_app/app3-dynamic/numpy/compat/_inspect.py=ismethod=13
/home/jiangt/FaaSLight-Re/Original_app/app3-dynamic/numpy/compat/_inspect.py=isfunction=26
/home/jiangt/FaaSLight-Re/Original_app/app3-dynamic/numpy/compat/_inspect.py=getargs=65
/home/jiangt/FaaSLight-Re/Original_app/app3-dynamic/numpy/compat/_inspect.py=iscode=41
/home/jiangt/FaaSLight-Re/Original_app/app3-dynamic/numpy/core/overrides.py=array_function_dispatch=128
/home/jiangt/FaaSLight-Re/Original_app/app3-dynamic/numpy/core/overrides.py=array_function_dispatch=decorator=170
/home/jiangt/FaaSLight-Re/Original_app/app3-dynamic/numpy/core/overrides.py=verify_matching_signatures=88
/home/jiangt/FaaSLight-Re/Original_app/app3-dynamic/numpy/compat/_inspect.py=getargspec=96
/home/jiangt/FaaSLight-Re/Original_app/app3-dynamic/numpy/compat/_inspect.py=ismethod=13
/home/jiangt/FaaSLight-Re/Original_app/app3-dynamic/numpy/compat/_inspect.py=isfunction=26
/home/jiangt/FaaSLight-Re/Original_app/app3-dynamic/numpy/compat/_inspect.py=getargs=65
/home/jiangt/FaaSLight-Re/Original_app/app3-dynamic/numpy/compat/_inspect.py=iscode=41
/home/jiangt/FaaSLight-Re/Original_app/app3-dynamic/numpy/compat/_inspect.py=getargspec=96
/home/jiangt/FaaSLight-Re/Original_app/app3-dynamic/numpy/compat/_inspect.py=ismethod=13
/home/jiangt/FaaSLight-Re/Original_app/app3-dynamic/numpy/compat/_inspect.py=isfunction=26
/home/jiangt/FaaSLight-Re/Original_app/app3-dynamic/numpy/compat/_inspect.py=getargs=65
/home/jiangt/FaaSLight-Re/Original_app/app3-dynamic/numpy/compat/_inspect.py=iscode=41
/home/jiangt/FaaSLight-Re/Original_app/app3-dynamic/numpy/core/overrides.py=array_function_dispatch=128
/home/jiangt/FaaSLight-Re/Original_app/app3-dynamic/numpy/core/overrides.py=array_function_dispatch=decorator=170
/home/jiangt/FaaSLight-Re/Original_app/app3-dynamic/numpy/core/overrides.py=verify_matching_signatures=88
/home/jiangt/FaaSLight-Re/Original_app/app3-dynamic/numpy/compat/_inspect.py=getargspec=96
/home/jiangt/FaaSLight-Re/Original_app/app3-dynamic/numpy/compat/_inspect.py=ismethod=13
/home/jiangt/FaaSLight-Re/Original_app/app3-dynamic/numpy/compat/_inspect.py=isfunction=26
/home/jiangt/FaaSLight-Re/Original_app/app3-dynamic/numpy/compat/_inspect.py=getargs=65
/home/jiangt/FaaSLight-Re/Original_app/app3-dynamic/numpy/compat/_inspect.py=iscode=41
/home/jiangt/FaaSLight-Re/Original_app/app3-dynamic/numpy/compat/_inspect.py=getargspec=96
/home/jiangt/FaaSLight-Re/Original_app/app3-dynamic/numpy/compat/_inspect.py=ismethod=13
/home/jiangt/FaaSLight-Re/Original_app/app3-dynamic/numpy/compat/_inspect.py=isfunction=26
/home/jiangt/FaaSLight-Re/Original_app/app3-dynamic/numpy/compat/_inspect.py=getargs=65
/home/jiangt/FaaSLight-Re/Original_app/app3-dynamic/numpy/compat/_inspect.py=iscode=41
/home/jiangt/FaaSLight-Re/Original_app/app3-dynamic/numpy/core/overrides.py=array_function_dispatch=128
/home/jiangt/FaaSLight-Re/Original_app/app3-dynamic/numpy/core/overrides.py=array_function_dispatch=decorator=170
/home/jiangt/FaaSLight-Re/Original_app/app3-dynamic/numpy/core/overrides.py=verify_matching_signatures=88
/home/jiangt/FaaSLight-Re/Original_app/app3-dynamic/numpy/compat/_inspect.py=getargspec=96
/home/jiangt/FaaSLight-Re/Original_app/app3-dynamic/numpy/compat/_inspect.py=ismethod=13
/home/jiangt/FaaSLight-Re/Original_app/app3-dynamic/numpy/compat/_inspect.py=isfunction=26
/home/jiangt/FaaSLight-Re/Original_app/app3-dynamic/numpy/compat/_inspect.py=getargs=65
/home/jiangt/FaaSLight-Re/Original_app/app3-dynamic/numpy/compat/_inspect.py=iscode=41
/home/jiangt/FaaSLight-Re/Original_app/app3-dynamic/numpy/compat/_inspect.py=getargspec=96
/home/jiangt/FaaSLight-Re/Original_app/app3-dynamic/numpy/compat/_inspect.py=ismethod=13
/home/jiangt/FaaSLight-Re/Original_app/app3-dynamic/numpy/compat/_inspect.py=isfunction=26
/home/jiangt/FaaSLight-Re/Original_app/app3-dynamic/numpy/compat/_inspect.py=getargs=65
/home/jiangt/FaaSLight-Re/Original_app/app3-dynamic/numpy/compat/_inspect.py=iscode=41
/home/jiangt/FaaSLight-Re/Original_app/app3-dynamic/numpy/core/overrides.py=array_function_dispatch=128
/home/jiangt/FaaSLight-Re/Original_app/app3-dynamic/numpy/core/overrides.py=array_function_dispatch=decorator=170
/home/jiangt/FaaSLight-Re/Original_app/app3-dynamic/numpy/core/overrides.py=verify_matching_signatures=88
/home/jiangt/FaaSLight-Re/Original_app/app3-dynamic/numpy/compat/_inspect.py=getargspec=96
/home/jiangt/FaaSLight-Re/Original_app/app3-dynamic/numpy/compat/_inspect.py=ismethod=13
/home/jiangt/FaaSLight-Re/Original_app/app3-dynamic/numpy/compat/_inspect.py=isfunction=26
/home/jiangt/FaaSLight-Re/Original_app/app3-dynamic/numpy/compat/_inspect.py=getargs=65
/home/jiangt/FaaSLight-Re/Original_app/app3-dynamic/numpy/compat/_inspect.py=iscode=41
/home/jiangt/FaaSLight-Re/Original_app/app3-dynamic/numpy/compat/_inspect.py=getargspec=96
/home/jiangt/FaaSLight-Re/Original_app/app3-dynamic/numpy/compat/_inspect.py=ismethod=13
/home/jiangt/FaaSLight-Re/Original_app/app3-dynamic/numpy/compat/_inspect.py=isfunction=26
/home/jiangt/FaaSLight-Re/Original_app/app3-dynamic/numpy/compat/_inspect.py=getargs=65
/home/jiangt/FaaSLight-Re/Original_app/app3-dynamic/numpy/compat/_inspect.py=iscode=41
/home/jiangt/FaaSLight-Re/Original_app/app3-dynamic/numpy/core/overrides.py=array_function_dispatch=128
/home/jiangt/FaaSLight-Re/Original_app/app3-dynamic/numpy/core/overrides.py=array_function_dispatch=decorator=170
/home/jiangt/FaaSLight-Re/Original_app/app3-dynamic/numpy/core/overrides.py=verify_matching_signatures=88
/home/jiangt/FaaSLight-Re/Original_app/app3-dynamic/numpy/compat/_inspect.py=getargspec=96
/home/jiangt/FaaSLight-Re/Original_app/app3-dynamic/numpy/compat/_inspect.py=ismethod=13
/home/jiangt/FaaSLight-Re/Original_app/app3-dynamic/numpy/compat/_inspect.py=isfunction=26
/home/jiangt/FaaSLight-Re/Original_app/app3-dynamic/numpy/compat/_inspect.py=getargs=65
/home/jiangt/FaaSLight-Re/Original_app/app3-dynamic/numpy/compat/_inspect.py=iscode=41
/home/jiangt/FaaSLight-Re/Original_app/app3-dynamic/numpy/compat/_inspect.py=getargspec=96
/home/jiangt/FaaSLight-Re/Original_app/app3-dynamic/numpy/compat/_inspect.py=ismethod=13
/home/jiangt/FaaSLight-Re/Original_app/app3-dynamic/numpy/compat/_inspect.py=isfunction=26
/home/jiangt/FaaSLight-Re/Original_app/app3-dynamic/numpy/compat/_inspect.py=getargs=65
/home/jiangt/FaaSLight-Re/Original_app/app3-dynamic/numpy/compat/_inspect.py=iscode=41
/home/jiangt/FaaSLight-Re/Original_app/app3-dynamic/numpy/core/overrides.py=array_function_dispatch=128
/home/jiangt/FaaSLight-Re/Original_app/app3-dynamic/numpy/core/overrides.py=array_function_dispatch=decorator=170
/home/jiangt/FaaSLight-Re/Original_app/app3-dynamic/numpy/core/overrides.py=verify_matching_signatures=88
/home/jiangt/FaaSLight-Re/Original_app/app3-dynamic/numpy/compat/_inspect.py=getargspec=96
/home/jiangt/FaaSLight-Re/Original_app/app3-dynamic/numpy/compat/_inspect.py=ismethod=13
/home/jiangt/FaaSLight-Re/Original_app/app3-dynamic/numpy/compat/_inspect.py=isfunction=26
/home/jiangt/FaaSLight-Re/Original_app/app3-dynamic/numpy/compat/_inspect.py=getargs=65
/home/jiangt/FaaSLight-Re/Original_app/app3-dynamic/numpy/compat/_inspect.py=iscode=41
/home/jiangt/FaaSLight-Re/Original_app/app3-dynamic/numpy/compat/_inspect.py=getargspec=96
/home/jiangt/FaaSLight-Re/Original_app/app3-dynamic/numpy/compat/_inspect.py=ismethod=13
/home/jiangt/FaaSLight-Re/Original_app/app3-dynamic/numpy/compat/_inspect.py=isfunction=26
/home/jiangt/FaaSLight-Re/Original_app/app3-dynamic/numpy/compat/_inspect.py=getargs=65
/home/jiangt/FaaSLight-Re/Original_app/app3-dynamic/numpy/compat/_inspect.py=iscode=41
/home/jiangt/FaaSLight-Re/Original_app/app3-dynamic/numpy/core/overrides.py=array_function_dispatch=128
/home/jiangt/FaaSLight-Re/Original_app/app3-dynamic/numpy/core/overrides.py=array_function_dispatch=decorator=170
/home/jiangt/FaaSLight-Re/Original_app/app3-dynamic/numpy/core/overrides.py=verify_matching_signatures=88
/home/jiangt/FaaSLight-Re/Original_app/app3-dynamic/numpy/compat/_inspect.py=getargspec=96
/home/jiangt/FaaSLight-Re/Original_app/app3-dynamic/numpy/compat/_inspect.py=ismethod=13
/home/jiangt/FaaSLight-Re/Original_app/app3-dynamic/numpy/compat/_inspect.py=isfunction=26
/home/jiangt/FaaSLight-Re/Original_app/app3-dynamic/numpy/compat/_inspect.py=getargs=65
/home/jiangt/FaaSLight-Re/Original_app/app3-dynamic/numpy/compat/_inspect.py=iscode=41
/home/jiangt/FaaSLight-Re/Original_app/app3-dynamic/numpy/compat/_inspect.py=getargspec=96
/home/jiangt/FaaSLight-Re/Original_app/app3-dynamic/numpy/compat/_inspect.py=ismethod=13
/home/jiangt/FaaSLight-Re/Original_app/app3-dynamic/numpy/compat/_inspect.py=isfunction=26
/home/jiangt/FaaSLight-Re/Original_app/app3-dynamic/numpy/compat/_inspect.py=getargs=65
/home/jiangt/FaaSLight-Re/Original_app/app3-dynamic/numpy/compat/_inspect.py=iscode=41
/home/jiangt/FaaSLight-Re/Original_app/app3-dynamic/numpy/core/overrides.py=set_module=110
/home/jiangt/FaaSLight-Re/Original_app/app3-dynamic/numpy/core/overrides.py=set_module=decorator=121
/home/jiangt/FaaSLight-Re/Original_app/app3-dynamic/numpy/core/overrides.py=array_function_dispatch=128
/home/jiangt/FaaSLight-Re/Original_app/app3-dynamic/numpy/core/overrides.py=array_function_dispatch=decorator=170
/home/jiangt/FaaSLight-Re/Original_app/app3-dynamic/numpy/core/overrides.py=verify_matching_signatures=88
/home/jiangt/FaaSLight-Re/Original_app/app3-dynamic/numpy/compat/_inspect.py=getargspec=96
/home/jiangt/FaaSLight-Re/Original_app/app3-dynamic/numpy/compat/_inspect.py=ismethod=13
/home/jiangt/FaaSLight-Re/Original_app/app3-dynamic/numpy/compat/_inspect.py=isfunction=26
/home/jiangt/FaaSLight-Re/Original_app/app3-dynamic/numpy/compat/_inspect.py=getargs=65
/home/jiangt/FaaSLight-Re/Original_app/app3-dynamic/numpy/compat/_inspect.py=iscode=41
/home/jiangt/FaaSLight-Re/Original_app/app3-dynamic/numpy/compat/_inspect.py=getargspec=96
/home/jiangt/FaaSLight-Re/Original_app/app3-dynamic/numpy/compat/_inspect.py=ismethod=13
/home/jiangt/FaaSLight-Re/Original_app/app3-dynamic/numpy/compat/_inspect.py=isfunction=26
/home/jiangt/FaaSLight-Re/Original_app/app3-dynamic/numpy/compat/_inspect.py=getargs=65
/home/jiangt/FaaSLight-Re/Original_app/app3-dynamic/numpy/compat/_inspect.py=iscode=41
/home/jiangt/FaaSLight-Re/Original_app/app3-dynamic/numpy/core/overrides.py=array_function_dispatch=128
/home/jiangt/FaaSLight-Re/Original_app/app3-dynamic/numpy/core/overrides.py=array_function_dispatch=decorator=170
/home/jiangt/FaaSLight-Re/Original_app/app3-dynamic/numpy/core/overrides.py=verify_matching_signatures=88
/home/jiangt/FaaSLight-Re/Original_app/app3-dynamic/numpy/compat/_inspect.py=getargspec=96
/home/jiangt/FaaSLight-Re/Original_app/app3-dynamic/numpy/compat/_inspect.py=ismethod=13
/home/jiangt/FaaSLight-Re/Original_app/app3-dynamic/numpy/compat/_inspect.py=isfunction=26
/home/jiangt/FaaSLight-Re/Original_app/app3-dynamic/numpy/compat/_inspect.py=getargs=65
/home/jiangt/FaaSLight-Re/Original_app/app3-dynamic/numpy/compat/_inspect.py=iscode=41
/home/jiangt/FaaSLight-Re/Original_app/app3-dynamic/numpy/compat/_inspect.py=getargspec=96
/home/jiangt/FaaSLight-Re/Original_app/app3-dynamic/numpy/compat/_inspect.py=ismethod=13
/home/jiangt/FaaSLight-Re/Original_app/app3-dynamic/numpy/compat/_inspect.py=isfunction=26
/home/jiangt/FaaSLight-Re/Original_app/app3-dynamic/numpy/compat/_inspect.py=getargs=65
/home/jiangt/FaaSLight-Re/Original_app/app3-dynamic/numpy/compat/_inspect.py=iscode=41
/home/jiangt/FaaSLight-Re/Original_app/app3-dynamic/numpy/core/overrides.py=array_function_dispatch=128
/home/jiangt/FaaSLight-Re/Original_app/app3-dynamic/numpy/core/overrides.py=array_function_dispatch=decorator=170
/home/jiangt/FaaSLight-Re/Original_app/app3-dynamic/numpy/core/overrides.py=verify_matching_signatures=88
/home/jiangt/FaaSLight-Re/Original_app/app3-dynamic/numpy/compat/_inspect.py=getargspec=96
/home/jiangt/FaaSLight-Re/Original_app/app3-dynamic/numpy/compat/_inspect.py=ismethod=13
/home/jiangt/FaaSLight-Re/Original_app/app3-dynamic/numpy/compat/_inspect.py=isfunction=26
/home/jiangt/FaaSLight-Re/Original_app/app3-dynamic/numpy/compat/_inspect.py=getargs=65
/home/jiangt/FaaSLight-Re/Original_app/app3-dynamic/numpy/compat/_inspect.py=iscode=41
/home/jiangt/FaaSLight-Re/Original_app/app3-dynamic/numpy/compat/_inspect.py=getargspec=96
/home/jiangt/FaaSLight-Re/Original_app/app3-dynamic/numpy/compat/_inspect.py=ismethod=13
/home/jiangt/FaaSLight-Re/Original_app/app3-dynamic/numpy/compat/_inspect.py=isfunction=26
/home/jiangt/FaaSLight-Re/Original_app/app3-dynamic/numpy/compat/_inspect.py=getargs=65
/home/jiangt/FaaSLight-Re/Original_app/app3-dynamic/numpy/compat/_inspect.py=iscode=41
/home/jiangt/FaaSLight-Re/Original_app/app3-dynamic/numpy/core/overrides.py=array_function_dispatch=128
/home/jiangt/FaaSLight-Re/Original_app/app3-dynamic/numpy/core/overrides.py=array_function_dispatch=decorator=170
/home/jiangt/FaaSLight-Re/Original_app/app3-dynamic/numpy/core/overrides.py=verify_matching_signatures=88
/home/jiangt/FaaSLight-Re/Original_app/app3-dynamic/numpy/compat/_inspect.py=getargspec=96
/home/jiangt/FaaSLight-Re/Original_app/app3-dynamic/numpy/compat/_inspect.py=ismethod=13
/home/jiangt/FaaSLight-Re/Original_app/app3-dynamic/numpy/compat/_inspect.py=isfunction=26
/home/jiangt/FaaSLight-Re/Original_app/app3-dynamic/numpy/compat/_inspect.py=getargs=65
/home/jiangt/FaaSLight-Re/Original_app/app3-dynamic/numpy/compat/_inspect.py=iscode=41
/home/jiangt/FaaSLight-Re/Original_app/app3-dynamic/numpy/compat/_inspect.py=getargspec=96
/home/jiangt/FaaSLight-Re/Original_app/app3-dynamic/numpy/compat/_inspect.py=ismethod=13
/home/jiangt/FaaSLight-Re/Original_app/app3-dynamic/numpy/compat/_inspect.py=isfunction=26
/home/jiangt/FaaSLight-Re/Original_app/app3-dynamic/numpy/compat/_inspect.py=getargs=65
/home/jiangt/FaaSLight-Re/Original_app/app3-dynamic/numpy/compat/_inspect.py=iscode=41
/home/jiangt/FaaSLight-Re/Original_app/app3-dynamic/numpy/core/overrides.py=array_function_dispatch=128
/home/jiangt/FaaSLight-Re/Original_app/app3-dynamic/numpy/core/overrides.py=array_function_dispatch=decorator=170
/home/jiangt/FaaSLight-Re/Original_app/app3-dynamic/numpy/core/overrides.py=verify_matching_signatures=88
/home/jiangt/FaaSLight-Re/Original_app/app3-dynamic/numpy/compat/_inspect.py=getargspec=96
/home/jiangt/FaaSLight-Re/Original_app/app3-dynamic/numpy/compat/_inspect.py=ismethod=13
/home/jiangt/FaaSLight-Re/Original_app/app3-dynamic/numpy/compat/_inspect.py=isfunction=26
/home/jiangt/FaaSLight-Re/Original_app/app3-dynamic/numpy/compat/_inspect.py=getargs=65
/home/jiangt/FaaSLight-Re/Original_app/app3-dynamic/numpy/compat/_inspect.py=iscode=41
/home/jiangt/FaaSLight-Re/Original_app/app3-dynamic/numpy/compat/_inspect.py=getargspec=96
/home/jiangt/FaaSLight-Re/Original_app/app3-dynamic/numpy/compat/_inspect.py=ismethod=13
/home/jiangt/FaaSLight-Re/Original_app/app3-dynamic/numpy/compat/_inspect.py=isfunction=26
/home/jiangt/FaaSLight-Re/Original_app/app3-dynamic/numpy/compat/_inspect.py=getargs=65
/home/jiangt/FaaSLight-Re/Original_app/app3-dynamic/numpy/compat/_inspect.py=iscode=41
/home/jiangt/FaaSLight-Re/Original_app/app3-dynamic/numpy/core/overrides.py=array_function_dispatch=128
/home/jiangt/FaaSLight-Re/Original_app/app3-dynamic/numpy/core/overrides.py=array_function_dispatch=decorator=170
/home/jiangt/FaaSLight-Re/Original_app/app3-dynamic/numpy/core/overrides.py=verify_matching_signatures=88
/home/jiangt/FaaSLight-Re/Original_app/app3-dynamic/numpy/compat/_inspect.py=getargspec=96
/home/jiangt/FaaSLight-Re/Original_app/app3-dynamic/numpy/compat/_inspect.py=ismethod=13
/home/jiangt/FaaSLight-Re/Original_app/app3-dynamic/numpy/compat/_inspect.py=isfunction=26
/home/jiangt/FaaSLight-Re/Original_app/app3-dynamic/numpy/compat/_inspect.py=getargs=65
/home/jiangt/FaaSLight-Re/Original_app/app3-dynamic/numpy/compat/_inspect.py=iscode=41
/home/jiangt/FaaSLight-Re/Original_app/app3-dynamic/numpy/compat/_inspect.py=getargspec=96
/home/jiangt/FaaSLight-Re/Original_app/app3-dynamic/numpy/compat/_inspect.py=ismethod=13
/home/jiangt/FaaSLight-Re/Original_app/app3-dynamic/numpy/compat/_inspect.py=isfunction=26
/home/jiangt/FaaSLight-Re/Original_app/app3-dynamic/numpy/compat/_inspect.py=getargs=65
/home/jiangt/FaaSLight-Re/Original_app/app3-dynamic/numpy/compat/_inspect.py=iscode=41
/home/jiangt/FaaSLight-Re/Original_app/app3-dynamic/numpy/core/overrides.py=array_function_dispatch=128
/home/jiangt/FaaSLight-Re/Original_app/app3-dynamic/numpy/core/overrides.py=array_function_dispatch=decorator=170
/home/jiangt/FaaSLight-Re/Original_app/app3-dynamic/numpy/core/overrides.py=verify_matching_signatures=88
/home/jiangt/FaaSLight-Re/Original_app/app3-dynamic/numpy/compat/_inspect.py=getargspec=96
/home/jiangt/FaaSLight-Re/Original_app/app3-dynamic/numpy/compat/_inspect.py=ismethod=13
/home/jiangt/FaaSLight-Re/Original_app/app3-dynamic/numpy/compat/_inspect.py=isfunction=26
/home/jiangt/FaaSLight-Re/Original_app/app3-dynamic/numpy/compat/_inspect.py=getargs=65
/home/jiangt/FaaSLight-Re/Original_app/app3-dynamic/numpy/compat/_inspect.py=iscode=41
/home/jiangt/FaaSLight-Re/Original_app/app3-dynamic/numpy/compat/_inspect.py=getargspec=96
/home/jiangt/FaaSLight-Re/Original_app/app3-dynamic/numpy/compat/_inspect.py=ismethod=13
/home/jiangt/FaaSLight-Re/Original_app/app3-dynamic/numpy/compat/_inspect.py=isfunction=26
/home/jiangt/FaaSLight-Re/Original_app/app3-dynamic/numpy/compat/_inspect.py=getargs=65
/home/jiangt/FaaSLight-Re/Original_app/app3-dynamic/numpy/compat/_inspect.py=iscode=41
/home/jiangt/FaaSLight-Re/Original_app/app3-dynamic/numpy/core/overrides.py=array_function_dispatch=128
/home/jiangt/FaaSLight-Re/Original_app/app3-dynamic/numpy/core/overrides.py=array_function_dispatch=decorator=170
/home/jiangt/FaaSLight-Re/Original_app/app3-dynamic/numpy/core/overrides.py=verify_matching_signatures=88
/home/jiangt/FaaSLight-Re/Original_app/app3-dynamic/numpy/compat/_inspect.py=getargspec=96
/home/jiangt/FaaSLight-Re/Original_app/app3-dynamic/numpy/compat/_inspect.py=ismethod=13
/home/jiangt/FaaSLight-Re/Original_app/app3-dynamic/numpy/compat/_inspect.py=isfunction=26
/home/jiangt/FaaSLight-Re/Original_app/app3-dynamic/numpy/compat/_inspect.py=getargs=65
/home/jiangt/FaaSLight-Re/Original_app/app3-dynamic/numpy/compat/_inspect.py=iscode=41
/home/jiangt/FaaSLight-Re/Original_app/app3-dynamic/numpy/compat/_inspect.py=getargspec=96
/home/jiangt/FaaSLight-Re/Original_app/app3-dynamic/numpy/compat/_inspect.py=ismethod=13
/home/jiangt/FaaSLight-Re/Original_app/app3-dynamic/numpy/compat/_inspect.py=isfunction=26
/home/jiangt/FaaSLight-Re/Original_app/app3-dynamic/numpy/compat/_inspect.py=getargs=65
/home/jiangt/FaaSLight-Re/Original_app/app3-dynamic/numpy/compat/_inspect.py=iscode=41
/home/jiangt/FaaSLight-Re/Original_app/app3-dynamic/numpy/core/overrides.py=array_function_dispatch=128
/home/jiangt/FaaSLight-Re/Original_app/app3-dynamic/numpy/core/overrides.py=array_function_dispatch=decorator=170
/home/jiangt/FaaSLight-Re/Original_app/app3-dynamic/numpy/core/overrides.py=verify_matching_signatures=88
/home/jiangt/FaaSLight-Re/Original_app/app3-dynamic/numpy/compat/_inspect.py=getargspec=96
/home/jiangt/FaaSLight-Re/Original_app/app3-dynamic/numpy/compat/_inspect.py=ismethod=13
/home/jiangt/FaaSLight-Re/Original_app/app3-dynamic/numpy/compat/_inspect.py=isfunction=26
/home/jiangt/FaaSLight-Re/Original_app/app3-dynamic/numpy/compat/_inspect.py=getargs=65
/home/jiangt/FaaSLight-Re/Original_app/app3-dynamic/numpy/compat/_inspect.py=iscode=41
/home/jiangt/FaaSLight-Re/Original_app/app3-dynamic/numpy/compat/_inspect.py=getargspec=96
/home/jiangt/FaaSLight-Re/Original_app/app3-dynamic/numpy/compat/_inspect.py=ismethod=13
/home/jiangt/FaaSLight-Re/Original_app/app3-dynamic/numpy/compat/_inspect.py=isfunction=26
/home/jiangt/FaaSLight-Re/Original_app/app3-dynamic/numpy/compat/_inspect.py=getargs=65
/home/jiangt/FaaSLight-Re/Original_app/app3-dynamic/numpy/compat/_inspect.py=iscode=41
/home/jiangt/FaaSLight-Re/Original_app/app3-dynamic/numpy/core/overrides.py=array_function_dispatch=128
/home/jiangt/FaaSLight-Re/Original_app/app3-dynamic/numpy/core/overrides.py=array_function_dispatch=decorator=170
/home/jiangt/FaaSLight-Re/Original_app/app3-dynamic/numpy/core/overrides.py=verify_matching_signatures=88
/home/jiangt/FaaSLight-Re/Original_app/app3-dynamic/numpy/compat/_inspect.py=getargspec=96
/home/jiangt/FaaSLight-Re/Original_app/app3-dynamic/numpy/compat/_inspect.py=ismethod=13
/home/jiangt/FaaSLight-Re/Original_app/app3-dynamic/numpy/compat/_inspect.py=isfunction=26
/home/jiangt/FaaSLight-Re/Original_app/app3-dynamic/numpy/compat/_inspect.py=getargs=65
/home/jiangt/FaaSLight-Re/Original_app/app3-dynamic/numpy/compat/_inspect.py=iscode=41
/home/jiangt/FaaSLight-Re/Original_app/app3-dynamic/numpy/compat/_inspect.py=getargspec=96
/home/jiangt/FaaSLight-Re/Original_app/app3-dynamic/numpy/compat/_inspect.py=ismethod=13
/home/jiangt/FaaSLight-Re/Original_app/app3-dynamic/numpy/compat/_inspect.py=isfunction=26
/home/jiangt/FaaSLight-Re/Original_app/app3-dynamic/numpy/compat/_inspect.py=getargs=65
/home/jiangt/FaaSLight-Re/Original_app/app3-dynamic/numpy/compat/_inspect.py=iscode=41
/home/jiangt/FaaSLight-Re/Original_app/app3-dynamic/numpy/core/overrides.py=array_function_dispatch=128
/home/jiangt/FaaSLight-Re/Original_app/app3-dynamic/numpy/core/overrides.py=array_function_dispatch=decorator=170
/home/jiangt/FaaSLight-Re/Original_app/app3-dynamic/numpy/core/overrides.py=verify_matching_signatures=88
/home/jiangt/FaaSLight-Re/Original_app/app3-dynamic/numpy/compat/_inspect.py=getargspec=96
/home/jiangt/FaaSLight-Re/Original_app/app3-dynamic/numpy/compat/_inspect.py=ismethod=13
/home/jiangt/FaaSLight-Re/Original_app/app3-dynamic/numpy/compat/_inspect.py=isfunction=26
/home/jiangt/FaaSLight-Re/Original_app/app3-dynamic/numpy/compat/_inspect.py=getargs=65
/home/jiangt/FaaSLight-Re/Original_app/app3-dynamic/numpy/compat/_inspect.py=iscode=41
/home/jiangt/FaaSLight-Re/Original_app/app3-dynamic/numpy/compat/_inspect.py=getargspec=96
/home/jiangt/FaaSLight-Re/Original_app/app3-dynamic/numpy/compat/_inspect.py=ismethod=13
/home/jiangt/FaaSLight-Re/Original_app/app3-dynamic/numpy/compat/_inspect.py=isfunction=26
/home/jiangt/FaaSLight-Re/Original_app/app3-dynamic/numpy/compat/_inspect.py=getargs=65
/home/jiangt/FaaSLight-Re/Original_app/app3-dynamic/numpy/compat/_inspect.py=iscode=41
/home/jiangt/FaaSLight-Re/Original_app/app3-dynamic/numpy/core/overrides.py=array_function_dispatch=128
/home/jiangt/FaaSLight-Re/Original_app/app3-dynamic/numpy/core/overrides.py=array_function_dispatch=decorator=170
/home/jiangt/FaaSLight-Re/Original_app/app3-dynamic/numpy/core/overrides.py=verify_matching_signatures=88
/home/jiangt/FaaSLight-Re/Original_app/app3-dynamic/numpy/compat/_inspect.py=getargspec=96
/home/jiangt/FaaSLight-Re/Original_app/app3-dynamic/numpy/compat/_inspect.py=ismethod=13
/home/jiangt/FaaSLight-Re/Original_app/app3-dynamic/numpy/compat/_inspect.py=isfunction=26
/home/jiangt/FaaSLight-Re/Original_app/app3-dynamic/numpy/compat/_inspect.py=getargs=65
/home/jiangt/FaaSLight-Re/Original_app/app3-dynamic/numpy/compat/_inspect.py=iscode=41
/home/jiangt/FaaSLight-Re/Original_app/app3-dynamic/numpy/compat/_inspect.py=getargspec=96
/home/jiangt/FaaSLight-Re/Original_app/app3-dynamic/numpy/compat/_inspect.py=ismethod=13
/home/jiangt/FaaSLight-Re/Original_app/app3-dynamic/numpy/compat/_inspect.py=isfunction=26
/home/jiangt/FaaSLight-Re/Original_app/app3-dynamic/numpy/compat/_inspect.py=getargs=65
/home/jiangt/FaaSLight-Re/Original_app/app3-dynamic/numpy/compat/_inspect.py=iscode=41
/home/jiangt/FaaSLight-Re/Original_app/app3-dynamic/numpy/core/overrides.py=set_module=110
/home/jiangt/FaaSLight-Re/Original_app/app3-dynamic/numpy/core/overrides.py=set_module=decorator=121
/home/jiangt/FaaSLight-Re/Original_app/app3-dynamic/numpy/core/overrides.py=array_function_dispatch=128
/home/jiangt/FaaSLight-Re/Original_app/app3-dynamic/numpy/core/overrides.py=array_function_dispatch=decorator=170
/home/jiangt/FaaSLight-Re/Original_app/app3-dynamic/numpy/core/overrides.py=verify_matching_signatures=88
/home/jiangt/FaaSLight-Re/Original_app/app3-dynamic/numpy/compat/_inspect.py=getargspec=96
/home/jiangt/FaaSLight-Re/Original_app/app3-dynamic/numpy/compat/_inspect.py=ismethod=13
/home/jiangt/FaaSLight-Re/Original_app/app3-dynamic/numpy/compat/_inspect.py=isfunction=26
/home/jiangt/FaaSLight-Re/Original_app/app3-dynamic/numpy/compat/_inspect.py=getargs=65
/home/jiangt/FaaSLight-Re/Original_app/app3-dynamic/numpy/compat/_inspect.py=iscode=41
/home/jiangt/FaaSLight-Re/Original_app/app3-dynamic/numpy/compat/_inspect.py=getargspec=96
/home/jiangt/FaaSLight-Re/Original_app/app3-dynamic/numpy/compat/_inspect.py=ismethod=13
/home/jiangt/FaaSLight-Re/Original_app/app3-dynamic/numpy/compat/_inspect.py=isfunction=26
/home/jiangt/FaaSLight-Re/Original_app/app3-dynamic/numpy/compat/_inspect.py=getargs=65
/home/jiangt/FaaSLight-Re/Original_app/app3-dynamic/numpy/compat/_inspect.py=iscode=41
/home/jiangt/FaaSLight-Re/Original_app/app3-dynamic/numpy/core/getlimits.py=iinfo=__init__=668
/home/jiangt/FaaSLight-Re/Original_app/app3-dynamic/numpy/core/getlimits.py=iinfo=__init__=668
/home/jiangt/FaaSLight-Re/Original_app/app3-dynamic/numpy/core/getlimits.py=iinfo=__init__=668
/home/jiangt/FaaSLight-Re/Original_app/app3-dynamic/numpy/core/overrides.py=array_function_dispatch=128
/home/jiangt/FaaSLight-Re/Original_app/app3-dynamic/numpy/core/overrides.py=array_function_dispatch=decorator=170
/home/jiangt/FaaSLight-Re/Original_app/app3-dynamic/numpy/core/overrides.py=verify_matching_signatures=88
/home/jiangt/FaaSLight-Re/Original_app/app3-dynamic/numpy/compat/_inspect.py=getargspec=96
/home/jiangt/FaaSLight-Re/Original_app/app3-dynamic/numpy/compat/_inspect.py=ismethod=13
/home/jiangt/FaaSLight-Re/Original_app/app3-dynamic/numpy/compat/_inspect.py=isfunction=26
/home/jiangt/FaaSLight-Re/Original_app/app3-dynamic/numpy/compat/_inspect.py=getargs=65
/home/jiangt/FaaSLight-Re/Original_app/app3-dynamic/numpy/compat/_inspect.py=iscode=41
/home/jiangt/FaaSLight-Re/Original_app/app3-dynamic/numpy/compat/_inspect.py=getargspec=96
/home/jiangt/FaaSLight-Re/Original_app/app3-dynamic/numpy/compat/_inspect.py=ismethod=13
/home/jiangt/FaaSLight-Re/Original_app/app3-dynamic/numpy/compat/_inspect.py=isfunction=26
/home/jiangt/FaaSLight-Re/Original_app/app3-dynamic/numpy/compat/_inspect.py=getargs=65
/home/jiangt/FaaSLight-Re/Original_app/app3-dynamic/numpy/compat/_inspect.py=iscode=41
/home/jiangt/FaaSLight-Re/Original_app/app3-dynamic/numpy/core/overrides.py=array_function_dispatch=128
/home/jiangt/FaaSLight-Re/Original_app/app3-dynamic/numpy/core/overrides.py=array_function_dispatch=decorator=170
/home/jiangt/FaaSLight-Re/Original_app/app3-dynamic/numpy/core/overrides.py=verify_matching_signatures=88
/home/jiangt/FaaSLight-Re/Original_app/app3-dynamic/numpy/compat/_inspect.py=getargspec=96
/home/jiangt/FaaSLight-Re/Original_app/app3-dynamic/numpy/compat/_inspect.py=ismethod=13
/home/jiangt/FaaSLight-Re/Original_app/app3-dynamic/numpy/compat/_inspect.py=isfunction=26
/home/jiangt/FaaSLight-Re/Original_app/app3-dynamic/numpy/compat/_inspect.py=getargs=65
/home/jiangt/FaaSLight-Re/Original_app/app3-dynamic/numpy/compat/_inspect.py=iscode=41
/home/jiangt/FaaSLight-Re/Original_app/app3-dynamic/numpy/compat/_inspect.py=getargspec=96
/home/jiangt/FaaSLight-Re/Original_app/app3-dynamic/numpy/compat/_inspect.py=ismethod=13
/home/jiangt/FaaSLight-Re/Original_app/app3-dynamic/numpy/compat/_inspect.py=isfunction=26
/home/jiangt/FaaSLight-Re/Original_app/app3-dynamic/numpy/compat/_inspect.py=getargs=65
/home/jiangt/FaaSLight-Re/Original_app/app3-dynamic/numpy/compat/_inspect.py=iscode=41
/home/jiangt/FaaSLight-Re/Original_app/app3-dynamic/numpy/core/overrides.py=set_module=110
/home/jiangt/FaaSLight-Re/Original_app/app3-dynamic/numpy/core/overrides.py=set_module=decorator=121
/home/jiangt/FaaSLight-Re/Original_app/app3-dynamic/numpy/core/overrides.py=set_array_function_like_doc=23
/home/jiangt/FaaSLight-Re/Original_app/app3-dynamic/numpy/core/overrides.py=array_function_dispatch=128
/home/jiangt/FaaSLight-Re/Original_app/app3-dynamic/numpy/core/overrides.py=array_function_dispatch=decorator=170
/home/jiangt/FaaSLight-Re/Original_app/app3-dynamic/numpy/core/overrides.py=verify_matching_signatures=88
/home/jiangt/FaaSLight-Re/Original_app/app3-dynamic/numpy/compat/_inspect.py=getargspec=96
/home/jiangt/FaaSLight-Re/Original_app/app3-dynamic/numpy/compat/_inspect.py=ismethod=13
/home/jiangt/FaaSLight-Re/Original_app/app3-dynamic/numpy/compat/_inspect.py=isfunction=26
/home/jiangt/FaaSLight-Re/Original_app/app3-dynamic/numpy/compat/_inspect.py=getargs=65
/home/jiangt/FaaSLight-Re/Original_app/app3-dynamic/numpy/compat/_inspect.py=iscode=41
/home/jiangt/FaaSLight-Re/Original_app/app3-dynamic/numpy/compat/_inspect.py=getargspec=96
/home/jiangt/FaaSLight-Re/Original_app/app3-dynamic/numpy/compat/_inspect.py=ismethod=13
/home/jiangt/FaaSLight-Re/Original_app/app3-dynamic/numpy/compat/_inspect.py=isfunction=26
/home/jiangt/FaaSLight-Re/Original_app/app3-dynamic/numpy/compat/_inspect.py=getargs=65
/home/jiangt/FaaSLight-Re/Original_app/app3-dynamic/numpy/compat/_inspect.py=iscode=41
/home/jiangt/FaaSLight-Re/Original_app/app3-dynamic/numpy/core/overrides.py=array_function_dispatch=128
/home/jiangt/FaaSLight-Re/Original_app/app3-dynamic/numpy/core/overrides.py=array_function_dispatch=decorator=170
/home/jiangt/FaaSLight-Re/Original_app/app3-dynamic/numpy/core/overrides.py=verify_matching_signatures=88
/home/jiangt/FaaSLight-Re/Original_app/app3-dynamic/numpy/compat/_inspect.py=getargspec=96
/home/jiangt/FaaSLight-Re/Original_app/app3-dynamic/numpy/compat/_inspect.py=ismethod=13
/home/jiangt/FaaSLight-Re/Original_app/app3-dynamic/numpy/compat/_inspect.py=isfunction=26
/home/jiangt/FaaSLight-Re/Original_app/app3-dynamic/numpy/compat/_inspect.py=getargs=65
/home/jiangt/FaaSLight-Re/Original_app/app3-dynamic/numpy/compat/_inspect.py=iscode=41
/home/jiangt/FaaSLight-Re/Original_app/app3-dynamic/numpy/compat/_inspect.py=getargspec=96
/home/jiangt/FaaSLight-Re/Original_app/app3-dynamic/numpy/compat/_inspect.py=ismethod=13
/home/jiangt/FaaSLight-Re/Original_app/app3-dynamic/numpy/compat/_inspect.py=isfunction=26
/home/jiangt/FaaSLight-Re/Original_app/app3-dynamic/numpy/compat/_inspect.py=getargs=65
/home/jiangt/FaaSLight-Re/Original_app/app3-dynamic/numpy/compat/_inspect.py=iscode=41
/home/jiangt/FaaSLight-Re/Original_app/app3-dynamic/numpy/core/overrides.py=array_function_dispatch=128
/home/jiangt/FaaSLight-Re/Original_app/app3-dynamic/numpy/core/overrides.py=array_function_dispatch=decorator=170
/home/jiangt/FaaSLight-Re/Original_app/app3-dynamic/numpy/core/overrides.py=verify_matching_signatures=88
/home/jiangt/FaaSLight-Re/Original_app/app3-dynamic/numpy/compat/_inspect.py=getargspec=96
/home/jiangt/FaaSLight-Re/Original_app/app3-dynamic/numpy/compat/_inspect.py=ismethod=13
/home/jiangt/FaaSLight-Re/Original_app/app3-dynamic/numpy/compat/_inspect.py=isfunction=26
/home/jiangt/FaaSLight-Re/Original_app/app3-dynamic/numpy/compat/_inspect.py=getargs=65
/home/jiangt/FaaSLight-Re/Original_app/app3-dynamic/numpy/compat/_inspect.py=iscode=41
/home/jiangt/FaaSLight-Re/Original_app/app3-dynamic/numpy/compat/_inspect.py=getargspec=96
/home/jiangt/FaaSLight-Re/Original_app/app3-dynamic/numpy/compat/_inspect.py=ismethod=13
/home/jiangt/FaaSLight-Re/Original_app/app3-dynamic/numpy/compat/_inspect.py=isfunction=26
/home/jiangt/FaaSLight-Re/Original_app/app3-dynamic/numpy/compat/_inspect.py=getargs=65
/home/jiangt/FaaSLight-Re/Original_app/app3-dynamic/numpy/compat/_inspect.py=iscode=41
/home/jiangt/FaaSLight-Re/Original_app/app3-dynamic/numpy/core/overrides.py=set_module=110
/home/jiangt/FaaSLight-Re/Original_app/app3-dynamic/numpy/core/overrides.py=set_module=decorator=121
/home/jiangt/FaaSLight-Re/Original_app/app3-dynamic/numpy/core/overrides.py=set_array_function_like_doc=23
/home/jiangt/FaaSLight-Re/Original_app/app3-dynamic/numpy/core/overrides.py=array_function_dispatch=128
/home/jiangt/FaaSLight-Re/Original_app/app3-dynamic/numpy/core/overrides.py=array_function_dispatch=decorator=170
/home/jiangt/FaaSLight-Re/Original_app/app3-dynamic/numpy/core/overrides.py=verify_matching_signatures=88
/home/jiangt/FaaSLight-Re/Original_app/app3-dynamic/numpy/compat/_inspect.py=getargspec=96
/home/jiangt/FaaSLight-Re/Original_app/app3-dynamic/numpy/compat/_inspect.py=ismethod=13
/home/jiangt/FaaSLight-Re/Original_app/app3-dynamic/numpy/compat/_inspect.py=isfunction=26
/home/jiangt/FaaSLight-Re/Original_app/app3-dynamic/numpy/compat/_inspect.py=getargs=65
/home/jiangt/FaaSLight-Re/Original_app/app3-dynamic/numpy/compat/_inspect.py=iscode=41
/home/jiangt/FaaSLight-Re/Original_app/app3-dynamic/numpy/compat/_inspect.py=getargspec=96
/home/jiangt/FaaSLight-Re/Original_app/app3-dynamic/numpy/compat/_inspect.py=ismethod=13
/home/jiangt/FaaSLight-Re/Original_app/app3-dynamic/numpy/compat/_inspect.py=isfunction=26
/home/jiangt/FaaSLight-Re/Original_app/app3-dynamic/numpy/compat/_inspect.py=getargs=65
/home/jiangt/FaaSLight-Re/Original_app/app3-dynamic/numpy/compat/_inspect.py=iscode=41
/home/jiangt/FaaSLight-Re/Original_app/app3-dynamic/numpy/core/overrides.py=array_function_dispatch=128
/home/jiangt/FaaSLight-Re/Original_app/app3-dynamic/numpy/core/overrides.py=array_function_dispatch=decorator=170
/home/jiangt/FaaSLight-Re/Original_app/app3-dynamic/numpy/core/overrides.py=verify_matching_signatures=88
/home/jiangt/FaaSLight-Re/Original_app/app3-dynamic/numpy/compat/_inspect.py=getargspec=96
/home/jiangt/FaaSLight-Re/Original_app/app3-dynamic/numpy/compat/_inspect.py=ismethod=13
/home/jiangt/FaaSLight-Re/Original_app/app3-dynamic/numpy/compat/_inspect.py=isfunction=26
/home/jiangt/FaaSLight-Re/Original_app/app3-dynamic/numpy/compat/_inspect.py=getargs=65
/home/jiangt/FaaSLight-Re/Original_app/app3-dynamic/numpy/compat/_inspect.py=iscode=41
/home/jiangt/FaaSLight-Re/Original_app/app3-dynamic/numpy/compat/_inspect.py=getargspec=96
/home/jiangt/FaaSLight-Re/Original_app/app3-dynamic/numpy/compat/_inspect.py=ismethod=13
/home/jiangt/FaaSLight-Re/Original_app/app3-dynamic/numpy/compat/_inspect.py=isfunction=26
/home/jiangt/FaaSLight-Re/Original_app/app3-dynamic/numpy/compat/_inspect.py=getargs=65
/home/jiangt/FaaSLight-Re/Original_app/app3-dynamic/numpy/compat/_inspect.py=iscode=41
/home/jiangt/FaaSLight-Re/Original_app/app3-dynamic/numpy/core/overrides.py=array_function_dispatch=128
/home/jiangt/FaaSLight-Re/Original_app/app3-dynamic/numpy/core/overrides.py=array_function_dispatch=decorator=170
/home/jiangt/FaaSLight-Re/Original_app/app3-dynamic/numpy/core/overrides.py=verify_matching_signatures=88
/home/jiangt/FaaSLight-Re/Original_app/app3-dynamic/numpy/compat/_inspect.py=getargspec=96
/home/jiangt/FaaSLight-Re/Original_app/app3-dynamic/numpy/compat/_inspect.py=ismethod=13
/home/jiangt/FaaSLight-Re/Original_app/app3-dynamic/numpy/compat/_inspect.py=isfunction=26
/home/jiangt/FaaSLight-Re/Original_app/app3-dynamic/numpy/compat/_inspect.py=getargs=65
/home/jiangt/FaaSLight-Re/Original_app/app3-dynamic/numpy/compat/_inspect.py=iscode=41
/home/jiangt/FaaSLight-Re/Original_app/app3-dynamic/numpy/compat/_inspect.py=getargspec=96
/home/jiangt/FaaSLight-Re/Original_app/app3-dynamic/numpy/compat/_inspect.py=ismethod=13
/home/jiangt/FaaSLight-Re/Original_app/app3-dynamic/numpy/compat/_inspect.py=isfunction=26
/home/jiangt/FaaSLight-Re/Original_app/app3-dynamic/numpy/compat/_inspect.py=getargs=65
/home/jiangt/FaaSLight-Re/Original_app/app3-dynamic/numpy/compat/_inspect.py=iscode=41
/home/jiangt/FaaSLight-Re/Original_app/app3-dynamic/numpy/core/overrides.py=array_function_dispatch=128
/home/jiangt/FaaSLight-Re/Original_app/app3-dynamic/numpy/core/overrides.py=array_function_dispatch=decorator=170
/home/jiangt/FaaSLight-Re/Original_app/app3-dynamic/numpy/core/overrides.py=verify_matching_signatures=88
/home/jiangt/FaaSLight-Re/Original_app/app3-dynamic/numpy/compat/_inspect.py=getargspec=96
/home/jiangt/FaaSLight-Re/Original_app/app3-dynamic/numpy/compat/_inspect.py=ismethod=13
/home/jiangt/FaaSLight-Re/Original_app/app3-dynamic/numpy/compat/_inspect.py=isfunction=26
/home/jiangt/FaaSLight-Re/Original_app/app3-dynamic/numpy/compat/_inspect.py=getargs=65
/home/jiangt/FaaSLight-Re/Original_app/app3-dynamic/numpy/compat/_inspect.py=iscode=41
/home/jiangt/FaaSLight-Re/Original_app/app3-dynamic/numpy/compat/_inspect.py=getargspec=96
/home/jiangt/FaaSLight-Re/Original_app/app3-dynamic/numpy/compat/_inspect.py=ismethod=13
/home/jiangt/FaaSLight-Re/Original_app/app3-dynamic/numpy/compat/_inspect.py=isfunction=26
/home/jiangt/FaaSLight-Re/Original_app/app3-dynamic/numpy/compat/_inspect.py=getargs=65
/home/jiangt/FaaSLight-Re/Original_app/app3-dynamic/numpy/compat/_inspect.py=iscode=41
/home/jiangt/FaaSLight-Re/Original_app/app3-dynamic/numpy/core/overrides.py=array_function_dispatch=128
/home/jiangt/FaaSLight-Re/Original_app/app3-dynamic/numpy/core/overrides.py=array_function_dispatch=decorator=170
/home/jiangt/FaaSLight-Re/Original_app/app3-dynamic/numpy/core/overrides.py=verify_matching_signatures=88
/home/jiangt/FaaSLight-Re/Original_app/app3-dynamic/numpy/compat/_inspect.py=getargspec=96
/home/jiangt/FaaSLight-Re/Original_app/app3-dynamic/numpy/compat/_inspect.py=ismethod=13
/home/jiangt/FaaSLight-Re/Original_app/app3-dynamic/numpy/compat/_inspect.py=isfunction=26
/home/jiangt/FaaSLight-Re/Original_app/app3-dynamic/numpy/compat/_inspect.py=getargs=65
/home/jiangt/FaaSLight-Re/Original_app/app3-dynamic/numpy/compat/_inspect.py=iscode=41
/home/jiangt/FaaSLight-Re/Original_app/app3-dynamic/numpy/compat/_inspect.py=getargspec=96
/home/jiangt/FaaSLight-Re/Original_app/app3-dynamic/numpy/compat/_inspect.py=ismethod=13
/home/jiangt/FaaSLight-Re/Original_app/app3-dynamic/numpy/compat/_inspect.py=isfunction=26
/home/jiangt/FaaSLight-Re/Original_app/app3-dynamic/numpy/compat/_inspect.py=getargs=65
/home/jiangt/FaaSLight-Re/Original_app/app3-dynamic/numpy/compat/_inspect.py=iscode=41
/home/jiangt/FaaSLight-Re/Original_app/app3-dynamic/numpy/core/overrides.py=set_module=110
/home/jiangt/FaaSLight-Re/Original_app/app3-dynamic/numpy/core/overrides.py=set_module=decorator=121
/home/jiangt/FaaSLight-Re/Original_app/app3-dynamic/numpy/core/overrides.py=set_module=110
/home/jiangt/FaaSLight-Re/Original_app/app3-dynamic/numpy/core/overrides.py=set_module=decorator=121
/home/jiangt/FaaSLight-Re/Original_app/app3-dynamic/numpy/core/overrides.py=array_function_dispatch=128
/home/jiangt/FaaSLight-Re/Original_app/app3-dynamic/numpy/core/overrides.py=array_function_dispatch=decorator=170
/home/jiangt/FaaSLight-Re/Original_app/app3-dynamic/numpy/core/overrides.py=verify_matching_signatures=88
/home/jiangt/FaaSLight-Re/Original_app/app3-dynamic/numpy/compat/_inspect.py=getargspec=96
/home/jiangt/FaaSLight-Re/Original_app/app3-dynamic/numpy/compat/_inspect.py=ismethod=13
/home/jiangt/FaaSLight-Re/Original_app/app3-dynamic/numpy/compat/_inspect.py=isfunction=26
/home/jiangt/FaaSLight-Re/Original_app/app3-dynamic/numpy/compat/_inspect.py=getargs=65
/home/jiangt/FaaSLight-Re/Original_app/app3-dynamic/numpy/compat/_inspect.py=iscode=41
/home/jiangt/FaaSLight-Re/Original_app/app3-dynamic/numpy/compat/_inspect.py=getargspec=96
/home/jiangt/FaaSLight-Re/Original_app/app3-dynamic/numpy/compat/_inspect.py=ismethod=13
/home/jiangt/FaaSLight-Re/Original_app/app3-dynamic/numpy/compat/_inspect.py=isfunction=26
/home/jiangt/FaaSLight-Re/Original_app/app3-dynamic/numpy/compat/_inspect.py=getargs=65
/home/jiangt/FaaSLight-Re/Original_app/app3-dynamic/numpy/compat/_inspect.py=iscode=41
/home/jiangt/FaaSLight-Re/Original_app/app3-dynamic/numpy/core/overrides.py=set_module=110
/home/jiangt/FaaSLight-Re/Original_app/app3-dynamic/numpy/core/overrides.py=set_module=decorator=121
/home/jiangt/FaaSLight-Re/Original_app/app3-dynamic/numpy/core/overrides.py=array_function_dispatch=128
/home/jiangt/FaaSLight-Re/Original_app/app3-dynamic/numpy/core/overrides.py=array_function_dispatch=decorator=170
/home/jiangt/FaaSLight-Re/Original_app/app3-dynamic/numpy/core/overrides.py=verify_matching_signatures=88
/home/jiangt/FaaSLight-Re/Original_app/app3-dynamic/numpy/compat/_inspect.py=getargspec=96
/home/jiangt/FaaSLight-Re/Original_app/app3-dynamic/numpy/compat/_inspect.py=ismethod=13
/home/jiangt/FaaSLight-Re/Original_app/app3-dynamic/numpy/compat/_inspect.py=isfunction=26
/home/jiangt/FaaSLight-Re/Original_app/app3-dynamic/numpy/compat/_inspect.py=getargs=65
/home/jiangt/FaaSLight-Re/Original_app/app3-dynamic/numpy/compat/_inspect.py=iscode=41
/home/jiangt/FaaSLight-Re/Original_app/app3-dynamic/numpy/compat/_inspect.py=getargspec=96
/home/jiangt/FaaSLight-Re/Original_app/app3-dynamic/numpy/compat/_inspect.py=ismethod=13
/home/jiangt/FaaSLight-Re/Original_app/app3-dynamic/numpy/compat/_inspect.py=isfunction=26
/home/jiangt/FaaSLight-Re/Original_app/app3-dynamic/numpy/compat/_inspect.py=getargs=65
/home/jiangt/FaaSLight-Re/Original_app/app3-dynamic/numpy/compat/_inspect.py=iscode=41
/home/jiangt/FaaSLight-Re/Original_app/app3-dynamic/numpy/core/overrides.py=set_module=110
/home/jiangt/FaaSLight-Re/Original_app/app3-dynamic/numpy/core/overrides.py=set_module=decorator=121
/home/jiangt/FaaSLight-Re/Original_app/app3-dynamic/numpy/linalg/linalg.py=_determine_error_states=74
/home/jiangt/FaaSLight-Re/Original_app/app3-dynamic/numpy/core/_ufunc_config.py=errstate=__init__=426
/home/jiangt/FaaSLight-Re/Original_app/app3-dynamic/numpy/core/_ufunc_config.py=errstate=__enter__=430
/home/jiangt/FaaSLight-Re/Original_app/app3-dynamic/numpy/core/_ufunc_config.py=seterr=33
/home/jiangt/FaaSLight-Re/Original_app/app3-dynamic/numpy/core/_ufunc_config.py=geterr=132
/home/jiangt/FaaSLight-Re/Original_app/app3-dynamic/numpy/core/_ufunc_config.py=errstate=__exit__=435
/home/jiangt/FaaSLight-Re/Original_app/app3-dynamic/numpy/core/_ufunc_config.py=seterr=33
/home/jiangt/FaaSLight-Re/Original_app/app3-dynamic/numpy/core/_ufunc_config.py=geterr=132
/home/jiangt/FaaSLight-Re/Original_app/app3-dynamic/numpy/core/overrides.py=array_function_dispatch=128
/home/jiangt/FaaSLight-Re/Original_app/app3-dynamic/numpy/core/overrides.py=array_function_dispatch=decorator=170
/home/jiangt/FaaSLight-Re/Original_app/app3-dynamic/numpy/core/overrides.py=verify_matching_signatures=88
/home/jiangt/FaaSLight-Re/Original_app/app3-dynamic/numpy/compat/_inspect.py=getargspec=96
/home/jiangt/FaaSLight-Re/Original_app/app3-dynamic/numpy/compat/_inspect.py=ismethod=13
/home/jiangt/FaaSLight-Re/Original_app/app3-dynamic/numpy/compat/_inspect.py=isfunction=26
/home/jiangt/FaaSLight-Re/Original_app/app3-dynamic/numpy/compat/_inspect.py=getargs=65
/home/jiangt/FaaSLight-Re/Original_app/app3-dynamic/numpy/compat/_inspect.py=iscode=41
/home/jiangt/FaaSLight-Re/Original_app/app3-dynamic/numpy/compat/_inspect.py=getargspec=96
/home/jiangt/FaaSLight-Re/Original_app/app3-dynamic/numpy/compat/_inspect.py=ismethod=13
/home/jiangt/FaaSLight-Re/Original_app/app3-dynamic/numpy/compat/_inspect.py=isfunction=26
/home/jiangt/FaaSLight-Re/Original_app/app3-dynamic/numpy/compat/_inspect.py=getargs=65
/home/jiangt/FaaSLight-Re/Original_app/app3-dynamic/numpy/compat/_inspect.py=iscode=41
/home/jiangt/FaaSLight-Re/Original_app/app3-dynamic/numpy/core/overrides.py=array_function_dispatch=128
/home/jiangt/FaaSLight-Re/Original_app/app3-dynamic/numpy/core/overrides.py=array_function_dispatch=decorator=170
/home/jiangt/FaaSLight-Re/Original_app/app3-dynamic/numpy/core/overrides.py=verify_matching_signatures=88
/home/jiangt/FaaSLight-Re/Original_app/app3-dynamic/numpy/compat/_inspect.py=getargspec=96
/home/jiangt/FaaSLight-Re/Original_app/app3-dynamic/numpy/compat/_inspect.py=ismethod=13
/home/jiangt/FaaSLight-Re/Original_app/app3-dynamic/numpy/compat/_inspect.py=isfunction=26
/home/jiangt/FaaSLight-Re/Original_app/app3-dynamic/numpy/compat/_inspect.py=getargs=65
/home/jiangt/FaaSLight-Re/Original_app/app3-dynamic/numpy/compat/_inspect.py=iscode=41
/home/jiangt/FaaSLight-Re/Original_app/app3-dynamic/numpy/compat/_inspect.py=getargspec=96
/home/jiangt/FaaSLight-Re/Original_app/app3-dynamic/numpy/compat/_inspect.py=ismethod=13
/home/jiangt/FaaSLight-Re/Original_app/app3-dynamic/numpy/compat/_inspect.py=isfunction=26
/home/jiangt/FaaSLight-Re/Original_app/app3-dynamic/numpy/compat/_inspect.py=getargs=65
/home/jiangt/FaaSLight-Re/Original_app/app3-dynamic/numpy/compat/_inspect.py=iscode=41
/home/jiangt/FaaSLight-Re/Original_app/app3-dynamic/numpy/core/overrides.py=array_function_dispatch=128
/home/jiangt/FaaSLight-Re/Original_app/app3-dynamic/numpy/core/overrides.py=array_function_dispatch=decorator=170
/home/jiangt/FaaSLight-Re/Original_app/app3-dynamic/numpy/core/overrides.py=verify_matching_signatures=88
/home/jiangt/FaaSLight-Re/Original_app/app3-dynamic/numpy/compat/_inspect.py=getargspec=96
/home/jiangt/FaaSLight-Re/Original_app/app3-dynamic/numpy/compat/_inspect.py=ismethod=13
/home/jiangt/FaaSLight-Re/Original_app/app3-dynamic/numpy/compat/_inspect.py=isfunction=26
/home/jiangt/FaaSLight-Re/Original_app/app3-dynamic/numpy/compat/_inspect.py=getargs=65
/home/jiangt/FaaSLight-Re/Original_app/app3-dynamic/numpy/compat/_inspect.py=iscode=41
/home/jiangt/FaaSLight-Re/Original_app/app3-dynamic/numpy/compat/_inspect.py=getargspec=96
/home/jiangt/FaaSLight-Re/Original_app/app3-dynamic/numpy/compat/_inspect.py=ismethod=13
/home/jiangt/FaaSLight-Re/Original_app/app3-dynamic/numpy/compat/_inspect.py=isfunction=26
/home/jiangt/FaaSLight-Re/Original_app/app3-dynamic/numpy/compat/_inspect.py=getargs=65
/home/jiangt/FaaSLight-Re/Original_app/app3-dynamic/numpy/compat/_inspect.py=iscode=41
/home/jiangt/FaaSLight-Re/Original_app/app3-dynamic/numpy/core/overrides.py=array_function_dispatch=128
/home/jiangt/FaaSLight-Re/Original_app/app3-dynamic/numpy/core/overrides.py=array_function_dispatch=decorator=170
/home/jiangt/FaaSLight-Re/Original_app/app3-dynamic/numpy/core/overrides.py=verify_matching_signatures=88
/home/jiangt/FaaSLight-Re/Original_app/app3-dynamic/numpy/compat/_inspect.py=getargspec=96
/home/jiangt/FaaSLight-Re/Original_app/app3-dynamic/numpy/compat/_inspect.py=ismethod=13
/home/jiangt/FaaSLight-Re/Original_app/app3-dynamic/numpy/compat/_inspect.py=isfunction=26
/home/jiangt/FaaSLight-Re/Original_app/app3-dynamic/numpy/compat/_inspect.py=getargs=65
/home/jiangt/FaaSLight-Re/Original_app/app3-dynamic/numpy/compat/_inspect.py=iscode=41
/home/jiangt/FaaSLight-Re/Original_app/app3-dynamic/numpy/compat/_inspect.py=getargspec=96
/home/jiangt/FaaSLight-Re/Original_app/app3-dynamic/numpy/compat/_inspect.py=ismethod=13
/home/jiangt/FaaSLight-Re/Original_app/app3-dynamic/numpy/compat/_inspect.py=isfunction=26
/home/jiangt/FaaSLight-Re/Original_app/app3-dynamic/numpy/compat/_inspect.py=getargs=65
/home/jiangt/FaaSLight-Re/Original_app/app3-dynamic/numpy/compat/_inspect.py=iscode=41
/home/jiangt/FaaSLight-Re/Original_app/app3-dynamic/numpy/core/overrides.py=array_function_dispatch=128
/home/jiangt/FaaSLight-Re/Original_app/app3-dynamic/numpy/core/overrides.py=array_function_dispatch=decorator=170
/home/jiangt/FaaSLight-Re/Original_app/app3-dynamic/numpy/core/overrides.py=verify_matching_signatures=88
/home/jiangt/FaaSLight-Re/Original_app/app3-dynamic/numpy/compat/_inspect.py=getargspec=96
/home/jiangt/FaaSLight-Re/Original_app/app3-dynamic/numpy/compat/_inspect.py=ismethod=13
/home/jiangt/FaaSLight-Re/Original_app/app3-dynamic/numpy/compat/_inspect.py=isfunction=26
/home/jiangt/FaaSLight-Re/Original_app/app3-dynamic/numpy/compat/_inspect.py=getargs=65
/home/jiangt/FaaSLight-Re/Original_app/app3-dynamic/numpy/compat/_inspect.py=iscode=41
/home/jiangt/FaaSLight-Re/Original_app/app3-dynamic/numpy/compat/_inspect.py=getargspec=96
/home/jiangt/FaaSLight-Re/Original_app/app3-dynamic/numpy/compat/_inspect.py=ismethod=13
/home/jiangt/FaaSLight-Re/Original_app/app3-dynamic/numpy/compat/_inspect.py=isfunction=26
/home/jiangt/FaaSLight-Re/Original_app/app3-dynamic/numpy/compat/_inspect.py=getargs=65
/home/jiangt/FaaSLight-Re/Original_app/app3-dynamic/numpy/compat/_inspect.py=iscode=41
/home/jiangt/FaaSLight-Re/Original_app/app3-dynamic/numpy/core/overrides.py=array_function_dispatch=128
/home/jiangt/FaaSLight-Re/Original_app/app3-dynamic/numpy/core/overrides.py=array_function_dispatch=decorator=170
/home/jiangt/FaaSLight-Re/Original_app/app3-dynamic/numpy/core/overrides.py=verify_matching_signatures=88
/home/jiangt/FaaSLight-Re/Original_app/app3-dynamic/numpy/compat/_inspect.py=getargspec=96
/home/jiangt/FaaSLight-Re/Original_app/app3-dynamic/numpy/compat/_inspect.py=ismethod=13
/home/jiangt/FaaSLight-Re/Original_app/app3-dynamic/numpy/compat/_inspect.py=isfunction=26
/home/jiangt/FaaSLight-Re/Original_app/app3-dynamic/numpy/compat/_inspect.py=getargs=65
/home/jiangt/FaaSLight-Re/Original_app/app3-dynamic/numpy/compat/_inspect.py=iscode=41
/home/jiangt/FaaSLight-Re/Original_app/app3-dynamic/numpy/compat/_inspect.py=getargspec=96
/home/jiangt/FaaSLight-Re/Original_app/app3-dynamic/numpy/compat/_inspect.py=ismethod=13
/home/jiangt/FaaSLight-Re/Original_app/app3-dynamic/numpy/compat/_inspect.py=isfunction=26
/home/jiangt/FaaSLight-Re/Original_app/app3-dynamic/numpy/compat/_inspect.py=getargs=65
/home/jiangt/FaaSLight-Re/Original_app/app3-dynamic/numpy/compat/_inspect.py=iscode=41
/home/jiangt/FaaSLight-Re/Original_app/app3-dynamic/numpy/core/overrides.py=array_function_dispatch=128
/home/jiangt/FaaSLight-Re/Original_app/app3-dynamic/numpy/core/overrides.py=array_function_dispatch=decorator=170
/home/jiangt/FaaSLight-Re/Original_app/app3-dynamic/numpy/core/overrides.py=verify_matching_signatures=88
/home/jiangt/FaaSLight-Re/Original_app/app3-dynamic/numpy/compat/_inspect.py=getargspec=96
/home/jiangt/FaaSLight-Re/Original_app/app3-dynamic/numpy/compat/_inspect.py=ismethod=13
/home/jiangt/FaaSLight-Re/Original_app/app3-dynamic/numpy/compat/_inspect.py=isfunction=26
/home/jiangt/FaaSLight-Re/Original_app/app3-dynamic/numpy/compat/_inspect.py=getargs=65
/home/jiangt/FaaSLight-Re/Original_app/app3-dynamic/numpy/compat/_inspect.py=iscode=41
/home/jiangt/FaaSLight-Re/Original_app/app3-dynamic/numpy/compat/_inspect.py=getargspec=96
/home/jiangt/FaaSLight-Re/Original_app/app3-dynamic/numpy/compat/_inspect.py=ismethod=13
/home/jiangt/FaaSLight-Re/Original_app/app3-dynamic/numpy/compat/_inspect.py=isfunction=26
/home/jiangt/FaaSLight-Re/Original_app/app3-dynamic/numpy/compat/_inspect.py=getargs=65
/home/jiangt/FaaSLight-Re/Original_app/app3-dynamic/numpy/compat/_inspect.py=iscode=41
/home/jiangt/FaaSLight-Re/Original_app/app3-dynamic/numpy/core/overrides.py=array_function_dispatch=128
/home/jiangt/FaaSLight-Re/Original_app/app3-dynamic/numpy/core/overrides.py=array_function_dispatch=decorator=170
/home/jiangt/FaaSLight-Re/Original_app/app3-dynamic/numpy/core/overrides.py=verify_matching_signatures=88
/home/jiangt/FaaSLight-Re/Original_app/app3-dynamic/numpy/compat/_inspect.py=getargspec=96
/home/jiangt/FaaSLight-Re/Original_app/app3-dynamic/numpy/compat/_inspect.py=ismethod=13
/home/jiangt/FaaSLight-Re/Original_app/app3-dynamic/numpy/compat/_inspect.py=isfunction=26
/home/jiangt/FaaSLight-Re/Original_app/app3-dynamic/numpy/compat/_inspect.py=getargs=65
/home/jiangt/FaaSLight-Re/Original_app/app3-dynamic/numpy/compat/_inspect.py=iscode=41
/home/jiangt/FaaSLight-Re/Original_app/app3-dynamic/numpy/compat/_inspect.py=getargspec=96
/home/jiangt/FaaSLight-Re/Original_app/app3-dynamic/numpy/compat/_inspect.py=ismethod=13
/home/jiangt/FaaSLight-Re/Original_app/app3-dynamic/numpy/compat/_inspect.py=isfunction=26
/home/jiangt/FaaSLight-Re/Original_app/app3-dynamic/numpy/compat/_inspect.py=getargs=65
/home/jiangt/FaaSLight-Re/Original_app/app3-dynamic/numpy/compat/_inspect.py=iscode=41
/home/jiangt/FaaSLight-Re/Original_app/app3-dynamic/numpy/core/overrides.py=array_function_dispatch=128
/home/jiangt/FaaSLight-Re/Original_app/app3-dynamic/numpy/core/overrides.py=array_function_dispatch=decorator=170
/home/jiangt/FaaSLight-Re/Original_app/app3-dynamic/numpy/core/overrides.py=verify_matching_signatures=88
/home/jiangt/FaaSLight-Re/Original_app/app3-dynamic/numpy/compat/_inspect.py=getargspec=96
/home/jiangt/FaaSLight-Re/Original_app/app3-dynamic/numpy/compat/_inspect.py=ismethod=13
/home/jiangt/FaaSLight-Re/Original_app/app3-dynamic/numpy/compat/_inspect.py=isfunction=26
/home/jiangt/FaaSLight-Re/Original_app/app3-dynamic/numpy/compat/_inspect.py=getargs=65
/home/jiangt/FaaSLight-Re/Original_app/app3-dynamic/numpy/compat/_inspect.py=iscode=41
/home/jiangt/FaaSLight-Re/Original_app/app3-dynamic/numpy/compat/_inspect.py=getargspec=96
/home/jiangt/FaaSLight-Re/Original_app/app3-dynamic/numpy/compat/_inspect.py=ismethod=13
/home/jiangt/FaaSLight-Re/Original_app/app3-dynamic/numpy/compat/_inspect.py=isfunction=26
/home/jiangt/FaaSLight-Re/Original_app/app3-dynamic/numpy/compat/_inspect.py=getargs=65
/home/jiangt/FaaSLight-Re/Original_app/app3-dynamic/numpy/compat/_inspect.py=iscode=41
/home/jiangt/FaaSLight-Re/Original_app/app3-dynamic/numpy/core/overrides.py=array_function_dispatch=128
/home/jiangt/FaaSLight-Re/Original_app/app3-dynamic/numpy/core/overrides.py=array_function_dispatch=decorator=170
/home/jiangt/FaaSLight-Re/Original_app/app3-dynamic/numpy/core/overrides.py=verify_matching_signatures=88
/home/jiangt/FaaSLight-Re/Original_app/app3-dynamic/numpy/compat/_inspect.py=getargspec=96
/home/jiangt/FaaSLight-Re/Original_app/app3-dynamic/numpy/compat/_inspect.py=ismethod=13
/home/jiangt/FaaSLight-Re/Original_app/app3-dynamic/numpy/compat/_inspect.py=isfunction=26
/home/jiangt/FaaSLight-Re/Original_app/app3-dynamic/numpy/compat/_inspect.py=getargs=65
/home/jiangt/FaaSLight-Re/Original_app/app3-dynamic/numpy/compat/_inspect.py=iscode=41
/home/jiangt/FaaSLight-Re/Original_app/app3-dynamic/numpy/compat/_inspect.py=getargspec=96
/home/jiangt/FaaSLight-Re/Original_app/app3-dynamic/numpy/compat/_inspect.py=ismethod=13
/home/jiangt/FaaSLight-Re/Original_app/app3-dynamic/numpy/compat/_inspect.py=isfunction=26
/home/jiangt/FaaSLight-Re/Original_app/app3-dynamic/numpy/compat/_inspect.py=getargs=65
/home/jiangt/FaaSLight-Re/Original_app/app3-dynamic/numpy/compat/_inspect.py=iscode=41
/home/jiangt/FaaSLight-Re/Original_app/app3-dynamic/numpy/core/overrides.py=array_function_dispatch=128
/home/jiangt/FaaSLight-Re/Original_app/app3-dynamic/numpy/core/overrides.py=array_function_dispatch=decorator=170
/home/jiangt/FaaSLight-Re/Original_app/app3-dynamic/numpy/core/overrides.py=verify_matching_signatures=88
/home/jiangt/FaaSLight-Re/Original_app/app3-dynamic/numpy/compat/_inspect.py=getargspec=96
/home/jiangt/FaaSLight-Re/Original_app/app3-dynamic/numpy/compat/_inspect.py=ismethod=13
/home/jiangt/FaaSLight-Re/Original_app/app3-dynamic/numpy/compat/_inspect.py=isfunction=26
/home/jiangt/FaaSLight-Re/Original_app/app3-dynamic/numpy/compat/_inspect.py=getargs=65
/home/jiangt/FaaSLight-Re/Original_app/app3-dynamic/numpy/compat/_inspect.py=iscode=41
/home/jiangt/FaaSLight-Re/Original_app/app3-dynamic/numpy/compat/_inspect.py=getargspec=96
/home/jiangt/FaaSLight-Re/Original_app/app3-dynamic/numpy/compat/_inspect.py=ismethod=13
/home/jiangt/FaaSLight-Re/Original_app/app3-dynamic/numpy/compat/_inspect.py=isfunction=26
/home/jiangt/FaaSLight-Re/Original_app/app3-dynamic/numpy/compat/_inspect.py=getargs=65
/home/jiangt/FaaSLight-Re/Original_app/app3-dynamic/numpy/compat/_inspect.py=iscode=41
/home/jiangt/FaaSLight-Re/Original_app/app3-dynamic/numpy/core/overrides.py=array_function_dispatch=128
/home/jiangt/FaaSLight-Re/Original_app/app3-dynamic/numpy/core/overrides.py=array_function_dispatch=decorator=170
/home/jiangt/FaaSLight-Re/Original_app/app3-dynamic/numpy/core/overrides.py=verify_matching_signatures=88
/home/jiangt/FaaSLight-Re/Original_app/app3-dynamic/numpy/compat/_inspect.py=getargspec=96
/home/jiangt/FaaSLight-Re/Original_app/app3-dynamic/numpy/compat/_inspect.py=ismethod=13
/home/jiangt/FaaSLight-Re/Original_app/app3-dynamic/numpy/compat/_inspect.py=isfunction=26
/home/jiangt/FaaSLight-Re/Original_app/app3-dynamic/numpy/compat/_inspect.py=getargs=65
/home/jiangt/FaaSLight-Re/Original_app/app3-dynamic/numpy/compat/_inspect.py=iscode=41
/home/jiangt/FaaSLight-Re/Original_app/app3-dynamic/numpy/compat/_inspect.py=getargspec=96
/home/jiangt/FaaSLight-Re/Original_app/app3-dynamic/numpy/compat/_inspect.py=ismethod=13
/home/jiangt/FaaSLight-Re/Original_app/app3-dynamic/numpy/compat/_inspect.py=isfunction=26
/home/jiangt/FaaSLight-Re/Original_app/app3-dynamic/numpy/compat/_inspect.py=getargs=65
/home/jiangt/FaaSLight-Re/Original_app/app3-dynamic/numpy/compat/_inspect.py=iscode=41
/home/jiangt/FaaSLight-Re/Original_app/app3-dynamic/numpy/core/overrides.py=array_function_dispatch=128
/home/jiangt/FaaSLight-Re/Original_app/app3-dynamic/numpy/core/overrides.py=array_function_dispatch=decorator=170
/home/jiangt/FaaSLight-Re/Original_app/app3-dynamic/numpy/core/overrides.py=verify_matching_signatures=88
/home/jiangt/FaaSLight-Re/Original_app/app3-dynamic/numpy/compat/_inspect.py=getargspec=96
/home/jiangt/FaaSLight-Re/Original_app/app3-dynamic/numpy/compat/_inspect.py=ismethod=13
/home/jiangt/FaaSLight-Re/Original_app/app3-dynamic/numpy/compat/_inspect.py=isfunction=26
/home/jiangt/FaaSLight-Re/Original_app/app3-dynamic/numpy/compat/_inspect.py=getargs=65
/home/jiangt/FaaSLight-Re/Original_app/app3-dynamic/numpy/compat/_inspect.py=iscode=41
/home/jiangt/FaaSLight-Re/Original_app/app3-dynamic/numpy/compat/_inspect.py=getargspec=96
/home/jiangt/FaaSLight-Re/Original_app/app3-dynamic/numpy/compat/_inspect.py=ismethod=13
/home/jiangt/FaaSLight-Re/Original_app/app3-dynamic/numpy/compat/_inspect.py=isfunction=26
/home/jiangt/FaaSLight-Re/Original_app/app3-dynamic/numpy/compat/_inspect.py=getargs=65
/home/jiangt/FaaSLight-Re/Original_app/app3-dynamic/numpy/compat/_inspect.py=iscode=41
/home/jiangt/FaaSLight-Re/Original_app/app3-dynamic/numpy/core/overrides.py=array_function_dispatch=128
/home/jiangt/FaaSLight-Re/Original_app/app3-dynamic/numpy/core/overrides.py=array_function_dispatch=decorator=170
/home/jiangt/FaaSLight-Re/Original_app/app3-dynamic/numpy/core/overrides.py=verify_matching_signatures=88
/home/jiangt/FaaSLight-Re/Original_app/app3-dynamic/numpy/compat/_inspect.py=getargspec=96
/home/jiangt/FaaSLight-Re/Original_app/app3-dynamic/numpy/compat/_inspect.py=ismethod=13
/home/jiangt/FaaSLight-Re/Original_app/app3-dynamic/numpy/compat/_inspect.py=isfunction=26
/home/jiangt/FaaSLight-Re/Original_app/app3-dynamic/numpy/compat/_inspect.py=getargs=65
/home/jiangt/FaaSLight-Re/Original_app/app3-dynamic/numpy/compat/_inspect.py=iscode=41
/home/jiangt/FaaSLight-Re/Original_app/app3-dynamic/numpy/compat/_inspect.py=getargspec=96
/home/jiangt/FaaSLight-Re/Original_app/app3-dynamic/numpy/compat/_inspect.py=ismethod=13
/home/jiangt/FaaSLight-Re/Original_app/app3-dynamic/numpy/compat/_inspect.py=isfunction=26
/home/jiangt/FaaSLight-Re/Original_app/app3-dynamic/numpy/compat/_inspect.py=getargs=65
/home/jiangt/FaaSLight-Re/Original_app/app3-dynamic/numpy/compat/_inspect.py=iscode=41
/home/jiangt/FaaSLight-Re/Original_app/app3-dynamic/numpy/core/overrides.py=array_function_dispatch=128
/home/jiangt/FaaSLight-Re/Original_app/app3-dynamic/numpy/core/overrides.py=array_function_dispatch=decorator=170
/home/jiangt/FaaSLight-Re/Original_app/app3-dynamic/numpy/core/overrides.py=verify_matching_signatures=88
/home/jiangt/FaaSLight-Re/Original_app/app3-dynamic/numpy/compat/_inspect.py=getargspec=96
/home/jiangt/FaaSLight-Re/Original_app/app3-dynamic/numpy/compat/_inspect.py=ismethod=13
/home/jiangt/FaaSLight-Re/Original_app/app3-dynamic/numpy/compat/_inspect.py=isfunction=26
/home/jiangt/FaaSLight-Re/Original_app/app3-dynamic/numpy/compat/_inspect.py=getargs=65
/home/jiangt/FaaSLight-Re/Original_app/app3-dynamic/numpy/compat/_inspect.py=iscode=41
/home/jiangt/FaaSLight-Re/Original_app/app3-dynamic/numpy/compat/_inspect.py=getargspec=96
/home/jiangt/FaaSLight-Re/Original_app/app3-dynamic/numpy/compat/_inspect.py=ismethod=13
/home/jiangt/FaaSLight-Re/Original_app/app3-dynamic/numpy/compat/_inspect.py=isfunction=26
/home/jiangt/FaaSLight-Re/Original_app/app3-dynamic/numpy/compat/_inspect.py=getargs=65
/home/jiangt/FaaSLight-Re/Original_app/app3-dynamic/numpy/compat/_inspect.py=iscode=41
/home/jiangt/FaaSLight-Re/Original_app/app3-dynamic/numpy/core/overrides.py=array_function_dispatch=128
/home/jiangt/FaaSLight-Re/Original_app/app3-dynamic/numpy/core/overrides.py=array_function_dispatch=decorator=170
/home/jiangt/FaaSLight-Re/Original_app/app3-dynamic/numpy/core/overrides.py=verify_matching_signatures=88
/home/jiangt/FaaSLight-Re/Original_app/app3-dynamic/numpy/compat/_inspect.py=getargspec=96
/home/jiangt/FaaSLight-Re/Original_app/app3-dynamic/numpy/compat/_inspect.py=ismethod=13
/home/jiangt/FaaSLight-Re/Original_app/app3-dynamic/numpy/compat/_inspect.py=isfunction=26
/home/jiangt/FaaSLight-Re/Original_app/app3-dynamic/numpy/compat/_inspect.py=getargs=65
/home/jiangt/FaaSLight-Re/Original_app/app3-dynamic/numpy/compat/_inspect.py=iscode=41
/home/jiangt/FaaSLight-Re/Original_app/app3-dynamic/numpy/compat/_inspect.py=getargspec=96
/home/jiangt/FaaSLight-Re/Original_app/app3-dynamic/numpy/compat/_inspect.py=ismethod=13
/home/jiangt/FaaSLight-Re/Original_app/app3-dynamic/numpy/compat/_inspect.py=isfunction=26
/home/jiangt/FaaSLight-Re/Original_app/app3-dynamic/numpy/compat/_inspect.py=getargs=65
/home/jiangt/FaaSLight-Re/Original_app/app3-dynamic/numpy/compat/_inspect.py=iscode=41
/home/jiangt/FaaSLight-Re/Original_app/app3-dynamic/numpy/core/overrides.py=array_function_dispatch=128
/home/jiangt/FaaSLight-Re/Original_app/app3-dynamic/numpy/core/overrides.py=array_function_dispatch=decorator=170
/home/jiangt/FaaSLight-Re/Original_app/app3-dynamic/numpy/core/overrides.py=verify_matching_signatures=88
/home/jiangt/FaaSLight-Re/Original_app/app3-dynamic/numpy/compat/_inspect.py=getargspec=96
/home/jiangt/FaaSLight-Re/Original_app/app3-dynamic/numpy/compat/_inspect.py=ismethod=13
/home/jiangt/FaaSLight-Re/Original_app/app3-dynamic/numpy/compat/_inspect.py=isfunction=26
/home/jiangt/FaaSLight-Re/Original_app/app3-dynamic/numpy/compat/_inspect.py=getargs=65
/home/jiangt/FaaSLight-Re/Original_app/app3-dynamic/numpy/compat/_inspect.py=iscode=41
/home/jiangt/FaaSLight-Re/Original_app/app3-dynamic/numpy/compat/_inspect.py=getargspec=96
/home/jiangt/FaaSLight-Re/Original_app/app3-dynamic/numpy/compat/_inspect.py=ismethod=13
/home/jiangt/FaaSLight-Re/Original_app/app3-dynamic/numpy/compat/_inspect.py=isfunction=26
/home/jiangt/FaaSLight-Re/Original_app/app3-dynamic/numpy/compat/_inspect.py=getargs=65
/home/jiangt/FaaSLight-Re/Original_app/app3-dynamic/numpy/compat/_inspect.py=iscode=41
/home/jiangt/FaaSLight-Re/Original_app/app3-dynamic/numpy/core/overrides.py=array_function_dispatch=128
/home/jiangt/FaaSLight-Re/Original_app/app3-dynamic/numpy/core/overrides.py=array_function_dispatch=decorator=170
/home/jiangt/FaaSLight-Re/Original_app/app3-dynamic/numpy/core/overrides.py=verify_matching_signatures=88
/home/jiangt/FaaSLight-Re/Original_app/app3-dynamic/numpy/compat/_inspect.py=getargspec=96
/home/jiangt/FaaSLight-Re/Original_app/app3-dynamic/numpy/compat/_inspect.py=ismethod=13
/home/jiangt/FaaSLight-Re/Original_app/app3-dynamic/numpy/compat/_inspect.py=isfunction=26
/home/jiangt/FaaSLight-Re/Original_app/app3-dynamic/numpy/compat/_inspect.py=getargs=65
/home/jiangt/FaaSLight-Re/Original_app/app3-dynamic/numpy/compat/_inspect.py=iscode=41
/home/jiangt/FaaSLight-Re/Original_app/app3-dynamic/numpy/compat/_inspect.py=getargspec=96
/home/jiangt/FaaSLight-Re/Original_app/app3-dynamic/numpy/compat/_inspect.py=ismethod=13
/home/jiangt/FaaSLight-Re/Original_app/app3-dynamic/numpy/compat/_inspect.py=isfunction=26
/home/jiangt/FaaSLight-Re/Original_app/app3-dynamic/numpy/compat/_inspect.py=getargs=65
/home/jiangt/FaaSLight-Re/Original_app/app3-dynamic/numpy/compat/_inspect.py=iscode=41
/home/jiangt/FaaSLight-Re/Original_app/app3-dynamic/numpy/core/overrides.py=array_function_dispatch=128
/home/jiangt/FaaSLight-Re/Original_app/app3-dynamic/numpy/core/overrides.py=array_function_dispatch=decorator=170
/home/jiangt/FaaSLight-Re/Original_app/app3-dynamic/numpy/core/overrides.py=verify_matching_signatures=88
/home/jiangt/FaaSLight-Re/Original_app/app3-dynamic/numpy/compat/_inspect.py=getargspec=96
/home/jiangt/FaaSLight-Re/Original_app/app3-dynamic/numpy/compat/_inspect.py=ismethod=13
/home/jiangt/FaaSLight-Re/Original_app/app3-dynamic/numpy/compat/_inspect.py=isfunction=26
/home/jiangt/FaaSLight-Re/Original_app/app3-dynamic/numpy/compat/_inspect.py=getargs=65
/home/jiangt/FaaSLight-Re/Original_app/app3-dynamic/numpy/compat/_inspect.py=iscode=41
/home/jiangt/FaaSLight-Re/Original_app/app3-dynamic/numpy/compat/_inspect.py=getargspec=96
/home/jiangt/FaaSLight-Re/Original_app/app3-dynamic/numpy/compat/_inspect.py=ismethod=13
/home/jiangt/FaaSLight-Re/Original_app/app3-dynamic/numpy/compat/_inspect.py=isfunction=26
/home/jiangt/FaaSLight-Re/Original_app/app3-dynamic/numpy/compat/_inspect.py=getargs=65
/home/jiangt/FaaSLight-Re/Original_app/app3-dynamic/numpy/compat/_inspect.py=iscode=41
/home/jiangt/FaaSLight-Re/Original_app/app3-dynamic/numpy/core/overrides.py=array_function_dispatch=128
/home/jiangt/FaaSLight-Re/Original_app/app3-dynamic/numpy/core/overrides.py=array_function_dispatch=decorator=170
/home/jiangt/FaaSLight-Re/Original_app/app3-dynamic/numpy/core/overrides.py=verify_matching_signatures=88
/home/jiangt/FaaSLight-Re/Original_app/app3-dynamic/numpy/compat/_inspect.py=getargspec=96
/home/jiangt/FaaSLight-Re/Original_app/app3-dynamic/numpy/compat/_inspect.py=ismethod=13
/home/jiangt/FaaSLight-Re/Original_app/app3-dynamic/numpy/compat/_inspect.py=isfunction=26
/home/jiangt/FaaSLight-Re/Original_app/app3-dynamic/numpy/compat/_inspect.py=getargs=65
/home/jiangt/FaaSLight-Re/Original_app/app3-dynamic/numpy/compat/_inspect.py=iscode=41
/home/jiangt/FaaSLight-Re/Original_app/app3-dynamic/numpy/compat/_inspect.py=getargspec=96
/home/jiangt/FaaSLight-Re/Original_app/app3-dynamic/numpy/compat/_inspect.py=ismethod=13
/home/jiangt/FaaSLight-Re/Original_app/app3-dynamic/numpy/compat/_inspect.py=isfunction=26
/home/jiangt/FaaSLight-Re/Original_app/app3-dynamic/numpy/compat/_inspect.py=getargs=65
/home/jiangt/FaaSLight-Re/Original_app/app3-dynamic/numpy/compat/_inspect.py=iscode=41
/home/jiangt/FaaSLight-Re/Original_app/app3-dynamic/numpy/_pytesttester.py=PytestTester=__init__=76
/home/jiangt/FaaSLight-Re/Original_app/app3-dynamic/numpy/core/overrides.py=set_module=110
/home/jiangt/FaaSLight-Re/Original_app/app3-dynamic/numpy/core/overrides.py=set_module=decorator=121
/home/jiangt/FaaSLight-Re/Original_app/app3-dynamic/numpy/core/overrides.py=set_module=110
/home/jiangt/FaaSLight-Re/Original_app/app3-dynamic/numpy/core/overrides.py=set_module=decorator=121
/home/jiangt/FaaSLight-Re/Original_app/app3-dynamic/numpy/core/overrides.py=set_module=110
/home/jiangt/FaaSLight-Re/Original_app/app3-dynamic/numpy/core/overrides.py=set_module=decorator=121
/home/jiangt/FaaSLight-Re/Original_app/app3-dynamic/numpy/_pytesttester.py=PytestTester=__init__=76
/home/jiangt/FaaSLight-Re/Original_app/app3-dynamic/numpy/core/overrides.py=array_function_dispatch=128
/home/jiangt/FaaSLight-Re/Original_app/app3-dynamic/numpy/core/overrides.py=array_function_dispatch=decorator=170
/home/jiangt/FaaSLight-Re/Original_app/app3-dynamic/numpy/core/overrides.py=verify_matching_signatures=88
/home/jiangt/FaaSLight-Re/Original_app/app3-dynamic/numpy/compat/_inspect.py=getargspec=96
/home/jiangt/FaaSLight-Re/Original_app/app3-dynamic/numpy/compat/_inspect.py=ismethod=13
/home/jiangt/FaaSLight-Re/Original_app/app3-dynamic/numpy/compat/_inspect.py=isfunction=26
/home/jiangt/FaaSLight-Re/Original_app/app3-dynamic/numpy/compat/_inspect.py=getargs=65
/home/jiangt/FaaSLight-Re/Original_app/app3-dynamic/numpy/compat/_inspect.py=iscode=41
/home/jiangt/FaaSLight-Re/Original_app/app3-dynamic/numpy/compat/_inspect.py=getargspec=96
/home/jiangt/FaaSLight-Re/Original_app/app3-dynamic/numpy/compat/_inspect.py=ismethod=13
/home/jiangt/FaaSLight-Re/Original_app/app3-dynamic/numpy/compat/_inspect.py=isfunction=26
/home/jiangt/FaaSLight-Re/Original_app/app3-dynamic/numpy/compat/_inspect.py=getargs=65
/home/jiangt/FaaSLight-Re/Original_app/app3-dynamic/numpy/compat/_inspect.py=iscode=41
/home/jiangt/FaaSLight-Re/Original_app/app3-dynamic/numpy/core/overrides.py=array_function_dispatch=128
/home/jiangt/FaaSLight-Re/Original_app/app3-dynamic/numpy/core/overrides.py=array_function_dispatch=decorator=170
/home/jiangt/FaaSLight-Re/Original_app/app3-dynamic/numpy/core/overrides.py=verify_matching_signatures=88
/home/jiangt/FaaSLight-Re/Original_app/app3-dynamic/numpy/compat/_inspect.py=getargspec=96
/home/jiangt/FaaSLight-Re/Original_app/app3-dynamic/numpy/compat/_inspect.py=ismethod=13
/home/jiangt/FaaSLight-Re/Original_app/app3-dynamic/numpy/compat/_inspect.py=isfunction=26
/home/jiangt/FaaSLight-Re/Original_app/app3-dynamic/numpy/compat/_inspect.py=getargs=65
/home/jiangt/FaaSLight-Re/Original_app/app3-dynamic/numpy/compat/_inspect.py=iscode=41
/home/jiangt/FaaSLight-Re/Original_app/app3-dynamic/numpy/compat/_inspect.py=getargspec=96
/home/jiangt/FaaSLight-Re/Original_app/app3-dynamic/numpy/compat/_inspect.py=ismethod=13
/home/jiangt/FaaSLight-Re/Original_app/app3-dynamic/numpy/compat/_inspect.py=isfunction=26
/home/jiangt/FaaSLight-Re/Original_app/app3-dynamic/numpy/compat/_inspect.py=getargs=65
/home/jiangt/FaaSLight-Re/Original_app/app3-dynamic/numpy/compat/_inspect.py=iscode=41
/home/jiangt/FaaSLight-Re/Original_app/app3-dynamic/numpy/core/overrides.py=array_function_dispatch=128
/home/jiangt/FaaSLight-Re/Original_app/app3-dynamic/numpy/core/overrides.py=array_function_dispatch=decorator=170
/home/jiangt/FaaSLight-Re/Original_app/app3-dynamic/numpy/core/overrides.py=verify_matching_signatures=88
/home/jiangt/FaaSLight-Re/Original_app/app3-dynamic/numpy/compat/_inspect.py=getargspec=96
/home/jiangt/FaaSLight-Re/Original_app/app3-dynamic/numpy/compat/_inspect.py=ismethod=13
/home/jiangt/FaaSLight-Re/Original_app/app3-dynamic/numpy/compat/_inspect.py=isfunction=26
/home/jiangt/FaaSLight-Re/Original_app/app3-dynamic/numpy/compat/_inspect.py=getargs=65
/home/jiangt/FaaSLight-Re/Original_app/app3-dynamic/numpy/compat/_inspect.py=iscode=41
/home/jiangt/FaaSLight-Re/Original_app/app3-dynamic/numpy/compat/_inspect.py=getargspec=96
/home/jiangt/FaaSLight-Re/Original_app/app3-dynamic/numpy/compat/_inspect.py=ismethod=13
/home/jiangt/FaaSLight-Re/Original_app/app3-dynamic/numpy/compat/_inspect.py=isfunction=26
/home/jiangt/FaaSLight-Re/Original_app/app3-dynamic/numpy/compat/_inspect.py=getargs=65
/home/jiangt/FaaSLight-Re/Original_app/app3-dynamic/numpy/compat/_inspect.py=iscode=41
/home/jiangt/FaaSLight-Re/Original_app/app3-dynamic/numpy/core/overrides.py=array_function_dispatch=128
/home/jiangt/FaaSLight-Re/Original_app/app3-dynamic/numpy/core/overrides.py=array_function_dispatch=decorator=170
/home/jiangt/FaaSLight-Re/Original_app/app3-dynamic/numpy/core/overrides.py=verify_matching_signatures=88
/home/jiangt/FaaSLight-Re/Original_app/app3-dynamic/numpy/compat/_inspect.py=getargspec=96
/home/jiangt/FaaSLight-Re/Original_app/app3-dynamic/numpy/compat/_inspect.py=ismethod=13
/home/jiangt/FaaSLight-Re/Original_app/app3-dynamic/numpy/compat/_inspect.py=isfunction=26
/home/jiangt/FaaSLight-Re/Original_app/app3-dynamic/numpy/compat/_inspect.py=getargs=65
/home/jiangt/FaaSLight-Re/Original_app/app3-dynamic/numpy/compat/_inspect.py=iscode=41
/home/jiangt/FaaSLight-Re/Original_app/app3-dynamic/numpy/compat/_inspect.py=getargspec=96
/home/jiangt/FaaSLight-Re/Original_app/app3-dynamic/numpy/compat/_inspect.py=ismethod=13
/home/jiangt/FaaSLight-Re/Original_app/app3-dynamic/numpy/compat/_inspect.py=isfunction=26
/home/jiangt/FaaSLight-Re/Original_app/app3-dynamic/numpy/compat/_inspect.py=getargs=65
/home/jiangt/FaaSLight-Re/Original_app/app3-dynamic/numpy/compat/_inspect.py=iscode=41
/home/jiangt/FaaSLight-Re/Original_app/app3-dynamic/numpy/core/overrides.py=array_function_dispatch=128
/home/jiangt/FaaSLight-Re/Original_app/app3-dynamic/numpy/core/overrides.py=array_function_dispatch=decorator=170
/home/jiangt/FaaSLight-Re/Original_app/app3-dynamic/numpy/core/overrides.py=verify_matching_signatures=88
/home/jiangt/FaaSLight-Re/Original_app/app3-dynamic/numpy/compat/_inspect.py=getargspec=96
/home/jiangt/FaaSLight-Re/Original_app/app3-dynamic/numpy/compat/_inspect.py=ismethod=13
/home/jiangt/FaaSLight-Re/Original_app/app3-dynamic/numpy/compat/_inspect.py=isfunction=26
/home/jiangt/FaaSLight-Re/Original_app/app3-dynamic/numpy/compat/_inspect.py=getargs=65
/home/jiangt/FaaSLight-Re/Original_app/app3-dynamic/numpy/compat/_inspect.py=iscode=41
/home/jiangt/FaaSLight-Re/Original_app/app3-dynamic/numpy/compat/_inspect.py=getargspec=96
/home/jiangt/FaaSLight-Re/Original_app/app3-dynamic/numpy/compat/_inspect.py=ismethod=13
/home/jiangt/FaaSLight-Re/Original_app/app3-dynamic/numpy/compat/_inspect.py=isfunction=26
/home/jiangt/FaaSLight-Re/Original_app/app3-dynamic/numpy/compat/_inspect.py=getargs=65
/home/jiangt/FaaSLight-Re/Original_app/app3-dynamic/numpy/compat/_inspect.py=iscode=41
/home/jiangt/FaaSLight-Re/Original_app/app3-dynamic/numpy/core/overrides.py=set_module=110
/home/jiangt/FaaSLight-Re/Original_app/app3-dynamic/numpy/core/overrides.py=set_module=decorator=121
/home/jiangt/FaaSLight-Re/Original_app/app3-dynamic/numpy/core/overrides.py=array_function_dispatch=128
/home/jiangt/FaaSLight-Re/Original_app/app3-dynamic/numpy/core/overrides.py=array_function_dispatch=decorator=170
/home/jiangt/FaaSLight-Re/Original_app/app3-dynamic/numpy/core/overrides.py=verify_matching_signatures=88
/home/jiangt/FaaSLight-Re/Original_app/app3-dynamic/numpy/compat/_inspect.py=getargspec=96
/home/jiangt/FaaSLight-Re/Original_app/app3-dynamic/numpy/compat/_inspect.py=ismethod=13
/home/jiangt/FaaSLight-Re/Original_app/app3-dynamic/numpy/compat/_inspect.py=isfunction=26
/home/jiangt/FaaSLight-Re/Original_app/app3-dynamic/numpy/compat/_inspect.py=getargs=65
/home/jiangt/FaaSLight-Re/Original_app/app3-dynamic/numpy/compat/_inspect.py=iscode=41
/home/jiangt/FaaSLight-Re/Original_app/app3-dynamic/numpy/compat/_inspect.py=getargspec=96
/home/jiangt/FaaSLight-Re/Original_app/app3-dynamic/numpy/compat/_inspect.py=ismethod=13
/home/jiangt/FaaSLight-Re/Original_app/app3-dynamic/numpy/compat/_inspect.py=isfunction=26
/home/jiangt/FaaSLight-Re/Original_app/app3-dynamic/numpy/compat/_inspect.py=getargs=65
/home/jiangt/FaaSLight-Re/Original_app/app3-dynamic/numpy/compat/_inspect.py=iscode=41
/home/jiangt/FaaSLight-Re/Original_app/app3-dynamic/numpy/core/overrides.py=set_module=110
/home/jiangt/FaaSLight-Re/Original_app/app3-dynamic/numpy/core/overrides.py=set_module=decorator=121
/home/jiangt/FaaSLight-Re/Original_app/app3-dynamic/numpy/core/overrides.py=array_function_dispatch=128
/home/jiangt/FaaSLight-Re/Original_app/app3-dynamic/numpy/core/overrides.py=array_function_dispatch=decorator=170
/home/jiangt/FaaSLight-Re/Original_app/app3-dynamic/numpy/core/overrides.py=verify_matching_signatures=88
/home/jiangt/FaaSLight-Re/Original_app/app3-dynamic/numpy/compat/_inspect.py=getargspec=96
/home/jiangt/FaaSLight-Re/Original_app/app3-dynamic/numpy/compat/_inspect.py=ismethod=13
/home/jiangt/FaaSLight-Re/Original_app/app3-dynamic/numpy/compat/_inspect.py=isfunction=26
/home/jiangt/FaaSLight-Re/Original_app/app3-dynamic/numpy/compat/_inspect.py=getargs=65
/home/jiangt/FaaSLight-Re/Original_app/app3-dynamic/numpy/compat/_inspect.py=iscode=41
/home/jiangt/FaaSLight-Re/Original_app/app3-dynamic/numpy/compat/_inspect.py=getargspec=96
/home/jiangt/FaaSLight-Re/Original_app/app3-dynamic/numpy/compat/_inspect.py=ismethod=13
/home/jiangt/FaaSLight-Re/Original_app/app3-dynamic/numpy/compat/_inspect.py=isfunction=26
/home/jiangt/FaaSLight-Re/Original_app/app3-dynamic/numpy/compat/_inspect.py=getargs=65
/home/jiangt/FaaSLight-Re/Original_app/app3-dynamic/numpy/compat/_inspect.py=iscode=41
/home/jiangt/FaaSLight-Re/Original_app/app3-dynamic/numpy/core/overrides.py=array_function_dispatch=128
/home/jiangt/FaaSLight-Re/Original_app/app3-dynamic/numpy/core/overrides.py=array_function_dispatch=decorator=170
/home/jiangt/FaaSLight-Re/Original_app/app3-dynamic/numpy/core/overrides.py=verify_matching_signatures=88
/home/jiangt/FaaSLight-Re/Original_app/app3-dynamic/numpy/compat/_inspect.py=getargspec=96
/home/jiangt/FaaSLight-Re/Original_app/app3-dynamic/numpy/compat/_inspect.py=ismethod=13
/home/jiangt/FaaSLight-Re/Original_app/app3-dynamic/numpy/compat/_inspect.py=isfunction=26
/home/jiangt/FaaSLight-Re/Original_app/app3-dynamic/numpy/compat/_inspect.py=getargs=65
/home/jiangt/FaaSLight-Re/Original_app/app3-dynamic/numpy/compat/_inspect.py=iscode=41
/home/jiangt/FaaSLight-Re/Original_app/app3-dynamic/numpy/compat/_inspect.py=getargspec=96
/home/jiangt/FaaSLight-Re/Original_app/app3-dynamic/numpy/compat/_inspect.py=ismethod=13
/home/jiangt/FaaSLight-Re/Original_app/app3-dynamic/numpy/compat/_inspect.py=isfunction=26
/home/jiangt/FaaSLight-Re/Original_app/app3-dynamic/numpy/compat/_inspect.py=getargs=65
/home/jiangt/FaaSLight-Re/Original_app/app3-dynamic/numpy/compat/_inspect.py=iscode=41
/home/jiangt/FaaSLight-Re/Original_app/app3-dynamic/numpy/core/overrides.py=array_function_dispatch=128
/home/jiangt/FaaSLight-Re/Original_app/app3-dynamic/numpy/core/overrides.py=array_function_dispatch=decorator=170
/home/jiangt/FaaSLight-Re/Original_app/app3-dynamic/numpy/core/overrides.py=verify_matching_signatures=88
/home/jiangt/FaaSLight-Re/Original_app/app3-dynamic/numpy/compat/_inspect.py=getargspec=96
/home/jiangt/FaaSLight-Re/Original_app/app3-dynamic/numpy/compat/_inspect.py=ismethod=13
/home/jiangt/FaaSLight-Re/Original_app/app3-dynamic/numpy/compat/_inspect.py=isfunction=26
/home/jiangt/FaaSLight-Re/Original_app/app3-dynamic/numpy/compat/_inspect.py=getargs=65
/home/jiangt/FaaSLight-Re/Original_app/app3-dynamic/numpy/compat/_inspect.py=iscode=41
/home/jiangt/FaaSLight-Re/Original_app/app3-dynamic/numpy/compat/_inspect.py=getargspec=96
/home/jiangt/FaaSLight-Re/Original_app/app3-dynamic/numpy/compat/_inspect.py=ismethod=13
/home/jiangt/FaaSLight-Re/Original_app/app3-dynamic/numpy/compat/_inspect.py=isfunction=26
/home/jiangt/FaaSLight-Re/Original_app/app3-dynamic/numpy/compat/_inspect.py=getargs=65
/home/jiangt/FaaSLight-Re/Original_app/app3-dynamic/numpy/compat/_inspect.py=iscode=41
/home/jiangt/FaaSLight-Re/Original_app/app3-dynamic/numpy/core/overrides.py=array_function_dispatch=128
/home/jiangt/FaaSLight-Re/Original_app/app3-dynamic/numpy/core/overrides.py=array_function_dispatch=decorator=170
/home/jiangt/FaaSLight-Re/Original_app/app3-dynamic/numpy/core/overrides.py=verify_matching_signatures=88
/home/jiangt/FaaSLight-Re/Original_app/app3-dynamic/numpy/compat/_inspect.py=getargspec=96
/home/jiangt/FaaSLight-Re/Original_app/app3-dynamic/numpy/compat/_inspect.py=ismethod=13
/home/jiangt/FaaSLight-Re/Original_app/app3-dynamic/numpy/compat/_inspect.py=isfunction=26
/home/jiangt/FaaSLight-Re/Original_app/app3-dynamic/numpy/compat/_inspect.py=getargs=65
/home/jiangt/FaaSLight-Re/Original_app/app3-dynamic/numpy/compat/_inspect.py=iscode=41
/home/jiangt/FaaSLight-Re/Original_app/app3-dynamic/numpy/compat/_inspect.py=getargspec=96
/home/jiangt/FaaSLight-Re/Original_app/app3-dynamic/numpy/compat/_inspect.py=ismethod=13
/home/jiangt/FaaSLight-Re/Original_app/app3-dynamic/numpy/compat/_inspect.py=isfunction=26
/home/jiangt/FaaSLight-Re/Original_app/app3-dynamic/numpy/compat/_inspect.py=getargs=65
/home/jiangt/FaaSLight-Re/Original_app/app3-dynamic/numpy/compat/_inspect.py=iscode=41
/home/jiangt/FaaSLight-Re/Original_app/app3-dynamic/numpy/core/overrides.py=array_function_dispatch=128
/home/jiangt/FaaSLight-Re/Original_app/app3-dynamic/numpy/core/overrides.py=array_function_dispatch=decorator=170
/home/jiangt/FaaSLight-Re/Original_app/app3-dynamic/numpy/core/overrides.py=verify_matching_signatures=88
/home/jiangt/FaaSLight-Re/Original_app/app3-dynamic/numpy/compat/_inspect.py=getargspec=96
/home/jiangt/FaaSLight-Re/Original_app/app3-dynamic/numpy/compat/_inspect.py=ismethod=13
/home/jiangt/FaaSLight-Re/Original_app/app3-dynamic/numpy/compat/_inspect.py=isfunction=26
/home/jiangt/FaaSLight-Re/Original_app/app3-dynamic/numpy/compat/_inspect.py=getargs=65
/home/jiangt/FaaSLight-Re/Original_app/app3-dynamic/numpy/compat/_inspect.py=iscode=41
/home/jiangt/FaaSLight-Re/Original_app/app3-dynamic/numpy/compat/_inspect.py=getargspec=96
/home/jiangt/FaaSLight-Re/Original_app/app3-dynamic/numpy/compat/_inspect.py=ismethod=13
/home/jiangt/FaaSLight-Re/Original_app/app3-dynamic/numpy/compat/_inspect.py=isfunction=26
/home/jiangt/FaaSLight-Re/Original_app/app3-dynamic/numpy/compat/_inspect.py=getargs=65
/home/jiangt/FaaSLight-Re/Original_app/app3-dynamic/numpy/compat/_inspect.py=iscode=41
/home/jiangt/FaaSLight-Re/Original_app/app3-dynamic/numpy/core/overrides.py=array_function_dispatch=128
/home/jiangt/FaaSLight-Re/Original_app/app3-dynamic/numpy/core/overrides.py=array_function_dispatch=decorator=170
/home/jiangt/FaaSLight-Re/Original_app/app3-dynamic/numpy/core/overrides.py=verify_matching_signatures=88
/home/jiangt/FaaSLight-Re/Original_app/app3-dynamic/numpy/compat/_inspect.py=getargspec=96
/home/jiangt/FaaSLight-Re/Original_app/app3-dynamic/numpy/compat/_inspect.py=ismethod=13
/home/jiangt/FaaSLight-Re/Original_app/app3-dynamic/numpy/compat/_inspect.py=isfunction=26
/home/jiangt/FaaSLight-Re/Original_app/app3-dynamic/numpy/compat/_inspect.py=getargs=65
/home/jiangt/FaaSLight-Re/Original_app/app3-dynamic/numpy/compat/_inspect.py=iscode=41
/home/jiangt/FaaSLight-Re/Original_app/app3-dynamic/numpy/compat/_inspect.py=getargspec=96
/home/jiangt/FaaSLight-Re/Original_app/app3-dynamic/numpy/compat/_inspect.py=ismethod=13
/home/jiangt/FaaSLight-Re/Original_app/app3-dynamic/numpy/compat/_inspect.py=isfunction=26
/home/jiangt/FaaSLight-Re/Original_app/app3-dynamic/numpy/compat/_inspect.py=getargs=65
/home/jiangt/FaaSLight-Re/Original_app/app3-dynamic/numpy/compat/_inspect.py=iscode=41
/home/jiangt/FaaSLight-Re/Original_app/app3-dynamic/numpy/core/overrides.py=array_function_dispatch=128
/home/jiangt/FaaSLight-Re/Original_app/app3-dynamic/numpy/core/overrides.py=array_function_dispatch=decorator=170
/home/jiangt/FaaSLight-Re/Original_app/app3-dynamic/numpy/core/overrides.py=verify_matching_signatures=88
/home/jiangt/FaaSLight-Re/Original_app/app3-dynamic/numpy/compat/_inspect.py=getargspec=96
/home/jiangt/FaaSLight-Re/Original_app/app3-dynamic/numpy/compat/_inspect.py=ismethod=13
/home/jiangt/FaaSLight-Re/Original_app/app3-dynamic/numpy/compat/_inspect.py=isfunction=26
/home/jiangt/FaaSLight-Re/Original_app/app3-dynamic/numpy/compat/_inspect.py=getargs=65
/home/jiangt/FaaSLight-Re/Original_app/app3-dynamic/numpy/compat/_inspect.py=iscode=41
/home/jiangt/FaaSLight-Re/Original_app/app3-dynamic/numpy/compat/_inspect.py=getargspec=96
/home/jiangt/FaaSLight-Re/Original_app/app3-dynamic/numpy/compat/_inspect.py=ismethod=13
/home/jiangt/FaaSLight-Re/Original_app/app3-dynamic/numpy/compat/_inspect.py=isfunction=26
/home/jiangt/FaaSLight-Re/Original_app/app3-dynamic/numpy/compat/_inspect.py=getargs=65
/home/jiangt/FaaSLight-Re/Original_app/app3-dynamic/numpy/compat/_inspect.py=iscode=41
/home/jiangt/FaaSLight-Re/Original_app/app3-dynamic/numpy/core/overrides.py=array_function_dispatch=128
/home/jiangt/FaaSLight-Re/Original_app/app3-dynamic/numpy/core/overrides.py=array_function_dispatch=decorator=170
/home/jiangt/FaaSLight-Re/Original_app/app3-dynamic/numpy/core/overrides.py=verify_matching_signatures=88
/home/jiangt/FaaSLight-Re/Original_app/app3-dynamic/numpy/compat/_inspect.py=getargspec=96
/home/jiangt/FaaSLight-Re/Original_app/app3-dynamic/numpy/compat/_inspect.py=ismethod=13
/home/jiangt/FaaSLight-Re/Original_app/app3-dynamic/numpy/compat/_inspect.py=isfunction=26
/home/jiangt/FaaSLight-Re/Original_app/app3-dynamic/numpy/compat/_inspect.py=getargs=65
/home/jiangt/FaaSLight-Re/Original_app/app3-dynamic/numpy/compat/_inspect.py=iscode=41
/home/jiangt/FaaSLight-Re/Original_app/app3-dynamic/numpy/compat/_inspect.py=getargspec=96
/home/jiangt/FaaSLight-Re/Original_app/app3-dynamic/numpy/compat/_inspect.py=ismethod=13
/home/jiangt/FaaSLight-Re/Original_app/app3-dynamic/numpy/compat/_inspect.py=isfunction=26
/home/jiangt/FaaSLight-Re/Original_app/app3-dynamic/numpy/compat/_inspect.py=getargs=65
/home/jiangt/FaaSLight-Re/Original_app/app3-dynamic/numpy/compat/_inspect.py=iscode=41
/home/jiangt/FaaSLight-Re/Original_app/app3-dynamic/numpy/core/overrides.py=array_function_dispatch=128
/home/jiangt/FaaSLight-Re/Original_app/app3-dynamic/numpy/core/overrides.py=array_function_dispatch=decorator=170
/home/jiangt/FaaSLight-Re/Original_app/app3-dynamic/numpy/core/overrides.py=verify_matching_signatures=88
/home/jiangt/FaaSLight-Re/Original_app/app3-dynamic/numpy/compat/_inspect.py=getargspec=96
/home/jiangt/FaaSLight-Re/Original_app/app3-dynamic/numpy/compat/_inspect.py=ismethod=13
/home/jiangt/FaaSLight-Re/Original_app/app3-dynamic/numpy/compat/_inspect.py=isfunction=26
/home/jiangt/FaaSLight-Re/Original_app/app3-dynamic/numpy/compat/_inspect.py=getargs=65
/home/jiangt/FaaSLight-Re/Original_app/app3-dynamic/numpy/compat/_inspect.py=iscode=41
/home/jiangt/FaaSLight-Re/Original_app/app3-dynamic/numpy/compat/_inspect.py=getargspec=96
/home/jiangt/FaaSLight-Re/Original_app/app3-dynamic/numpy/compat/_inspect.py=ismethod=13
/home/jiangt/FaaSLight-Re/Original_app/app3-dynamic/numpy/compat/_inspect.py=isfunction=26
/home/jiangt/FaaSLight-Re/Original_app/app3-dynamic/numpy/compat/_inspect.py=getargs=65
/home/jiangt/FaaSLight-Re/Original_app/app3-dynamic/numpy/compat/_inspect.py=iscode=41
/home/jiangt/FaaSLight-Re/Original_app/app3-dynamic/numpy/core/overrides.py=array_function_dispatch=128
/home/jiangt/FaaSLight-Re/Original_app/app3-dynamic/numpy/core/overrides.py=array_function_dispatch=decorator=170
/home/jiangt/FaaSLight-Re/Original_app/app3-dynamic/numpy/core/overrides.py=verify_matching_signatures=88
/home/jiangt/FaaSLight-Re/Original_app/app3-dynamic/numpy/compat/_inspect.py=getargspec=96
/home/jiangt/FaaSLight-Re/Original_app/app3-dynamic/numpy/compat/_inspect.py=ismethod=13
/home/jiangt/FaaSLight-Re/Original_app/app3-dynamic/numpy/compat/_inspect.py=isfunction=26
/home/jiangt/FaaSLight-Re/Original_app/app3-dynamic/numpy/compat/_inspect.py=getargs=65
/home/jiangt/FaaSLight-Re/Original_app/app3-dynamic/numpy/compat/_inspect.py=iscode=41
/home/jiangt/FaaSLight-Re/Original_app/app3-dynamic/numpy/compat/_inspect.py=getargspec=96
/home/jiangt/FaaSLight-Re/Original_app/app3-dynamic/numpy/compat/_inspect.py=ismethod=13
/home/jiangt/FaaSLight-Re/Original_app/app3-dynamic/numpy/compat/_inspect.py=isfunction=26
/home/jiangt/FaaSLight-Re/Original_app/app3-dynamic/numpy/compat/_inspect.py=getargs=65
/home/jiangt/FaaSLight-Re/Original_app/app3-dynamic/numpy/compat/_inspect.py=iscode=41
/home/jiangt/FaaSLight-Re/Original_app/app3-dynamic/numpy/core/overrides.py=array_function_dispatch=128
/home/jiangt/FaaSLight-Re/Original_app/app3-dynamic/numpy/core/overrides.py=array_function_dispatch=decorator=170
/home/jiangt/FaaSLight-Re/Original_app/app3-dynamic/numpy/core/overrides.py=verify_matching_signatures=88
/home/jiangt/FaaSLight-Re/Original_app/app3-dynamic/numpy/compat/_inspect.py=getargspec=96
/home/jiangt/FaaSLight-Re/Original_app/app3-dynamic/numpy/compat/_inspect.py=ismethod=13
/home/jiangt/FaaSLight-Re/Original_app/app3-dynamic/numpy/compat/_inspect.py=isfunction=26
/home/jiangt/FaaSLight-Re/Original_app/app3-dynamic/numpy/compat/_inspect.py=getargs=65
/home/jiangt/FaaSLight-Re/Original_app/app3-dynamic/numpy/compat/_inspect.py=iscode=41
/home/jiangt/FaaSLight-Re/Original_app/app3-dynamic/numpy/compat/_inspect.py=getargspec=96
/home/jiangt/FaaSLight-Re/Original_app/app3-dynamic/numpy/compat/_inspect.py=ismethod=13
/home/jiangt/FaaSLight-Re/Original_app/app3-dynamic/numpy/compat/_inspect.py=isfunction=26
/home/jiangt/FaaSLight-Re/Original_app/app3-dynamic/numpy/compat/_inspect.py=getargs=65
/home/jiangt/FaaSLight-Re/Original_app/app3-dynamic/numpy/compat/_inspect.py=iscode=41
/home/jiangt/FaaSLight-Re/Original_app/app3-dynamic/numpy/core/overrides.py=array_function_dispatch=128
/home/jiangt/FaaSLight-Re/Original_app/app3-dynamic/numpy/core/overrides.py=array_function_dispatch=decorator=170
/home/jiangt/FaaSLight-Re/Original_app/app3-dynamic/numpy/core/overrides.py=verify_matching_signatures=88
/home/jiangt/FaaSLight-Re/Original_app/app3-dynamic/numpy/compat/_inspect.py=getargspec=96
/home/jiangt/FaaSLight-Re/Original_app/app3-dynamic/numpy/compat/_inspect.py=ismethod=13
/home/jiangt/FaaSLight-Re/Original_app/app3-dynamic/numpy/compat/_inspect.py=isfunction=26
/home/jiangt/FaaSLight-Re/Original_app/app3-dynamic/numpy/compat/_inspect.py=getargs=65
/home/jiangt/FaaSLight-Re/Original_app/app3-dynamic/numpy/compat/_inspect.py=iscode=41
/home/jiangt/FaaSLight-Re/Original_app/app3-dynamic/numpy/compat/_inspect.py=getargspec=96
/home/jiangt/FaaSLight-Re/Original_app/app3-dynamic/numpy/compat/_inspect.py=ismethod=13
/home/jiangt/FaaSLight-Re/Original_app/app3-dynamic/numpy/compat/_inspect.py=isfunction=26
/home/jiangt/FaaSLight-Re/Original_app/app3-dynamic/numpy/compat/_inspect.py=getargs=65
/home/jiangt/FaaSLight-Re/Original_app/app3-dynamic/numpy/compat/_inspect.py=iscode=41
/home/jiangt/FaaSLight-Re/Original_app/app3-dynamic/numpy/core/overrides.py=set_module=110
/home/jiangt/FaaSLight-Re/Original_app/app3-dynamic/numpy/core/overrides.py=set_module=decorator=121
/home/jiangt/FaaSLight-Re/Original_app/app3-dynamic/numpy/core/overrides.py=array_function_dispatch=128
/home/jiangt/FaaSLight-Re/Original_app/app3-dynamic/numpy/core/overrides.py=array_function_dispatch=decorator=170
/home/jiangt/FaaSLight-Re/Original_app/app3-dynamic/numpy/core/overrides.py=verify_matching_signatures=88
/home/jiangt/FaaSLight-Re/Original_app/app3-dynamic/numpy/compat/_inspect.py=getargspec=96
/home/jiangt/FaaSLight-Re/Original_app/app3-dynamic/numpy/compat/_inspect.py=ismethod=13
/home/jiangt/FaaSLight-Re/Original_app/app3-dynamic/numpy/compat/_inspect.py=isfunction=26
/home/jiangt/FaaSLight-Re/Original_app/app3-dynamic/numpy/compat/_inspect.py=getargs=65
/home/jiangt/FaaSLight-Re/Original_app/app3-dynamic/numpy/compat/_inspect.py=iscode=41
/home/jiangt/FaaSLight-Re/Original_app/app3-dynamic/numpy/compat/_inspect.py=getargspec=96
/home/jiangt/FaaSLight-Re/Original_app/app3-dynamic/numpy/compat/_inspect.py=ismethod=13
/home/jiangt/FaaSLight-Re/Original_app/app3-dynamic/numpy/compat/_inspect.py=isfunction=26
/home/jiangt/FaaSLight-Re/Original_app/app3-dynamic/numpy/compat/_inspect.py=getargs=65
/home/jiangt/FaaSLight-Re/Original_app/app3-dynamic/numpy/compat/_inspect.py=iscode=41
/home/jiangt/FaaSLight-Re/Original_app/app3-dynamic/numpy/core/overrides.py=array_function_dispatch=128
/home/jiangt/FaaSLight-Re/Original_app/app3-dynamic/numpy/core/overrides.py=array_function_dispatch=decorator=170
/home/jiangt/FaaSLight-Re/Original_app/app3-dynamic/numpy/core/overrides.py=verify_matching_signatures=88
/home/jiangt/FaaSLight-Re/Original_app/app3-dynamic/numpy/compat/_inspect.py=getargspec=96
/home/jiangt/FaaSLight-Re/Original_app/app3-dynamic/numpy/compat/_inspect.py=ismethod=13
/home/jiangt/FaaSLight-Re/Original_app/app3-dynamic/numpy/compat/_inspect.py=isfunction=26
/home/jiangt/FaaSLight-Re/Original_app/app3-dynamic/numpy/compat/_inspect.py=getargs=65
/home/jiangt/FaaSLight-Re/Original_app/app3-dynamic/numpy/compat/_inspect.py=iscode=41
/home/jiangt/FaaSLight-Re/Original_app/app3-dynamic/numpy/compat/_inspect.py=getargspec=96
/home/jiangt/FaaSLight-Re/Original_app/app3-dynamic/numpy/compat/_inspect.py=ismethod=13
/home/jiangt/FaaSLight-Re/Original_app/app3-dynamic/numpy/compat/_inspect.py=isfunction=26
/home/jiangt/FaaSLight-Re/Original_app/app3-dynamic/numpy/compat/_inspect.py=getargs=65
/home/jiangt/FaaSLight-Re/Original_app/app3-dynamic/numpy/compat/_inspect.py=iscode=41
/home/jiangt/FaaSLight-Re/Original_app/app3-dynamic/numpy/core/overrides.py=set_module=110
/home/jiangt/FaaSLight-Re/Original_app/app3-dynamic/numpy/core/overrides.py=set_module=decorator=121
/home/jiangt/FaaSLight-Re/Original_app/app3-dynamic/numpy/core/overrides.py=set_module=110
/home/jiangt/FaaSLight-Re/Original_app/app3-dynamic/numpy/core/overrides.py=set_module=decorator=121
/home/jiangt/FaaSLight-Re/Original_app/app3-dynamic/numpy/core/overrides.py=set_module=110
/home/jiangt/FaaSLight-Re/Original_app/app3-dynamic/numpy/core/overrides.py=set_module=decorator=121
/home/jiangt/FaaSLight-Re/Original_app/app3-dynamic/numpy/core/overrides.py=set_module=110
/home/jiangt/FaaSLight-Re/Original_app/app3-dynamic/numpy/core/overrides.py=set_module=decorator=121
/home/jiangt/FaaSLight-Re/Original_app/app3-dynamic/numpy/core/overrides.py=array_function_dispatch=128
/home/jiangt/FaaSLight-Re/Original_app/app3-dynamic/numpy/core/overrides.py=array_function_dispatch=decorator=170
/home/jiangt/FaaSLight-Re/Original_app/app3-dynamic/numpy/core/overrides.py=verify_matching_signatures=88
/home/jiangt/FaaSLight-Re/Original_app/app3-dynamic/numpy/compat/_inspect.py=getargspec=96
/home/jiangt/FaaSLight-Re/Original_app/app3-dynamic/numpy/compat/_inspect.py=ismethod=13
/home/jiangt/FaaSLight-Re/Original_app/app3-dynamic/numpy/compat/_inspect.py=isfunction=26
/home/jiangt/FaaSLight-Re/Original_app/app3-dynamic/numpy/compat/_inspect.py=getargs=65
/home/jiangt/FaaSLight-Re/Original_app/app3-dynamic/numpy/compat/_inspect.py=iscode=41
/home/jiangt/FaaSLight-Re/Original_app/app3-dynamic/numpy/compat/_inspect.py=getargspec=96
/home/jiangt/FaaSLight-Re/Original_app/app3-dynamic/numpy/compat/_inspect.py=ismethod=13
/home/jiangt/FaaSLight-Re/Original_app/app3-dynamic/numpy/compat/_inspect.py=isfunction=26
/home/jiangt/FaaSLight-Re/Original_app/app3-dynamic/numpy/compat/_inspect.py=getargs=65
/home/jiangt/FaaSLight-Re/Original_app/app3-dynamic/numpy/compat/_inspect.py=iscode=41
/home/jiangt/FaaSLight-Re/Original_app/app3-dynamic/numpy/core/overrides.py=set_module=110
/home/jiangt/FaaSLight-Re/Original_app/app3-dynamic/numpy/core/overrides.py=set_module=decorator=121
/home/jiangt/FaaSLight-Re/Original_app/app3-dynamic/numpy/core/overrides.py=array_function_dispatch=128
/home/jiangt/FaaSLight-Re/Original_app/app3-dynamic/numpy/core/overrides.py=array_function_dispatch=decorator=170
/home/jiangt/FaaSLight-Re/Original_app/app3-dynamic/numpy/core/overrides.py=verify_matching_signatures=88
/home/jiangt/FaaSLight-Re/Original_app/app3-dynamic/numpy/compat/_inspect.py=getargspec=96
/home/jiangt/FaaSLight-Re/Original_app/app3-dynamic/numpy/compat/_inspect.py=ismethod=13
/home/jiangt/FaaSLight-Re/Original_app/app3-dynamic/numpy/compat/_inspect.py=isfunction=26
/home/jiangt/FaaSLight-Re/Original_app/app3-dynamic/numpy/compat/_inspect.py=getargs=65
/home/jiangt/FaaSLight-Re/Original_app/app3-dynamic/numpy/compat/_inspect.py=iscode=41
/home/jiangt/FaaSLight-Re/Original_app/app3-dynamic/numpy/compat/_inspect.py=getargspec=96
/home/jiangt/FaaSLight-Re/Original_app/app3-dynamic/numpy/compat/_inspect.py=ismethod=13
/home/jiangt/FaaSLight-Re/Original_app/app3-dynamic/numpy/compat/_inspect.py=isfunction=26
/home/jiangt/FaaSLight-Re/Original_app/app3-dynamic/numpy/compat/_inspect.py=getargs=65
/home/jiangt/FaaSLight-Re/Original_app/app3-dynamic/numpy/compat/_inspect.py=iscode=41
/home/jiangt/FaaSLight-Re/Original_app/app3-dynamic/numpy/core/overrides.py=array_function_dispatch=128
/home/jiangt/FaaSLight-Re/Original_app/app3-dynamic/numpy/core/overrides.py=array_function_dispatch=decorator=170
/home/jiangt/FaaSLight-Re/Original_app/app3-dynamic/numpy/core/overrides.py=verify_matching_signatures=88
/home/jiangt/FaaSLight-Re/Original_app/app3-dynamic/numpy/compat/_inspect.py=getargspec=96
/home/jiangt/FaaSLight-Re/Original_app/app3-dynamic/numpy/compat/_inspect.py=ismethod=13
/home/jiangt/FaaSLight-Re/Original_app/app3-dynamic/numpy/compat/_inspect.py=isfunction=26
/home/jiangt/FaaSLight-Re/Original_app/app3-dynamic/numpy/compat/_inspect.py=getargs=65
/home/jiangt/FaaSLight-Re/Original_app/app3-dynamic/numpy/compat/_inspect.py=iscode=41
/home/jiangt/FaaSLight-Re/Original_app/app3-dynamic/numpy/compat/_inspect.py=getargspec=96
/home/jiangt/FaaSLight-Re/Original_app/app3-dynamic/numpy/compat/_inspect.py=ismethod=13
/home/jiangt/FaaSLight-Re/Original_app/app3-dynamic/numpy/compat/_inspect.py=isfunction=26
/home/jiangt/FaaSLight-Re/Original_app/app3-dynamic/numpy/compat/_inspect.py=getargs=65
/home/jiangt/FaaSLight-Re/Original_app/app3-dynamic/numpy/compat/_inspect.py=iscode=41
/home/jiangt/FaaSLight-Re/Original_app/app3-dynamic/numpy/core/overrides.py=array_function_dispatch=128
/home/jiangt/FaaSLight-Re/Original_app/app3-dynamic/numpy/core/overrides.py=array_function_dispatch=decorator=170
/home/jiangt/FaaSLight-Re/Original_app/app3-dynamic/numpy/core/overrides.py=verify_matching_signatures=88
/home/jiangt/FaaSLight-Re/Original_app/app3-dynamic/numpy/compat/_inspect.py=getargspec=96
/home/jiangt/FaaSLight-Re/Original_app/app3-dynamic/numpy/compat/_inspect.py=ismethod=13
/home/jiangt/FaaSLight-Re/Original_app/app3-dynamic/numpy/compat/_inspect.py=isfunction=26
/home/jiangt/FaaSLight-Re/Original_app/app3-dynamic/numpy/compat/_inspect.py=getargs=65
/home/jiangt/FaaSLight-Re/Original_app/app3-dynamic/numpy/compat/_inspect.py=iscode=41
/home/jiangt/FaaSLight-Re/Original_app/app3-dynamic/numpy/compat/_inspect.py=getargspec=96
/home/jiangt/FaaSLight-Re/Original_app/app3-dynamic/numpy/compat/_inspect.py=ismethod=13
/home/jiangt/FaaSLight-Re/Original_app/app3-dynamic/numpy/compat/_inspect.py=isfunction=26
/home/jiangt/FaaSLight-Re/Original_app/app3-dynamic/numpy/compat/_inspect.py=getargs=65
/home/jiangt/FaaSLight-Re/Original_app/app3-dynamic/numpy/compat/_inspect.py=iscode=41
/home/jiangt/FaaSLight-Re/Original_app/app3-dynamic/numpy/core/overrides.py=array_function_dispatch=128
/home/jiangt/FaaSLight-Re/Original_app/app3-dynamic/numpy/core/overrides.py=array_function_dispatch=decorator=170
/home/jiangt/FaaSLight-Re/Original_app/app3-dynamic/numpy/core/overrides.py=verify_matching_signatures=88
/home/jiangt/FaaSLight-Re/Original_app/app3-dynamic/numpy/compat/_inspect.py=getargspec=96
/home/jiangt/FaaSLight-Re/Original_app/app3-dynamic/numpy/compat/_inspect.py=ismethod=13
/home/jiangt/FaaSLight-Re/Original_app/app3-dynamic/numpy/compat/_inspect.py=isfunction=26
/home/jiangt/FaaSLight-Re/Original_app/app3-dynamic/numpy/compat/_inspect.py=getargs=65
/home/jiangt/FaaSLight-Re/Original_app/app3-dynamic/numpy/compat/_inspect.py=iscode=41
/home/jiangt/FaaSLight-Re/Original_app/app3-dynamic/numpy/compat/_inspect.py=getargspec=96
/home/jiangt/FaaSLight-Re/Original_app/app3-dynamic/numpy/compat/_inspect.py=ismethod=13
/home/jiangt/FaaSLight-Re/Original_app/app3-dynamic/numpy/compat/_inspect.py=isfunction=26
/home/jiangt/FaaSLight-Re/Original_app/app3-dynamic/numpy/compat/_inspect.py=getargs=65
/home/jiangt/FaaSLight-Re/Original_app/app3-dynamic/numpy/compat/_inspect.py=iscode=41
/home/jiangt/FaaSLight-Re/Original_app/app3-dynamic/numpy/core/overrides.py=array_function_dispatch=128
/home/jiangt/FaaSLight-Re/Original_app/app3-dynamic/numpy/core/overrides.py=array_function_dispatch=decorator=170
/home/jiangt/FaaSLight-Re/Original_app/app3-dynamic/numpy/core/overrides.py=verify_matching_signatures=88
/home/jiangt/FaaSLight-Re/Original_app/app3-dynamic/numpy/compat/_inspect.py=getargspec=96
/home/jiangt/FaaSLight-Re/Original_app/app3-dynamic/numpy/compat/_inspect.py=ismethod=13
/home/jiangt/FaaSLight-Re/Original_app/app3-dynamic/numpy/compat/_inspect.py=isfunction=26
/home/jiangt/FaaSLight-Re/Original_app/app3-dynamic/numpy/compat/_inspect.py=getargs=65
/home/jiangt/FaaSLight-Re/Original_app/app3-dynamic/numpy/compat/_inspect.py=iscode=41
/home/jiangt/FaaSLight-Re/Original_app/app3-dynamic/numpy/compat/_inspect.py=getargspec=96
/home/jiangt/FaaSLight-Re/Original_app/app3-dynamic/numpy/compat/_inspect.py=ismethod=13
/home/jiangt/FaaSLight-Re/Original_app/app3-dynamic/numpy/compat/_inspect.py=isfunction=26
/home/jiangt/FaaSLight-Re/Original_app/app3-dynamic/numpy/compat/_inspect.py=getargs=65
/home/jiangt/FaaSLight-Re/Original_app/app3-dynamic/numpy/compat/_inspect.py=iscode=41
/home/jiangt/FaaSLight-Re/Original_app/app3-dynamic/numpy/core/overrides.py=array_function_dispatch=128
/home/jiangt/FaaSLight-Re/Original_app/app3-dynamic/numpy/core/overrides.py=array_function_dispatch=decorator=170
/home/jiangt/FaaSLight-Re/Original_app/app3-dynamic/numpy/core/overrides.py=verify_matching_signatures=88
/home/jiangt/FaaSLight-Re/Original_app/app3-dynamic/numpy/compat/_inspect.py=getargspec=96
/home/jiangt/FaaSLight-Re/Original_app/app3-dynamic/numpy/compat/_inspect.py=ismethod=13
/home/jiangt/FaaSLight-Re/Original_app/app3-dynamic/numpy/compat/_inspect.py=isfunction=26
/home/jiangt/FaaSLight-Re/Original_app/app3-dynamic/numpy/compat/_inspect.py=getargs=65
/home/jiangt/FaaSLight-Re/Original_app/app3-dynamic/numpy/compat/_inspect.py=iscode=41
/home/jiangt/FaaSLight-Re/Original_app/app3-dynamic/numpy/compat/_inspect.py=getargspec=96
/home/jiangt/FaaSLight-Re/Original_app/app3-dynamic/numpy/compat/_inspect.py=ismethod=13
/home/jiangt/FaaSLight-Re/Original_app/app3-dynamic/numpy/compat/_inspect.py=isfunction=26
/home/jiangt/FaaSLight-Re/Original_app/app3-dynamic/numpy/compat/_inspect.py=getargs=65
/home/jiangt/FaaSLight-Re/Original_app/app3-dynamic/numpy/compat/_inspect.py=iscode=41
/home/jiangt/FaaSLight-Re/Original_app/app3-dynamic/numpy/core/overrides.py=array_function_dispatch=128
/home/jiangt/FaaSLight-Re/Original_app/app3-dynamic/numpy/core/overrides.py=array_function_dispatch=decorator=170
/home/jiangt/FaaSLight-Re/Original_app/app3-dynamic/numpy/core/overrides.py=verify_matching_signatures=88
/home/jiangt/FaaSLight-Re/Original_app/app3-dynamic/numpy/compat/_inspect.py=getargspec=96
/home/jiangt/FaaSLight-Re/Original_app/app3-dynamic/numpy/compat/_inspect.py=ismethod=13
/home/jiangt/FaaSLight-Re/Original_app/app3-dynamic/numpy/compat/_inspect.py=isfunction=26
/home/jiangt/FaaSLight-Re/Original_app/app3-dynamic/numpy/compat/_inspect.py=getargs=65
/home/jiangt/FaaSLight-Re/Original_app/app3-dynamic/numpy/compat/_inspect.py=iscode=41
/home/jiangt/FaaSLight-Re/Original_app/app3-dynamic/numpy/compat/_inspect.py=getargspec=96
/home/jiangt/FaaSLight-Re/Original_app/app3-dynamic/numpy/compat/_inspect.py=ismethod=13
/home/jiangt/FaaSLight-Re/Original_app/app3-dynamic/numpy/compat/_inspect.py=isfunction=26
/home/jiangt/FaaSLight-Re/Original_app/app3-dynamic/numpy/compat/_inspect.py=getargs=65
/home/jiangt/FaaSLight-Re/Original_app/app3-dynamic/numpy/compat/_inspect.py=iscode=41
/home/jiangt/FaaSLight-Re/Original_app/app3-dynamic/numpy/core/overrides.py=array_function_dispatch=128
/home/jiangt/FaaSLight-Re/Original_app/app3-dynamic/numpy/core/overrides.py=array_function_dispatch=decorator=170
/home/jiangt/FaaSLight-Re/Original_app/app3-dynamic/numpy/core/overrides.py=verify_matching_signatures=88
/home/jiangt/FaaSLight-Re/Original_app/app3-dynamic/numpy/compat/_inspect.py=getargspec=96
/home/jiangt/FaaSLight-Re/Original_app/app3-dynamic/numpy/compat/_inspect.py=ismethod=13
/home/jiangt/FaaSLight-Re/Original_app/app3-dynamic/numpy/compat/_inspect.py=isfunction=26
/home/jiangt/FaaSLight-Re/Original_app/app3-dynamic/numpy/compat/_inspect.py=getargs=65
/home/jiangt/FaaSLight-Re/Original_app/app3-dynamic/numpy/compat/_inspect.py=iscode=41
/home/jiangt/FaaSLight-Re/Original_app/app3-dynamic/numpy/compat/_inspect.py=getargspec=96
/home/jiangt/FaaSLight-Re/Original_app/app3-dynamic/numpy/compat/_inspect.py=ismethod=13
/home/jiangt/FaaSLight-Re/Original_app/app3-dynamic/numpy/compat/_inspect.py=isfunction=26
/home/jiangt/FaaSLight-Re/Original_app/app3-dynamic/numpy/compat/_inspect.py=getargs=65
/home/jiangt/FaaSLight-Re/Original_app/app3-dynamic/numpy/compat/_inspect.py=iscode=41
/home/jiangt/FaaSLight-Re/Original_app/app3-dynamic/numpy/core/overrides.py=array_function_dispatch=128
/home/jiangt/FaaSLight-Re/Original_app/app3-dynamic/numpy/core/overrides.py=array_function_dispatch=decorator=170
/home/jiangt/FaaSLight-Re/Original_app/app3-dynamic/numpy/core/overrides.py=verify_matching_signatures=88
/home/jiangt/FaaSLight-Re/Original_app/app3-dynamic/numpy/compat/_inspect.py=getargspec=96
/home/jiangt/FaaSLight-Re/Original_app/app3-dynamic/numpy/compat/_inspect.py=ismethod=13
/home/jiangt/FaaSLight-Re/Original_app/app3-dynamic/numpy/compat/_inspect.py=isfunction=26
/home/jiangt/FaaSLight-Re/Original_app/app3-dynamic/numpy/compat/_inspect.py=getargs=65
/home/jiangt/FaaSLight-Re/Original_app/app3-dynamic/numpy/compat/_inspect.py=iscode=41
/home/jiangt/FaaSLight-Re/Original_app/app3-dynamic/numpy/compat/_inspect.py=getargspec=96
/home/jiangt/FaaSLight-Re/Original_app/app3-dynamic/numpy/compat/_inspect.py=ismethod=13
/home/jiangt/FaaSLight-Re/Original_app/app3-dynamic/numpy/compat/_inspect.py=isfunction=26
/home/jiangt/FaaSLight-Re/Original_app/app3-dynamic/numpy/compat/_inspect.py=getargs=65
/home/jiangt/FaaSLight-Re/Original_app/app3-dynamic/numpy/compat/_inspect.py=iscode=41
/home/jiangt/FaaSLight-Re/Original_app/app3-dynamic/numpy/core/overrides.py=array_function_dispatch=128
/home/jiangt/FaaSLight-Re/Original_app/app3-dynamic/numpy/core/overrides.py=array_function_dispatch=decorator=170
/home/jiangt/FaaSLight-Re/Original_app/app3-dynamic/numpy/core/overrides.py=verify_matching_signatures=88
/home/jiangt/FaaSLight-Re/Original_app/app3-dynamic/numpy/compat/_inspect.py=getargspec=96
/home/jiangt/FaaSLight-Re/Original_app/app3-dynamic/numpy/compat/_inspect.py=ismethod=13
/home/jiangt/FaaSLight-Re/Original_app/app3-dynamic/numpy/compat/_inspect.py=isfunction=26
/home/jiangt/FaaSLight-Re/Original_app/app3-dynamic/numpy/compat/_inspect.py=getargs=65
/home/jiangt/FaaSLight-Re/Original_app/app3-dynamic/numpy/compat/_inspect.py=iscode=41
/home/jiangt/FaaSLight-Re/Original_app/app3-dynamic/numpy/compat/_inspect.py=getargspec=96
/home/jiangt/FaaSLight-Re/Original_app/app3-dynamic/numpy/compat/_inspect.py=ismethod=13
/home/jiangt/FaaSLight-Re/Original_app/app3-dynamic/numpy/compat/_inspect.py=isfunction=26
/home/jiangt/FaaSLight-Re/Original_app/app3-dynamic/numpy/compat/_inspect.py=getargs=65
/home/jiangt/FaaSLight-Re/Original_app/app3-dynamic/numpy/compat/_inspect.py=iscode=41
/home/jiangt/FaaSLight-Re/Original_app/app3-dynamic/numpy/core/overrides.py=array_function_dispatch=128
/home/jiangt/FaaSLight-Re/Original_app/app3-dynamic/numpy/core/overrides.py=array_function_dispatch=decorator=170
/home/jiangt/FaaSLight-Re/Original_app/app3-dynamic/numpy/core/overrides.py=verify_matching_signatures=88
/home/jiangt/FaaSLight-Re/Original_app/app3-dynamic/numpy/compat/_inspect.py=getargspec=96
/home/jiangt/FaaSLight-Re/Original_app/app3-dynamic/numpy/compat/_inspect.py=ismethod=13
/home/jiangt/FaaSLight-Re/Original_app/app3-dynamic/numpy/compat/_inspect.py=isfunction=26
/home/jiangt/FaaSLight-Re/Original_app/app3-dynamic/numpy/compat/_inspect.py=getargs=65
/home/jiangt/FaaSLight-Re/Original_app/app3-dynamic/numpy/compat/_inspect.py=iscode=41
/home/jiangt/FaaSLight-Re/Original_app/app3-dynamic/numpy/compat/_inspect.py=getargspec=96
/home/jiangt/FaaSLight-Re/Original_app/app3-dynamic/numpy/compat/_inspect.py=ismethod=13
/home/jiangt/FaaSLight-Re/Original_app/app3-dynamic/numpy/compat/_inspect.py=isfunction=26
/home/jiangt/FaaSLight-Re/Original_app/app3-dynamic/numpy/compat/_inspect.py=getargs=65
/home/jiangt/FaaSLight-Re/Original_app/app3-dynamic/numpy/compat/_inspect.py=iscode=41
/home/jiangt/FaaSLight-Re/Original_app/app3-dynamic/numpy/core/overrides.py=array_function_dispatch=128
/home/jiangt/FaaSLight-Re/Original_app/app3-dynamic/numpy/core/overrides.py=array_function_dispatch=decorator=170
/home/jiangt/FaaSLight-Re/Original_app/app3-dynamic/numpy/core/overrides.py=verify_matching_signatures=88
/home/jiangt/FaaSLight-Re/Original_app/app3-dynamic/numpy/compat/_inspect.py=getargspec=96
/home/jiangt/FaaSLight-Re/Original_app/app3-dynamic/numpy/compat/_inspect.py=ismethod=13
/home/jiangt/FaaSLight-Re/Original_app/app3-dynamic/numpy/compat/_inspect.py=isfunction=26
/home/jiangt/FaaSLight-Re/Original_app/app3-dynamic/numpy/compat/_inspect.py=getargs=65
/home/jiangt/FaaSLight-Re/Original_app/app3-dynamic/numpy/compat/_inspect.py=iscode=41
/home/jiangt/FaaSLight-Re/Original_app/app3-dynamic/numpy/compat/_inspect.py=getargspec=96
/home/jiangt/FaaSLight-Re/Original_app/app3-dynamic/numpy/compat/_inspect.py=ismethod=13
/home/jiangt/FaaSLight-Re/Original_app/app3-dynamic/numpy/compat/_inspect.py=isfunction=26
/home/jiangt/FaaSLight-Re/Original_app/app3-dynamic/numpy/compat/_inspect.py=getargs=65
/home/jiangt/FaaSLight-Re/Original_app/app3-dynamic/numpy/compat/_inspect.py=iscode=41
/home/jiangt/FaaSLight-Re/Original_app/app3-dynamic/numpy/lib/index_tricks.py=MGridClass=__init__=257
/home/jiangt/FaaSLight-Re/Original_app/app3-dynamic/numpy/lib/index_tricks.py=nd_grid=__init__=145
/home/jiangt/FaaSLight-Re/Original_app/app3-dynamic/numpy/lib/index_tricks.py=OGridClass=__init__=306
/home/jiangt/FaaSLight-Re/Original_app/app3-dynamic/numpy/lib/index_tricks.py=nd_grid=__init__=145
/home/jiangt/FaaSLight-Re/Original_app/app3-dynamic/numpy/lib/index_tricks.py=RClass=__init__=531
/home/jiangt/FaaSLight-Re/Original_app/app3-dynamic/numpy/lib/index_tricks.py=AxisConcatenator=__init__=323
/home/jiangt/FaaSLight-Re/Original_app/app3-dynamic/numpy/lib/index_tricks.py=CClass=__init__=563
/home/jiangt/FaaSLight-Re/Original_app/app3-dynamic/numpy/lib/index_tricks.py=AxisConcatenator=__init__=323
/home/jiangt/FaaSLight-Re/Original_app/app3-dynamic/numpy/core/overrides.py=set_module=110
/home/jiangt/FaaSLight-Re/Original_app/app3-dynamic/numpy/core/overrides.py=set_module=decorator=121
/home/jiangt/FaaSLight-Re/Original_app/app3-dynamic/numpy/core/overrides.py=set_module=110
/home/jiangt/FaaSLight-Re/Original_app/app3-dynamic/numpy/core/overrides.py=set_module=decorator=121
/home/jiangt/FaaSLight-Re/Original_app/app3-dynamic/numpy/lib/index_tricks.py=IndexExpression=__init__=762
/home/jiangt/FaaSLight-Re/Original_app/app3-dynamic/numpy/lib/index_tricks.py=IndexExpression=__init__=762
/home/jiangt/FaaSLight-Re/Original_app/app3-dynamic/numpy/core/overrides.py=array_function_dispatch=128
/home/jiangt/FaaSLight-Re/Original_app/app3-dynamic/numpy/core/overrides.py=array_function_dispatch=decorator=170
/home/jiangt/FaaSLight-Re/Original_app/app3-dynamic/numpy/core/overrides.py=verify_matching_signatures=88
/home/jiangt/FaaSLight-Re/Original_app/app3-dynamic/numpy/compat/_inspect.py=getargspec=96
/home/jiangt/FaaSLight-Re/Original_app/app3-dynamic/numpy/compat/_inspect.py=ismethod=13
/home/jiangt/FaaSLight-Re/Original_app/app3-dynamic/numpy/compat/_inspect.py=isfunction=26
/home/jiangt/FaaSLight-Re/Original_app/app3-dynamic/numpy/compat/_inspect.py=getargs=65
/home/jiangt/FaaSLight-Re/Original_app/app3-dynamic/numpy/compat/_inspect.py=iscode=41
/home/jiangt/FaaSLight-Re/Original_app/app3-dynamic/numpy/compat/_inspect.py=getargspec=96
/home/jiangt/FaaSLight-Re/Original_app/app3-dynamic/numpy/compat/_inspect.py=ismethod=13
/home/jiangt/FaaSLight-Re/Original_app/app3-dynamic/numpy/compat/_inspect.py=isfunction=26
/home/jiangt/FaaSLight-Re/Original_app/app3-dynamic/numpy/compat/_inspect.py=getargs=65
/home/jiangt/FaaSLight-Re/Original_app/app3-dynamic/numpy/compat/_inspect.py=iscode=41
/home/jiangt/FaaSLight-Re/Original_app/app3-dynamic/numpy/core/overrides.py=set_module=110
/home/jiangt/FaaSLight-Re/Original_app/app3-dynamic/numpy/core/overrides.py=set_module=decorator=121
/home/jiangt/FaaSLight-Re/Original_app/app3-dynamic/numpy/core/overrides.py=array_function_dispatch=128
/home/jiangt/FaaSLight-Re/Original_app/app3-dynamic/numpy/core/overrides.py=array_function_dispatch=decorator=170
/home/jiangt/FaaSLight-Re/Original_app/app3-dynamic/numpy/core/overrides.py=verify_matching_signatures=88
/home/jiangt/FaaSLight-Re/Original_app/app3-dynamic/numpy/compat/_inspect.py=getargspec=96
/home/jiangt/FaaSLight-Re/Original_app/app3-dynamic/numpy/compat/_inspect.py=ismethod=13
/home/jiangt/FaaSLight-Re/Original_app/app3-dynamic/numpy/compat/_inspect.py=isfunction=26
/home/jiangt/FaaSLight-Re/Original_app/app3-dynamic/numpy/compat/_inspect.py=getargs=65
/home/jiangt/FaaSLight-Re/Original_app/app3-dynamic/numpy/compat/_inspect.py=iscode=41
/home/jiangt/FaaSLight-Re/Original_app/app3-dynamic/numpy/compat/_inspect.py=getargspec=96
/home/jiangt/FaaSLight-Re/Original_app/app3-dynamic/numpy/compat/_inspect.py=ismethod=13
/home/jiangt/FaaSLight-Re/Original_app/app3-dynamic/numpy/compat/_inspect.py=isfunction=26
/home/jiangt/FaaSLight-Re/Original_app/app3-dynamic/numpy/compat/_inspect.py=getargs=65
/home/jiangt/FaaSLight-Re/Original_app/app3-dynamic/numpy/compat/_inspect.py=iscode=41
/home/jiangt/FaaSLight-Re/Original_app/app3-dynamic/numpy/core/overrides.py=array_function_dispatch=128
/home/jiangt/FaaSLight-Re/Original_app/app3-dynamic/numpy/core/overrides.py=array_function_dispatch=decorator=170
/home/jiangt/FaaSLight-Re/Original_app/app3-dynamic/numpy/core/overrides.py=verify_matching_signatures=88
/home/jiangt/FaaSLight-Re/Original_app/app3-dynamic/numpy/compat/_inspect.py=getargspec=96
/home/jiangt/FaaSLight-Re/Original_app/app3-dynamic/numpy/compat/_inspect.py=ismethod=13
/home/jiangt/FaaSLight-Re/Original_app/app3-dynamic/numpy/compat/_inspect.py=isfunction=26
/home/jiangt/FaaSLight-Re/Original_app/app3-dynamic/numpy/compat/_inspect.py=getargs=65
/home/jiangt/FaaSLight-Re/Original_app/app3-dynamic/numpy/compat/_inspect.py=iscode=41
/home/jiangt/FaaSLight-Re/Original_app/app3-dynamic/numpy/compat/_inspect.py=getargspec=96
/home/jiangt/FaaSLight-Re/Original_app/app3-dynamic/numpy/compat/_inspect.py=ismethod=13
/home/jiangt/FaaSLight-Re/Original_app/app3-dynamic/numpy/compat/_inspect.py=isfunction=26
/home/jiangt/FaaSLight-Re/Original_app/app3-dynamic/numpy/compat/_inspect.py=getargs=65
/home/jiangt/FaaSLight-Re/Original_app/app3-dynamic/numpy/compat/_inspect.py=iscode=41
/home/jiangt/FaaSLight-Re/Original_app/app3-dynamic/numpy/core/overrides.py=array_function_dispatch=128
/home/jiangt/FaaSLight-Re/Original_app/app3-dynamic/numpy/core/overrides.py=array_function_dispatch=decorator=170
/home/jiangt/FaaSLight-Re/Original_app/app3-dynamic/numpy/core/overrides.py=verify_matching_signatures=88
/home/jiangt/FaaSLight-Re/Original_app/app3-dynamic/numpy/compat/_inspect.py=getargspec=96
/home/jiangt/FaaSLight-Re/Original_app/app3-dynamic/numpy/compat/_inspect.py=ismethod=13
/home/jiangt/FaaSLight-Re/Original_app/app3-dynamic/numpy/compat/_inspect.py=isfunction=26
/home/jiangt/FaaSLight-Re/Original_app/app3-dynamic/numpy/compat/_inspect.py=getargs=65
/home/jiangt/FaaSLight-Re/Original_app/app3-dynamic/numpy/compat/_inspect.py=iscode=41
/home/jiangt/FaaSLight-Re/Original_app/app3-dynamic/numpy/compat/_inspect.py=getargspec=96
/home/jiangt/FaaSLight-Re/Original_app/app3-dynamic/numpy/compat/_inspect.py=ismethod=13
/home/jiangt/FaaSLight-Re/Original_app/app3-dynamic/numpy/compat/_inspect.py=isfunction=26
/home/jiangt/FaaSLight-Re/Original_app/app3-dynamic/numpy/compat/_inspect.py=getargs=65
/home/jiangt/FaaSLight-Re/Original_app/app3-dynamic/numpy/compat/_inspect.py=iscode=41
/home/jiangt/FaaSLight-Re/Original_app/app3-dynamic/numpy/core/overrides.py=array_function_dispatch=128
/home/jiangt/FaaSLight-Re/Original_app/app3-dynamic/numpy/core/overrides.py=array_function_dispatch=decorator=170
/home/jiangt/FaaSLight-Re/Original_app/app3-dynamic/numpy/core/overrides.py=verify_matching_signatures=88
/home/jiangt/FaaSLight-Re/Original_app/app3-dynamic/numpy/compat/_inspect.py=getargspec=96
/home/jiangt/FaaSLight-Re/Original_app/app3-dynamic/numpy/compat/_inspect.py=ismethod=13
/home/jiangt/FaaSLight-Re/Original_app/app3-dynamic/numpy/compat/_inspect.py=isfunction=26
/home/jiangt/FaaSLight-Re/Original_app/app3-dynamic/numpy/compat/_inspect.py=getargs=65
/home/jiangt/FaaSLight-Re/Original_app/app3-dynamic/numpy/compat/_inspect.py=iscode=41
/home/jiangt/FaaSLight-Re/Original_app/app3-dynamic/numpy/compat/_inspect.py=getargspec=96
/home/jiangt/FaaSLight-Re/Original_app/app3-dynamic/numpy/compat/_inspect.py=ismethod=13
/home/jiangt/FaaSLight-Re/Original_app/app3-dynamic/numpy/compat/_inspect.py=isfunction=26
/home/jiangt/FaaSLight-Re/Original_app/app3-dynamic/numpy/compat/_inspect.py=getargs=65
/home/jiangt/FaaSLight-Re/Original_app/app3-dynamic/numpy/compat/_inspect.py=iscode=41
/home/jiangt/FaaSLight-Re/Original_app/app3-dynamic/numpy/core/overrides.py=array_function_dispatch=128
/home/jiangt/FaaSLight-Re/Original_app/app3-dynamic/numpy/core/overrides.py=array_function_dispatch=decorator=170
/home/jiangt/FaaSLight-Re/Original_app/app3-dynamic/numpy/core/overrides.py=verify_matching_signatures=88
/home/jiangt/FaaSLight-Re/Original_app/app3-dynamic/numpy/compat/_inspect.py=getargspec=96
/home/jiangt/FaaSLight-Re/Original_app/app3-dynamic/numpy/compat/_inspect.py=ismethod=13
/home/jiangt/FaaSLight-Re/Original_app/app3-dynamic/numpy/compat/_inspect.py=isfunction=26
/home/jiangt/FaaSLight-Re/Original_app/app3-dynamic/numpy/compat/_inspect.py=getargs=65
/home/jiangt/FaaSLight-Re/Original_app/app3-dynamic/numpy/compat/_inspect.py=iscode=41
/home/jiangt/FaaSLight-Re/Original_app/app3-dynamic/numpy/compat/_inspect.py=getargspec=96
/home/jiangt/FaaSLight-Re/Original_app/app3-dynamic/numpy/compat/_inspect.py=ismethod=13
/home/jiangt/FaaSLight-Re/Original_app/app3-dynamic/numpy/compat/_inspect.py=isfunction=26
/home/jiangt/FaaSLight-Re/Original_app/app3-dynamic/numpy/compat/_inspect.py=getargs=65
/home/jiangt/FaaSLight-Re/Original_app/app3-dynamic/numpy/compat/_inspect.py=iscode=41
/home/jiangt/FaaSLight-Re/Original_app/app3-dynamic/numpy/core/overrides.py=array_function_dispatch=128
/home/jiangt/FaaSLight-Re/Original_app/app3-dynamic/numpy/core/overrides.py=array_function_dispatch=decorator=170
/home/jiangt/FaaSLight-Re/Original_app/app3-dynamic/numpy/core/overrides.py=verify_matching_signatures=88
/home/jiangt/FaaSLight-Re/Original_app/app3-dynamic/numpy/compat/_inspect.py=getargspec=96
/home/jiangt/FaaSLight-Re/Original_app/app3-dynamic/numpy/compat/_inspect.py=ismethod=13
/home/jiangt/FaaSLight-Re/Original_app/app3-dynamic/numpy/compat/_inspect.py=isfunction=26
/home/jiangt/FaaSLight-Re/Original_app/app3-dynamic/numpy/compat/_inspect.py=getargs=65
/home/jiangt/FaaSLight-Re/Original_app/app3-dynamic/numpy/compat/_inspect.py=iscode=41
/home/jiangt/FaaSLight-Re/Original_app/app3-dynamic/numpy/compat/_inspect.py=getargspec=96
/home/jiangt/FaaSLight-Re/Original_app/app3-dynamic/numpy/compat/_inspect.py=ismethod=13
/home/jiangt/FaaSLight-Re/Original_app/app3-dynamic/numpy/compat/_inspect.py=isfunction=26
/home/jiangt/FaaSLight-Re/Original_app/app3-dynamic/numpy/compat/_inspect.py=getargs=65
/home/jiangt/FaaSLight-Re/Original_app/app3-dynamic/numpy/compat/_inspect.py=iscode=41
/home/jiangt/FaaSLight-Re/Original_app/app3-dynamic/numpy/core/overrides.py=array_function_dispatch=128
/home/jiangt/FaaSLight-Re/Original_app/app3-dynamic/numpy/core/overrides.py=array_function_dispatch=decorator=170
/home/jiangt/FaaSLight-Re/Original_app/app3-dynamic/numpy/core/overrides.py=verify_matching_signatures=88
/home/jiangt/FaaSLight-Re/Original_app/app3-dynamic/numpy/compat/_inspect.py=getargspec=96
/home/jiangt/FaaSLight-Re/Original_app/app3-dynamic/numpy/compat/_inspect.py=ismethod=13
/home/jiangt/FaaSLight-Re/Original_app/app3-dynamic/numpy/compat/_inspect.py=isfunction=26
/home/jiangt/FaaSLight-Re/Original_app/app3-dynamic/numpy/compat/_inspect.py=getargs=65
/home/jiangt/FaaSLight-Re/Original_app/app3-dynamic/numpy/compat/_inspect.py=iscode=41
/home/jiangt/FaaSLight-Re/Original_app/app3-dynamic/numpy/compat/_inspect.py=getargspec=96
/home/jiangt/FaaSLight-Re/Original_app/app3-dynamic/numpy/compat/_inspect.py=ismethod=13
/home/jiangt/FaaSLight-Re/Original_app/app3-dynamic/numpy/compat/_inspect.py=isfunction=26
/home/jiangt/FaaSLight-Re/Original_app/app3-dynamic/numpy/compat/_inspect.py=getargs=65
/home/jiangt/FaaSLight-Re/Original_app/app3-dynamic/numpy/compat/_inspect.py=iscode=41
/home/jiangt/FaaSLight-Re/Original_app/app3-dynamic/numpy/core/overrides.py=array_function_dispatch=128
/home/jiangt/FaaSLight-Re/Original_app/app3-dynamic/numpy/core/overrides.py=array_function_dispatch=decorator=170
/home/jiangt/FaaSLight-Re/Original_app/app3-dynamic/numpy/core/overrides.py=verify_matching_signatures=88
/home/jiangt/FaaSLight-Re/Original_app/app3-dynamic/numpy/compat/_inspect.py=getargspec=96
/home/jiangt/FaaSLight-Re/Original_app/app3-dynamic/numpy/compat/_inspect.py=ismethod=13
/home/jiangt/FaaSLight-Re/Original_app/app3-dynamic/numpy/compat/_inspect.py=isfunction=26
/home/jiangt/FaaSLight-Re/Original_app/app3-dynamic/numpy/compat/_inspect.py=getargs=65
/home/jiangt/FaaSLight-Re/Original_app/app3-dynamic/numpy/compat/_inspect.py=iscode=41
/home/jiangt/FaaSLight-Re/Original_app/app3-dynamic/numpy/compat/_inspect.py=getargspec=96
/home/jiangt/FaaSLight-Re/Original_app/app3-dynamic/numpy/compat/_inspect.py=ismethod=13
/home/jiangt/FaaSLight-Re/Original_app/app3-dynamic/numpy/compat/_inspect.py=isfunction=26
/home/jiangt/FaaSLight-Re/Original_app/app3-dynamic/numpy/compat/_inspect.py=getargs=65
/home/jiangt/FaaSLight-Re/Original_app/app3-dynamic/numpy/compat/_inspect.py=iscode=41
/home/jiangt/FaaSLight-Re/Original_app/app3-dynamic/numpy/core/overrides.py=array_function_dispatch=128
/home/jiangt/FaaSLight-Re/Original_app/app3-dynamic/numpy/core/overrides.py=array_function_dispatch=decorator=170
/home/jiangt/FaaSLight-Re/Original_app/app3-dynamic/numpy/core/overrides.py=verify_matching_signatures=88
/home/jiangt/FaaSLight-Re/Original_app/app3-dynamic/numpy/compat/_inspect.py=getargspec=96
/home/jiangt/FaaSLight-Re/Original_app/app3-dynamic/numpy/compat/_inspect.py=ismethod=13
/home/jiangt/FaaSLight-Re/Original_app/app3-dynamic/numpy/compat/_inspect.py=isfunction=26
/home/jiangt/FaaSLight-Re/Original_app/app3-dynamic/numpy/compat/_inspect.py=getargs=65
/home/jiangt/FaaSLight-Re/Original_app/app3-dynamic/numpy/compat/_inspect.py=iscode=41
/home/jiangt/FaaSLight-Re/Original_app/app3-dynamic/numpy/compat/_inspect.py=getargspec=96
/home/jiangt/FaaSLight-Re/Original_app/app3-dynamic/numpy/compat/_inspect.py=ismethod=13
/home/jiangt/FaaSLight-Re/Original_app/app3-dynamic/numpy/compat/_inspect.py=isfunction=26
/home/jiangt/FaaSLight-Re/Original_app/app3-dynamic/numpy/compat/_inspect.py=getargs=65
/home/jiangt/FaaSLight-Re/Original_app/app3-dynamic/numpy/compat/_inspect.py=iscode=41
/home/jiangt/FaaSLight-Re/Original_app/app3-dynamic/numpy/core/overrides.py=array_function_dispatch=128
/home/jiangt/FaaSLight-Re/Original_app/app3-dynamic/numpy/core/overrides.py=array_function_dispatch=decorator=170
/home/jiangt/FaaSLight-Re/Original_app/app3-dynamic/numpy/core/overrides.py=verify_matching_signatures=88
/home/jiangt/FaaSLight-Re/Original_app/app3-dynamic/numpy/compat/_inspect.py=getargspec=96
/home/jiangt/FaaSLight-Re/Original_app/app3-dynamic/numpy/compat/_inspect.py=ismethod=13
/home/jiangt/FaaSLight-Re/Original_app/app3-dynamic/numpy/compat/_inspect.py=isfunction=26
/home/jiangt/FaaSLight-Re/Original_app/app3-dynamic/numpy/compat/_inspect.py=getargs=65
/home/jiangt/FaaSLight-Re/Original_app/app3-dynamic/numpy/compat/_inspect.py=iscode=41
/home/jiangt/FaaSLight-Re/Original_app/app3-dynamic/numpy/compat/_inspect.py=getargspec=96
/home/jiangt/FaaSLight-Re/Original_app/app3-dynamic/numpy/compat/_inspect.py=ismethod=13
/home/jiangt/FaaSLight-Re/Original_app/app3-dynamic/numpy/compat/_inspect.py=isfunction=26
/home/jiangt/FaaSLight-Re/Original_app/app3-dynamic/numpy/compat/_inspect.py=getargs=65
/home/jiangt/FaaSLight-Re/Original_app/app3-dynamic/numpy/compat/_inspect.py=iscode=41
/home/jiangt/FaaSLight-Re/Original_app/app3-dynamic/numpy/core/overrides.py=array_function_dispatch=128
/home/jiangt/FaaSLight-Re/Original_app/app3-dynamic/numpy/core/overrides.py=array_function_dispatch=decorator=170
/home/jiangt/FaaSLight-Re/Original_app/app3-dynamic/numpy/core/overrides.py=verify_matching_signatures=88
/home/jiangt/FaaSLight-Re/Original_app/app3-dynamic/numpy/compat/_inspect.py=getargspec=96
/home/jiangt/FaaSLight-Re/Original_app/app3-dynamic/numpy/compat/_inspect.py=ismethod=13
/home/jiangt/FaaSLight-Re/Original_app/app3-dynamic/numpy/compat/_inspect.py=isfunction=26
/home/jiangt/FaaSLight-Re/Original_app/app3-dynamic/numpy/compat/_inspect.py=getargs=65
/home/jiangt/FaaSLight-Re/Original_app/app3-dynamic/numpy/compat/_inspect.py=iscode=41
/home/jiangt/FaaSLight-Re/Original_app/app3-dynamic/numpy/compat/_inspect.py=getargspec=96
/home/jiangt/FaaSLight-Re/Original_app/app3-dynamic/numpy/compat/_inspect.py=ismethod=13
/home/jiangt/FaaSLight-Re/Original_app/app3-dynamic/numpy/compat/_inspect.py=isfunction=26
/home/jiangt/FaaSLight-Re/Original_app/app3-dynamic/numpy/compat/_inspect.py=getargs=65
/home/jiangt/FaaSLight-Re/Original_app/app3-dynamic/numpy/compat/_inspect.py=iscode=41
/home/jiangt/FaaSLight-Re/Original_app/app3-dynamic/numpy/core/overrides.py=array_function_dispatch=128
/home/jiangt/FaaSLight-Re/Original_app/app3-dynamic/numpy/core/overrides.py=array_function_dispatch=decorator=170
/home/jiangt/FaaSLight-Re/Original_app/app3-dynamic/numpy/core/overrides.py=verify_matching_signatures=88
/home/jiangt/FaaSLight-Re/Original_app/app3-dynamic/numpy/compat/_inspect.py=getargspec=96
/home/jiangt/FaaSLight-Re/Original_app/app3-dynamic/numpy/compat/_inspect.py=ismethod=13
/home/jiangt/FaaSLight-Re/Original_app/app3-dynamic/numpy/compat/_inspect.py=isfunction=26
/home/jiangt/FaaSLight-Re/Original_app/app3-dynamic/numpy/compat/_inspect.py=getargs=65
/home/jiangt/FaaSLight-Re/Original_app/app3-dynamic/numpy/compat/_inspect.py=iscode=41
/home/jiangt/FaaSLight-Re/Original_app/app3-dynamic/numpy/compat/_inspect.py=getargspec=96
/home/jiangt/FaaSLight-Re/Original_app/app3-dynamic/numpy/compat/_inspect.py=ismethod=13
/home/jiangt/FaaSLight-Re/Original_app/app3-dynamic/numpy/compat/_inspect.py=isfunction=26
/home/jiangt/FaaSLight-Re/Original_app/app3-dynamic/numpy/compat/_inspect.py=getargs=65
/home/jiangt/FaaSLight-Re/Original_app/app3-dynamic/numpy/compat/_inspect.py=iscode=41
/home/jiangt/FaaSLight-Re/Original_app/app3-dynamic/numpy/core/overrides.py=array_function_dispatch=128
/home/jiangt/FaaSLight-Re/Original_app/app3-dynamic/numpy/core/overrides.py=array_function_dispatch=decorator=170
/home/jiangt/FaaSLight-Re/Original_app/app3-dynamic/numpy/core/overrides.py=verify_matching_signatures=88
/home/jiangt/FaaSLight-Re/Original_app/app3-dynamic/numpy/compat/_inspect.py=getargspec=96
/home/jiangt/FaaSLight-Re/Original_app/app3-dynamic/numpy/compat/_inspect.py=ismethod=13
/home/jiangt/FaaSLight-Re/Original_app/app3-dynamic/numpy/compat/_inspect.py=isfunction=26
/home/jiangt/FaaSLight-Re/Original_app/app3-dynamic/numpy/compat/_inspect.py=getargs=65
/home/jiangt/FaaSLight-Re/Original_app/app3-dynamic/numpy/compat/_inspect.py=iscode=41
/home/jiangt/FaaSLight-Re/Original_app/app3-dynamic/numpy/compat/_inspect.py=getargspec=96
/home/jiangt/FaaSLight-Re/Original_app/app3-dynamic/numpy/compat/_inspect.py=ismethod=13
/home/jiangt/FaaSLight-Re/Original_app/app3-dynamic/numpy/compat/_inspect.py=isfunction=26
/home/jiangt/FaaSLight-Re/Original_app/app3-dynamic/numpy/compat/_inspect.py=getargs=65
/home/jiangt/FaaSLight-Re/Original_app/app3-dynamic/numpy/compat/_inspect.py=iscode=41
/home/jiangt/FaaSLight-Re/Original_app/app3-dynamic/numpy/core/overrides.py=array_function_dispatch=128
/home/jiangt/FaaSLight-Re/Original_app/app3-dynamic/numpy/core/overrides.py=array_function_dispatch=decorator=170
/home/jiangt/FaaSLight-Re/Original_app/app3-dynamic/numpy/core/overrides.py=verify_matching_signatures=88
/home/jiangt/FaaSLight-Re/Original_app/app3-dynamic/numpy/compat/_inspect.py=getargspec=96
/home/jiangt/FaaSLight-Re/Original_app/app3-dynamic/numpy/compat/_inspect.py=ismethod=13
/home/jiangt/FaaSLight-Re/Original_app/app3-dynamic/numpy/compat/_inspect.py=isfunction=26
/home/jiangt/FaaSLight-Re/Original_app/app3-dynamic/numpy/compat/_inspect.py=getargs=65
/home/jiangt/FaaSLight-Re/Original_app/app3-dynamic/numpy/compat/_inspect.py=iscode=41
/home/jiangt/FaaSLight-Re/Original_app/app3-dynamic/numpy/compat/_inspect.py=getargspec=96
/home/jiangt/FaaSLight-Re/Original_app/app3-dynamic/numpy/compat/_inspect.py=ismethod=13
/home/jiangt/FaaSLight-Re/Original_app/app3-dynamic/numpy/compat/_inspect.py=isfunction=26
/home/jiangt/FaaSLight-Re/Original_app/app3-dynamic/numpy/compat/_inspect.py=getargs=65
/home/jiangt/FaaSLight-Re/Original_app/app3-dynamic/numpy/compat/_inspect.py=iscode=41
/home/jiangt/FaaSLight-Re/Original_app/app3-dynamic/numpy/core/overrides.py=array_function_dispatch=128
/home/jiangt/FaaSLight-Re/Original_app/app3-dynamic/numpy/core/overrides.py=array_function_dispatch=decorator=170
/home/jiangt/FaaSLight-Re/Original_app/app3-dynamic/numpy/core/overrides.py=verify_matching_signatures=88
/home/jiangt/FaaSLight-Re/Original_app/app3-dynamic/numpy/compat/_inspect.py=getargspec=96
/home/jiangt/FaaSLight-Re/Original_app/app3-dynamic/numpy/compat/_inspect.py=ismethod=13
/home/jiangt/FaaSLight-Re/Original_app/app3-dynamic/numpy/compat/_inspect.py=isfunction=26
/home/jiangt/FaaSLight-Re/Original_app/app3-dynamic/numpy/compat/_inspect.py=getargs=65
/home/jiangt/FaaSLight-Re/Original_app/app3-dynamic/numpy/compat/_inspect.py=iscode=41
/home/jiangt/FaaSLight-Re/Original_app/app3-dynamic/numpy/compat/_inspect.py=getargspec=96
/home/jiangt/FaaSLight-Re/Original_app/app3-dynamic/numpy/compat/_inspect.py=ismethod=13
/home/jiangt/FaaSLight-Re/Original_app/app3-dynamic/numpy/compat/_inspect.py=isfunction=26
/home/jiangt/FaaSLight-Re/Original_app/app3-dynamic/numpy/compat/_inspect.py=getargs=65
/home/jiangt/FaaSLight-Re/Original_app/app3-dynamic/numpy/compat/_inspect.py=iscode=41
/home/jiangt/FaaSLight-Re/Original_app/app3-dynamic/numpy/core/overrides.py=array_function_dispatch=128
/home/jiangt/FaaSLight-Re/Original_app/app3-dynamic/numpy/core/overrides.py=array_function_dispatch=decorator=170
/home/jiangt/FaaSLight-Re/Original_app/app3-dynamic/numpy/core/overrides.py=verify_matching_signatures=88
/home/jiangt/FaaSLight-Re/Original_app/app3-dynamic/numpy/compat/_inspect.py=getargspec=96
/home/jiangt/FaaSLight-Re/Original_app/app3-dynamic/numpy/compat/_inspect.py=ismethod=13
/home/jiangt/FaaSLight-Re/Original_app/app3-dynamic/numpy/compat/_inspect.py=isfunction=26
/home/jiangt/FaaSLight-Re/Original_app/app3-dynamic/numpy/compat/_inspect.py=getargs=65
/home/jiangt/FaaSLight-Re/Original_app/app3-dynamic/numpy/compat/_inspect.py=iscode=41
/home/jiangt/FaaSLight-Re/Original_app/app3-dynamic/numpy/compat/_inspect.py=getargspec=96
/home/jiangt/FaaSLight-Re/Original_app/app3-dynamic/numpy/compat/_inspect.py=ismethod=13
/home/jiangt/FaaSLight-Re/Original_app/app3-dynamic/numpy/compat/_inspect.py=isfunction=26
/home/jiangt/FaaSLight-Re/Original_app/app3-dynamic/numpy/compat/_inspect.py=getargs=65
/home/jiangt/FaaSLight-Re/Original_app/app3-dynamic/numpy/compat/_inspect.py=iscode=41
/home/jiangt/FaaSLight-Re/Original_app/app3-dynamic/numpy/core/overrides.py=array_function_dispatch=128
/home/jiangt/FaaSLight-Re/Original_app/app3-dynamic/numpy/core/overrides.py=array_function_dispatch=decorator=170
/home/jiangt/FaaSLight-Re/Original_app/app3-dynamic/numpy/core/overrides.py=verify_matching_signatures=88
/home/jiangt/FaaSLight-Re/Original_app/app3-dynamic/numpy/compat/_inspect.py=getargspec=96
/home/jiangt/FaaSLight-Re/Original_app/app3-dynamic/numpy/compat/_inspect.py=ismethod=13
/home/jiangt/FaaSLight-Re/Original_app/app3-dynamic/numpy/compat/_inspect.py=isfunction=26
/home/jiangt/FaaSLight-Re/Original_app/app3-dynamic/numpy/compat/_inspect.py=getargs=65
/home/jiangt/FaaSLight-Re/Original_app/app3-dynamic/numpy/compat/_inspect.py=iscode=41
/home/jiangt/FaaSLight-Re/Original_app/app3-dynamic/numpy/compat/_inspect.py=getargspec=96
/home/jiangt/FaaSLight-Re/Original_app/app3-dynamic/numpy/compat/_inspect.py=ismethod=13
/home/jiangt/FaaSLight-Re/Original_app/app3-dynamic/numpy/compat/_inspect.py=isfunction=26
/home/jiangt/FaaSLight-Re/Original_app/app3-dynamic/numpy/compat/_inspect.py=getargs=65
/home/jiangt/FaaSLight-Re/Original_app/app3-dynamic/numpy/compat/_inspect.py=iscode=41
/home/jiangt/FaaSLight-Re/Original_app/app3-dynamic/numpy/core/overrides.py=array_function_dispatch=128
/home/jiangt/FaaSLight-Re/Original_app/app3-dynamic/numpy/core/overrides.py=array_function_dispatch=decorator=170
/home/jiangt/FaaSLight-Re/Original_app/app3-dynamic/numpy/core/overrides.py=verify_matching_signatures=88
/home/jiangt/FaaSLight-Re/Original_app/app3-dynamic/numpy/compat/_inspect.py=getargspec=96
/home/jiangt/FaaSLight-Re/Original_app/app3-dynamic/numpy/compat/_inspect.py=ismethod=13
/home/jiangt/FaaSLight-Re/Original_app/app3-dynamic/numpy/compat/_inspect.py=isfunction=26
/home/jiangt/FaaSLight-Re/Original_app/app3-dynamic/numpy/compat/_inspect.py=getargs=65
/home/jiangt/FaaSLight-Re/Original_app/app3-dynamic/numpy/compat/_inspect.py=iscode=41
/home/jiangt/FaaSLight-Re/Original_app/app3-dynamic/numpy/compat/_inspect.py=getargspec=96
/home/jiangt/FaaSLight-Re/Original_app/app3-dynamic/numpy/compat/_inspect.py=ismethod=13
/home/jiangt/FaaSLight-Re/Original_app/app3-dynamic/numpy/compat/_inspect.py=isfunction=26
/home/jiangt/FaaSLight-Re/Original_app/app3-dynamic/numpy/compat/_inspect.py=getargs=65
/home/jiangt/FaaSLight-Re/Original_app/app3-dynamic/numpy/compat/_inspect.py=iscode=41
/home/jiangt/FaaSLight-Re/Original_app/app3-dynamic/numpy/core/overrides.py=array_function_dispatch=128
/home/jiangt/FaaSLight-Re/Original_app/app3-dynamic/numpy/core/overrides.py=array_function_dispatch=decorator=170
/home/jiangt/FaaSLight-Re/Original_app/app3-dynamic/numpy/core/overrides.py=verify_matching_signatures=88
/home/jiangt/FaaSLight-Re/Original_app/app3-dynamic/numpy/compat/_inspect.py=getargspec=96
/home/jiangt/FaaSLight-Re/Original_app/app3-dynamic/numpy/compat/_inspect.py=ismethod=13
/home/jiangt/FaaSLight-Re/Original_app/app3-dynamic/numpy/compat/_inspect.py=isfunction=26
/home/jiangt/FaaSLight-Re/Original_app/app3-dynamic/numpy/compat/_inspect.py=getargs=65
/home/jiangt/FaaSLight-Re/Original_app/app3-dynamic/numpy/compat/_inspect.py=iscode=41
/home/jiangt/FaaSLight-Re/Original_app/app3-dynamic/numpy/compat/_inspect.py=getargspec=96
/home/jiangt/FaaSLight-Re/Original_app/app3-dynamic/numpy/compat/_inspect.py=ismethod=13
/home/jiangt/FaaSLight-Re/Original_app/app3-dynamic/numpy/compat/_inspect.py=isfunction=26
/home/jiangt/FaaSLight-Re/Original_app/app3-dynamic/numpy/compat/_inspect.py=getargs=65
/home/jiangt/FaaSLight-Re/Original_app/app3-dynamic/numpy/compat/_inspect.py=iscode=41
/home/jiangt/FaaSLight-Re/Original_app/app3-dynamic/numpy/core/overrides.py=array_function_dispatch=128
/home/jiangt/FaaSLight-Re/Original_app/app3-dynamic/numpy/core/overrides.py=array_function_dispatch=decorator=170
/home/jiangt/FaaSLight-Re/Original_app/app3-dynamic/numpy/core/overrides.py=verify_matching_signatures=88
/home/jiangt/FaaSLight-Re/Original_app/app3-dynamic/numpy/compat/_inspect.py=getargspec=96
/home/jiangt/FaaSLight-Re/Original_app/app3-dynamic/numpy/compat/_inspect.py=ismethod=13
/home/jiangt/FaaSLight-Re/Original_app/app3-dynamic/numpy/compat/_inspect.py=isfunction=26
/home/jiangt/FaaSLight-Re/Original_app/app3-dynamic/numpy/compat/_inspect.py=getargs=65
/home/jiangt/FaaSLight-Re/Original_app/app3-dynamic/numpy/compat/_inspect.py=iscode=41
/home/jiangt/FaaSLight-Re/Original_app/app3-dynamic/numpy/compat/_inspect.py=getargspec=96
/home/jiangt/FaaSLight-Re/Original_app/app3-dynamic/numpy/compat/_inspect.py=ismethod=13
/home/jiangt/FaaSLight-Re/Original_app/app3-dynamic/numpy/compat/_inspect.py=isfunction=26
/home/jiangt/FaaSLight-Re/Original_app/app3-dynamic/numpy/compat/_inspect.py=getargs=65
/home/jiangt/FaaSLight-Re/Original_app/app3-dynamic/numpy/compat/_inspect.py=iscode=41
/home/jiangt/FaaSLight-Re/Original_app/app3-dynamic/numpy/core/overrides.py=array_function_dispatch=128
/home/jiangt/FaaSLight-Re/Original_app/app3-dynamic/numpy/core/overrides.py=array_function_dispatch=decorator=170
/home/jiangt/FaaSLight-Re/Original_app/app3-dynamic/numpy/core/overrides.py=verify_matching_signatures=88
/home/jiangt/FaaSLight-Re/Original_app/app3-dynamic/numpy/compat/_inspect.py=getargspec=96
/home/jiangt/FaaSLight-Re/Original_app/app3-dynamic/numpy/compat/_inspect.py=ismethod=13
/home/jiangt/FaaSLight-Re/Original_app/app3-dynamic/numpy/compat/_inspect.py=isfunction=26
/home/jiangt/FaaSLight-Re/Original_app/app3-dynamic/numpy/compat/_inspect.py=getargs=65
/home/jiangt/FaaSLight-Re/Original_app/app3-dynamic/numpy/compat/_inspect.py=iscode=41
/home/jiangt/FaaSLight-Re/Original_app/app3-dynamic/numpy/compat/_inspect.py=getargspec=96
/home/jiangt/FaaSLight-Re/Original_app/app3-dynamic/numpy/compat/_inspect.py=ismethod=13
/home/jiangt/FaaSLight-Re/Original_app/app3-dynamic/numpy/compat/_inspect.py=isfunction=26
/home/jiangt/FaaSLight-Re/Original_app/app3-dynamic/numpy/compat/_inspect.py=getargs=65
/home/jiangt/FaaSLight-Re/Original_app/app3-dynamic/numpy/compat/_inspect.py=iscode=41
/home/jiangt/FaaSLight-Re/Original_app/app3-dynamic/numpy/core/overrides.py=array_function_dispatch=128
/home/jiangt/FaaSLight-Re/Original_app/app3-dynamic/numpy/core/overrides.py=array_function_dispatch=decorator=170
/home/jiangt/FaaSLight-Re/Original_app/app3-dynamic/numpy/core/overrides.py=verify_matching_signatures=88
/home/jiangt/FaaSLight-Re/Original_app/app3-dynamic/numpy/compat/_inspect.py=getargspec=96
/home/jiangt/FaaSLight-Re/Original_app/app3-dynamic/numpy/compat/_inspect.py=ismethod=13
/home/jiangt/FaaSLight-Re/Original_app/app3-dynamic/numpy/compat/_inspect.py=isfunction=26
/home/jiangt/FaaSLight-Re/Original_app/app3-dynamic/numpy/compat/_inspect.py=getargs=65
/home/jiangt/FaaSLight-Re/Original_app/app3-dynamic/numpy/compat/_inspect.py=iscode=41
/home/jiangt/FaaSLight-Re/Original_app/app3-dynamic/numpy/compat/_inspect.py=getargspec=96
/home/jiangt/FaaSLight-Re/Original_app/app3-dynamic/numpy/compat/_inspect.py=ismethod=13
/home/jiangt/FaaSLight-Re/Original_app/app3-dynamic/numpy/compat/_inspect.py=isfunction=26
/home/jiangt/FaaSLight-Re/Original_app/app3-dynamic/numpy/compat/_inspect.py=getargs=65
/home/jiangt/FaaSLight-Re/Original_app/app3-dynamic/numpy/compat/_inspect.py=iscode=41
/home/jiangt/FaaSLight-Re/Original_app/app3-dynamic/numpy/core/overrides.py=array_function_dispatch=128
/home/jiangt/FaaSLight-Re/Original_app/app3-dynamic/numpy/core/overrides.py=array_function_dispatch=decorator=170
/home/jiangt/FaaSLight-Re/Original_app/app3-dynamic/numpy/core/overrides.py=verify_matching_signatures=88
/home/jiangt/FaaSLight-Re/Original_app/app3-dynamic/numpy/compat/_inspect.py=getargspec=96
/home/jiangt/FaaSLight-Re/Original_app/app3-dynamic/numpy/compat/_inspect.py=ismethod=13
/home/jiangt/FaaSLight-Re/Original_app/app3-dynamic/numpy/compat/_inspect.py=isfunction=26
/home/jiangt/FaaSLight-Re/Original_app/app3-dynamic/numpy/compat/_inspect.py=getargs=65
/home/jiangt/FaaSLight-Re/Original_app/app3-dynamic/numpy/compat/_inspect.py=iscode=41
/home/jiangt/FaaSLight-Re/Original_app/app3-dynamic/numpy/compat/_inspect.py=getargspec=96
/home/jiangt/FaaSLight-Re/Original_app/app3-dynamic/numpy/compat/_inspect.py=ismethod=13
/home/jiangt/FaaSLight-Re/Original_app/app3-dynamic/numpy/compat/_inspect.py=isfunction=26
/home/jiangt/FaaSLight-Re/Original_app/app3-dynamic/numpy/compat/_inspect.py=getargs=65
/home/jiangt/FaaSLight-Re/Original_app/app3-dynamic/numpy/compat/_inspect.py=iscode=41
/home/jiangt/FaaSLight-Re/Original_app/app3-dynamic/numpy/core/overrides.py=array_function_dispatch=128
/home/jiangt/FaaSLight-Re/Original_app/app3-dynamic/numpy/core/overrides.py=array_function_dispatch=decorator=170
/home/jiangt/FaaSLight-Re/Original_app/app3-dynamic/numpy/core/overrides.py=verify_matching_signatures=88
/home/jiangt/FaaSLight-Re/Original_app/app3-dynamic/numpy/compat/_inspect.py=getargspec=96
/home/jiangt/FaaSLight-Re/Original_app/app3-dynamic/numpy/compat/_inspect.py=ismethod=13
/home/jiangt/FaaSLight-Re/Original_app/app3-dynamic/numpy/compat/_inspect.py=isfunction=26
/home/jiangt/FaaSLight-Re/Original_app/app3-dynamic/numpy/compat/_inspect.py=getargs=65
/home/jiangt/FaaSLight-Re/Original_app/app3-dynamic/numpy/compat/_inspect.py=iscode=41
/home/jiangt/FaaSLight-Re/Original_app/app3-dynamic/numpy/compat/_inspect.py=getargspec=96
/home/jiangt/FaaSLight-Re/Original_app/app3-dynamic/numpy/compat/_inspect.py=ismethod=13
/home/jiangt/FaaSLight-Re/Original_app/app3-dynamic/numpy/compat/_inspect.py=isfunction=26
/home/jiangt/FaaSLight-Re/Original_app/app3-dynamic/numpy/compat/_inspect.py=getargs=65
/home/jiangt/FaaSLight-Re/Original_app/app3-dynamic/numpy/compat/_inspect.py=iscode=41
/home/jiangt/FaaSLight-Re/Original_app/app3-dynamic/numpy/core/overrides.py=array_function_dispatch=128
/home/jiangt/FaaSLight-Re/Original_app/app3-dynamic/numpy/core/overrides.py=array_function_dispatch=decorator=170
/home/jiangt/FaaSLight-Re/Original_app/app3-dynamic/numpy/core/overrides.py=verify_matching_signatures=88
/home/jiangt/FaaSLight-Re/Original_app/app3-dynamic/numpy/compat/_inspect.py=getargspec=96
/home/jiangt/FaaSLight-Re/Original_app/app3-dynamic/numpy/compat/_inspect.py=ismethod=13
/home/jiangt/FaaSLight-Re/Original_app/app3-dynamic/numpy/compat/_inspect.py=isfunction=26
/home/jiangt/FaaSLight-Re/Original_app/app3-dynamic/numpy/compat/_inspect.py=getargs=65
/home/jiangt/FaaSLight-Re/Original_app/app3-dynamic/numpy/compat/_inspect.py=iscode=41
/home/jiangt/FaaSLight-Re/Original_app/app3-dynamic/numpy/compat/_inspect.py=getargspec=96
/home/jiangt/FaaSLight-Re/Original_app/app3-dynamic/numpy/compat/_inspect.py=ismethod=13
/home/jiangt/FaaSLight-Re/Original_app/app3-dynamic/numpy/compat/_inspect.py=isfunction=26
/home/jiangt/FaaSLight-Re/Original_app/app3-dynamic/numpy/compat/_inspect.py=getargs=65
/home/jiangt/FaaSLight-Re/Original_app/app3-dynamic/numpy/compat/_inspect.py=iscode=41
/home/jiangt/FaaSLight-Re/Original_app/app3-dynamic/numpy/core/overrides.py=array_function_dispatch=128
/home/jiangt/FaaSLight-Re/Original_app/app3-dynamic/numpy/core/overrides.py=array_function_dispatch=decorator=170
/home/jiangt/FaaSLight-Re/Original_app/app3-dynamic/numpy/core/overrides.py=verify_matching_signatures=88
/home/jiangt/FaaSLight-Re/Original_app/app3-dynamic/numpy/compat/_inspect.py=getargspec=96
/home/jiangt/FaaSLight-Re/Original_app/app3-dynamic/numpy/compat/_inspect.py=ismethod=13
/home/jiangt/FaaSLight-Re/Original_app/app3-dynamic/numpy/compat/_inspect.py=isfunction=26
/home/jiangt/FaaSLight-Re/Original_app/app3-dynamic/numpy/compat/_inspect.py=getargs=65
/home/jiangt/FaaSLight-Re/Original_app/app3-dynamic/numpy/compat/_inspect.py=iscode=41
/home/jiangt/FaaSLight-Re/Original_app/app3-dynamic/numpy/compat/_inspect.py=getargspec=96
/home/jiangt/FaaSLight-Re/Original_app/app3-dynamic/numpy/compat/_inspect.py=ismethod=13
/home/jiangt/FaaSLight-Re/Original_app/app3-dynamic/numpy/compat/_inspect.py=isfunction=26
/home/jiangt/FaaSLight-Re/Original_app/app3-dynamic/numpy/compat/_inspect.py=getargs=65
/home/jiangt/FaaSLight-Re/Original_app/app3-dynamic/numpy/compat/_inspect.py=iscode=41
/home/jiangt/FaaSLight-Re/Original_app/app3-dynamic/numpy/core/overrides.py=array_function_dispatch=128
/home/jiangt/FaaSLight-Re/Original_app/app3-dynamic/numpy/core/overrides.py=array_function_dispatch=decorator=170
/home/jiangt/FaaSLight-Re/Original_app/app3-dynamic/numpy/core/overrides.py=verify_matching_signatures=88
/home/jiangt/FaaSLight-Re/Original_app/app3-dynamic/numpy/compat/_inspect.py=getargspec=96
/home/jiangt/FaaSLight-Re/Original_app/app3-dynamic/numpy/compat/_inspect.py=ismethod=13
/home/jiangt/FaaSLight-Re/Original_app/app3-dynamic/numpy/compat/_inspect.py=isfunction=26
/home/jiangt/FaaSLight-Re/Original_app/app3-dynamic/numpy/compat/_inspect.py=getargs=65
/home/jiangt/FaaSLight-Re/Original_app/app3-dynamic/numpy/compat/_inspect.py=iscode=41
/home/jiangt/FaaSLight-Re/Original_app/app3-dynamic/numpy/compat/_inspect.py=getargspec=96
/home/jiangt/FaaSLight-Re/Original_app/app3-dynamic/numpy/compat/_inspect.py=ismethod=13
/home/jiangt/FaaSLight-Re/Original_app/app3-dynamic/numpy/compat/_inspect.py=isfunction=26
/home/jiangt/FaaSLight-Re/Original_app/app3-dynamic/numpy/compat/_inspect.py=getargs=65
/home/jiangt/FaaSLight-Re/Original_app/app3-dynamic/numpy/compat/_inspect.py=iscode=41
/home/jiangt/FaaSLight-Re/Original_app/app3-dynamic/numpy/core/overrides.py=array_function_dispatch=128
/home/jiangt/FaaSLight-Re/Original_app/app3-dynamic/numpy/core/overrides.py=array_function_dispatch=decorator=170
/home/jiangt/FaaSLight-Re/Original_app/app3-dynamic/numpy/core/overrides.py=verify_matching_signatures=88
/home/jiangt/FaaSLight-Re/Original_app/app3-dynamic/numpy/compat/_inspect.py=getargspec=96
/home/jiangt/FaaSLight-Re/Original_app/app3-dynamic/numpy/compat/_inspect.py=ismethod=13
/home/jiangt/FaaSLight-Re/Original_app/app3-dynamic/numpy/compat/_inspect.py=isfunction=26
/home/jiangt/FaaSLight-Re/Original_app/app3-dynamic/numpy/compat/_inspect.py=getargs=65
/home/jiangt/FaaSLight-Re/Original_app/app3-dynamic/numpy/compat/_inspect.py=iscode=41
/home/jiangt/FaaSLight-Re/Original_app/app3-dynamic/numpy/compat/_inspect.py=getargspec=96
/home/jiangt/FaaSLight-Re/Original_app/app3-dynamic/numpy/compat/_inspect.py=ismethod=13
/home/jiangt/FaaSLight-Re/Original_app/app3-dynamic/numpy/compat/_inspect.py=isfunction=26
/home/jiangt/FaaSLight-Re/Original_app/app3-dynamic/numpy/compat/_inspect.py=getargs=65
/home/jiangt/FaaSLight-Re/Original_app/app3-dynamic/numpy/compat/_inspect.py=iscode=41
/home/jiangt/FaaSLight-Re/Original_app/app3-dynamic/numpy/core/overrides.py=array_function_dispatch=128
/home/jiangt/FaaSLight-Re/Original_app/app3-dynamic/numpy/core/overrides.py=array_function_dispatch=decorator=170
/home/jiangt/FaaSLight-Re/Original_app/app3-dynamic/numpy/core/overrides.py=verify_matching_signatures=88
/home/jiangt/FaaSLight-Re/Original_app/app3-dynamic/numpy/compat/_inspect.py=getargspec=96
/home/jiangt/FaaSLight-Re/Original_app/app3-dynamic/numpy/compat/_inspect.py=ismethod=13
/home/jiangt/FaaSLight-Re/Original_app/app3-dynamic/numpy/compat/_inspect.py=isfunction=26
/home/jiangt/FaaSLight-Re/Original_app/app3-dynamic/numpy/compat/_inspect.py=getargs=65
/home/jiangt/FaaSLight-Re/Original_app/app3-dynamic/numpy/compat/_inspect.py=iscode=41
/home/jiangt/FaaSLight-Re/Original_app/app3-dynamic/numpy/compat/_inspect.py=getargspec=96
/home/jiangt/FaaSLight-Re/Original_app/app3-dynamic/numpy/compat/_inspect.py=ismethod=13
/home/jiangt/FaaSLight-Re/Original_app/app3-dynamic/numpy/compat/_inspect.py=isfunction=26
/home/jiangt/FaaSLight-Re/Original_app/app3-dynamic/numpy/compat/_inspect.py=getargs=65
/home/jiangt/FaaSLight-Re/Original_app/app3-dynamic/numpy/compat/_inspect.py=iscode=41
/home/jiangt/FaaSLight-Re/Original_app/app3-dynamic/numpy/core/overrides.py=set_module=110
/home/jiangt/FaaSLight-Re/Original_app/app3-dynamic/numpy/core/overrides.py=set_module=decorator=121
/home/jiangt/FaaSLight-Re/Original_app/app3-dynamic/numpy/core/overrides.py=array_function_dispatch=128
/home/jiangt/FaaSLight-Re/Original_app/app3-dynamic/numpy/core/overrides.py=array_function_dispatch=decorator=170
/home/jiangt/FaaSLight-Re/Original_app/app3-dynamic/numpy/core/overrides.py=verify_matching_signatures=88
/home/jiangt/FaaSLight-Re/Original_app/app3-dynamic/numpy/compat/_inspect.py=getargspec=96
/home/jiangt/FaaSLight-Re/Original_app/app3-dynamic/numpy/compat/_inspect.py=ismethod=13
/home/jiangt/FaaSLight-Re/Original_app/app3-dynamic/numpy/compat/_inspect.py=isfunction=26
/home/jiangt/FaaSLight-Re/Original_app/app3-dynamic/numpy/compat/_inspect.py=getargs=65
/home/jiangt/FaaSLight-Re/Original_app/app3-dynamic/numpy/compat/_inspect.py=iscode=41
/home/jiangt/FaaSLight-Re/Original_app/app3-dynamic/numpy/compat/_inspect.py=getargspec=96
/home/jiangt/FaaSLight-Re/Original_app/app3-dynamic/numpy/compat/_inspect.py=ismethod=13
/home/jiangt/FaaSLight-Re/Original_app/app3-dynamic/numpy/compat/_inspect.py=isfunction=26
/home/jiangt/FaaSLight-Re/Original_app/app3-dynamic/numpy/compat/_inspect.py=getargs=65
/home/jiangt/FaaSLight-Re/Original_app/app3-dynamic/numpy/compat/_inspect.py=iscode=41
/home/jiangt/FaaSLight-Re/Original_app/app3-dynamic/numpy/core/overrides.py=array_function_dispatch=128
/home/jiangt/FaaSLight-Re/Original_app/app3-dynamic/numpy/core/overrides.py=array_function_dispatch=decorator=170
/home/jiangt/FaaSLight-Re/Original_app/app3-dynamic/numpy/core/overrides.py=verify_matching_signatures=88
/home/jiangt/FaaSLight-Re/Original_app/app3-dynamic/numpy/compat/_inspect.py=getargspec=96
/home/jiangt/FaaSLight-Re/Original_app/app3-dynamic/numpy/compat/_inspect.py=ismethod=13
/home/jiangt/FaaSLight-Re/Original_app/app3-dynamic/numpy/compat/_inspect.py=isfunction=26
/home/jiangt/FaaSLight-Re/Original_app/app3-dynamic/numpy/compat/_inspect.py=getargs=65
/home/jiangt/FaaSLight-Re/Original_app/app3-dynamic/numpy/compat/_inspect.py=iscode=41
/home/jiangt/FaaSLight-Re/Original_app/app3-dynamic/numpy/compat/_inspect.py=getargspec=96
/home/jiangt/FaaSLight-Re/Original_app/app3-dynamic/numpy/compat/_inspect.py=ismethod=13
/home/jiangt/FaaSLight-Re/Original_app/app3-dynamic/numpy/compat/_inspect.py=isfunction=26
/home/jiangt/FaaSLight-Re/Original_app/app3-dynamic/numpy/compat/_inspect.py=getargs=65
/home/jiangt/FaaSLight-Re/Original_app/app3-dynamic/numpy/compat/_inspect.py=iscode=41
/home/jiangt/FaaSLight-Re/Original_app/app3-dynamic/numpy/core/overrides.py=array_function_dispatch=128
/home/jiangt/FaaSLight-Re/Original_app/app3-dynamic/numpy/core/overrides.py=array_function_dispatch=decorator=170
/home/jiangt/FaaSLight-Re/Original_app/app3-dynamic/numpy/core/overrides.py=verify_matching_signatures=88
/home/jiangt/FaaSLight-Re/Original_app/app3-dynamic/numpy/compat/_inspect.py=getargspec=96
/home/jiangt/FaaSLight-Re/Original_app/app3-dynamic/numpy/compat/_inspect.py=ismethod=13
/home/jiangt/FaaSLight-Re/Original_app/app3-dynamic/numpy/compat/_inspect.py=isfunction=26
/home/jiangt/FaaSLight-Re/Original_app/app3-dynamic/numpy/compat/_inspect.py=getargs=65
/home/jiangt/FaaSLight-Re/Original_app/app3-dynamic/numpy/compat/_inspect.py=iscode=41
/home/jiangt/FaaSLight-Re/Original_app/app3-dynamic/numpy/compat/_inspect.py=getargspec=96
/home/jiangt/FaaSLight-Re/Original_app/app3-dynamic/numpy/compat/_inspect.py=ismethod=13
/home/jiangt/FaaSLight-Re/Original_app/app3-dynamic/numpy/compat/_inspect.py=isfunction=26
/home/jiangt/FaaSLight-Re/Original_app/app3-dynamic/numpy/compat/_inspect.py=getargs=65
/home/jiangt/FaaSLight-Re/Original_app/app3-dynamic/numpy/compat/_inspect.py=iscode=41
/home/jiangt/FaaSLight-Re/Original_app/app3-dynamic/numpy/core/overrides.py=array_function_dispatch=128
/home/jiangt/FaaSLight-Re/Original_app/app3-dynamic/numpy/core/overrides.py=array_function_dispatch=decorator=170
/home/jiangt/FaaSLight-Re/Original_app/app3-dynamic/numpy/core/overrides.py=verify_matching_signatures=88
/home/jiangt/FaaSLight-Re/Original_app/app3-dynamic/numpy/compat/_inspect.py=getargspec=96
/home/jiangt/FaaSLight-Re/Original_app/app3-dynamic/numpy/compat/_inspect.py=ismethod=13
/home/jiangt/FaaSLight-Re/Original_app/app3-dynamic/numpy/compat/_inspect.py=isfunction=26
/home/jiangt/FaaSLight-Re/Original_app/app3-dynamic/numpy/compat/_inspect.py=getargs=65
/home/jiangt/FaaSLight-Re/Original_app/app3-dynamic/numpy/compat/_inspect.py=iscode=41
/home/jiangt/FaaSLight-Re/Original_app/app3-dynamic/numpy/compat/_inspect.py=getargspec=96
/home/jiangt/FaaSLight-Re/Original_app/app3-dynamic/numpy/compat/_inspect.py=ismethod=13
/home/jiangt/FaaSLight-Re/Original_app/app3-dynamic/numpy/compat/_inspect.py=isfunction=26
/home/jiangt/FaaSLight-Re/Original_app/app3-dynamic/numpy/compat/_inspect.py=getargs=65
/home/jiangt/FaaSLight-Re/Original_app/app3-dynamic/numpy/compat/_inspect.py=iscode=41
/home/jiangt/FaaSLight-Re/Original_app/app3-dynamic/numpy/core/overrides.py=array_function_dispatch=128
/home/jiangt/FaaSLight-Re/Original_app/app3-dynamic/numpy/core/overrides.py=array_function_dispatch=decorator=170
/home/jiangt/FaaSLight-Re/Original_app/app3-dynamic/numpy/core/overrides.py=verify_matching_signatures=88
/home/jiangt/FaaSLight-Re/Original_app/app3-dynamic/numpy/compat/_inspect.py=getargspec=96
/home/jiangt/FaaSLight-Re/Original_app/app3-dynamic/numpy/compat/_inspect.py=ismethod=13
/home/jiangt/FaaSLight-Re/Original_app/app3-dynamic/numpy/compat/_inspect.py=isfunction=26
/home/jiangt/FaaSLight-Re/Original_app/app3-dynamic/numpy/compat/_inspect.py=getargs=65
/home/jiangt/FaaSLight-Re/Original_app/app3-dynamic/numpy/compat/_inspect.py=iscode=41
/home/jiangt/FaaSLight-Re/Original_app/app3-dynamic/numpy/compat/_inspect.py=getargspec=96
/home/jiangt/FaaSLight-Re/Original_app/app3-dynamic/numpy/compat/_inspect.py=ismethod=13
/home/jiangt/FaaSLight-Re/Original_app/app3-dynamic/numpy/compat/_inspect.py=isfunction=26
/home/jiangt/FaaSLight-Re/Original_app/app3-dynamic/numpy/compat/_inspect.py=getargs=65
/home/jiangt/FaaSLight-Re/Original_app/app3-dynamic/numpy/compat/_inspect.py=iscode=41
/home/jiangt/FaaSLight-Re/Original_app/app3-dynamic/numpy/core/overrides.py=array_function_dispatch=128
/home/jiangt/FaaSLight-Re/Original_app/app3-dynamic/numpy/core/overrides.py=array_function_dispatch=decorator=170
/home/jiangt/FaaSLight-Re/Original_app/app3-dynamic/numpy/core/overrides.py=verify_matching_signatures=88
/home/jiangt/FaaSLight-Re/Original_app/app3-dynamic/numpy/compat/_inspect.py=getargspec=96
/home/jiangt/FaaSLight-Re/Original_app/app3-dynamic/numpy/compat/_inspect.py=ismethod=13
/home/jiangt/FaaSLight-Re/Original_app/app3-dynamic/numpy/compat/_inspect.py=isfunction=26
/home/jiangt/FaaSLight-Re/Original_app/app3-dynamic/numpy/compat/_inspect.py=getargs=65
/home/jiangt/FaaSLight-Re/Original_app/app3-dynamic/numpy/compat/_inspect.py=iscode=41
/home/jiangt/FaaSLight-Re/Original_app/app3-dynamic/numpy/compat/_inspect.py=getargspec=96
/home/jiangt/FaaSLight-Re/Original_app/app3-dynamic/numpy/compat/_inspect.py=ismethod=13
/home/jiangt/FaaSLight-Re/Original_app/app3-dynamic/numpy/compat/_inspect.py=isfunction=26
/home/jiangt/FaaSLight-Re/Original_app/app3-dynamic/numpy/compat/_inspect.py=getargs=65
/home/jiangt/FaaSLight-Re/Original_app/app3-dynamic/numpy/compat/_inspect.py=iscode=41
/home/jiangt/FaaSLight-Re/Original_app/app3-dynamic/numpy/core/overrides.py=array_function_dispatch=128
/home/jiangt/FaaSLight-Re/Original_app/app3-dynamic/numpy/core/overrides.py=array_function_dispatch=decorator=170
/home/jiangt/FaaSLight-Re/Original_app/app3-dynamic/numpy/core/overrides.py=verify_matching_signatures=88
/home/jiangt/FaaSLight-Re/Original_app/app3-dynamic/numpy/compat/_inspect.py=getargspec=96
/home/jiangt/FaaSLight-Re/Original_app/app3-dynamic/numpy/compat/_inspect.py=ismethod=13
/home/jiangt/FaaSLight-Re/Original_app/app3-dynamic/numpy/compat/_inspect.py=isfunction=26
/home/jiangt/FaaSLight-Re/Original_app/app3-dynamic/numpy/compat/_inspect.py=getargs=65
/home/jiangt/FaaSLight-Re/Original_app/app3-dynamic/numpy/compat/_inspect.py=iscode=41
/home/jiangt/FaaSLight-Re/Original_app/app3-dynamic/numpy/compat/_inspect.py=getargspec=96
/home/jiangt/FaaSLight-Re/Original_app/app3-dynamic/numpy/compat/_inspect.py=ismethod=13
/home/jiangt/FaaSLight-Re/Original_app/app3-dynamic/numpy/compat/_inspect.py=isfunction=26
/home/jiangt/FaaSLight-Re/Original_app/app3-dynamic/numpy/compat/_inspect.py=getargs=65
/home/jiangt/FaaSLight-Re/Original_app/app3-dynamic/numpy/compat/_inspect.py=iscode=41
/home/jiangt/FaaSLight-Re/Original_app/app3-dynamic/numpy/core/overrides.py=array_function_dispatch=128
/home/jiangt/FaaSLight-Re/Original_app/app3-dynamic/numpy/core/overrides.py=array_function_dispatch=decorator=170
/home/jiangt/FaaSLight-Re/Original_app/app3-dynamic/numpy/core/overrides.py=verify_matching_signatures=88
/home/jiangt/FaaSLight-Re/Original_app/app3-dynamic/numpy/compat/_inspect.py=getargspec=96
/home/jiangt/FaaSLight-Re/Original_app/app3-dynamic/numpy/compat/_inspect.py=ismethod=13
/home/jiangt/FaaSLight-Re/Original_app/app3-dynamic/numpy/compat/_inspect.py=isfunction=26
/home/jiangt/FaaSLight-Re/Original_app/app3-dynamic/numpy/compat/_inspect.py=getargs=65
/home/jiangt/FaaSLight-Re/Original_app/app3-dynamic/numpy/compat/_inspect.py=iscode=41
/home/jiangt/FaaSLight-Re/Original_app/app3-dynamic/numpy/compat/_inspect.py=getargspec=96
/home/jiangt/FaaSLight-Re/Original_app/app3-dynamic/numpy/compat/_inspect.py=ismethod=13
/home/jiangt/FaaSLight-Re/Original_app/app3-dynamic/numpy/compat/_inspect.py=isfunction=26
/home/jiangt/FaaSLight-Re/Original_app/app3-dynamic/numpy/compat/_inspect.py=getargs=65
/home/jiangt/FaaSLight-Re/Original_app/app3-dynamic/numpy/compat/_inspect.py=iscode=41
/home/jiangt/FaaSLight-Re/Original_app/app3-dynamic/numpy/core/overrides.py=array_function_dispatch=128
/home/jiangt/FaaSLight-Re/Original_app/app3-dynamic/numpy/core/overrides.py=array_function_dispatch=decorator=170
/home/jiangt/FaaSLight-Re/Original_app/app3-dynamic/numpy/core/overrides.py=verify_matching_signatures=88
/home/jiangt/FaaSLight-Re/Original_app/app3-dynamic/numpy/compat/_inspect.py=getargspec=96
/home/jiangt/FaaSLight-Re/Original_app/app3-dynamic/numpy/compat/_inspect.py=ismethod=13
/home/jiangt/FaaSLight-Re/Original_app/app3-dynamic/numpy/compat/_inspect.py=isfunction=26
/home/jiangt/FaaSLight-Re/Original_app/app3-dynamic/numpy/compat/_inspect.py=getargs=65
/home/jiangt/FaaSLight-Re/Original_app/app3-dynamic/numpy/compat/_inspect.py=iscode=41
/home/jiangt/FaaSLight-Re/Original_app/app3-dynamic/numpy/compat/_inspect.py=getargspec=96
/home/jiangt/FaaSLight-Re/Original_app/app3-dynamic/numpy/compat/_inspect.py=ismethod=13
/home/jiangt/FaaSLight-Re/Original_app/app3-dynamic/numpy/compat/_inspect.py=isfunction=26
/home/jiangt/FaaSLight-Re/Original_app/app3-dynamic/numpy/compat/_inspect.py=getargs=65
/home/jiangt/FaaSLight-Re/Original_app/app3-dynamic/numpy/compat/_inspect.py=iscode=41
/home/jiangt/FaaSLight-Re/Original_app/app3-dynamic/numpy/core/overrides.py=array_function_dispatch=128
/home/jiangt/FaaSLight-Re/Original_app/app3-dynamic/numpy/core/overrides.py=array_function_dispatch=decorator=170
/home/jiangt/FaaSLight-Re/Original_app/app3-dynamic/numpy/core/overrides.py=verify_matching_signatures=88
/home/jiangt/FaaSLight-Re/Original_app/app3-dynamic/numpy/compat/_inspect.py=getargspec=96
/home/jiangt/FaaSLight-Re/Original_app/app3-dynamic/numpy/compat/_inspect.py=ismethod=13
/home/jiangt/FaaSLight-Re/Original_app/app3-dynamic/numpy/compat/_inspect.py=isfunction=26
/home/jiangt/FaaSLight-Re/Original_app/app3-dynamic/numpy/compat/_inspect.py=getargs=65
/home/jiangt/FaaSLight-Re/Original_app/app3-dynamic/numpy/compat/_inspect.py=iscode=41
/home/jiangt/FaaSLight-Re/Original_app/app3-dynamic/numpy/compat/_inspect.py=getargspec=96
/home/jiangt/FaaSLight-Re/Original_app/app3-dynamic/numpy/compat/_inspect.py=ismethod=13
/home/jiangt/FaaSLight-Re/Original_app/app3-dynamic/numpy/compat/_inspect.py=isfunction=26
/home/jiangt/FaaSLight-Re/Original_app/app3-dynamic/numpy/compat/_inspect.py=getargs=65
/home/jiangt/FaaSLight-Re/Original_app/app3-dynamic/numpy/compat/_inspect.py=iscode=41
/home/jiangt/FaaSLight-Re/Original_app/app3-dynamic/numpy/core/overrides.py=set_module=110
/home/jiangt/FaaSLight-Re/Original_app/app3-dynamic/numpy/core/overrides.py=set_module=decorator=121
/home/jiangt/FaaSLight-Re/Original_app/app3-dynamic/numpy/core/overrides.py=set_module=110
/home/jiangt/FaaSLight-Re/Original_app/app3-dynamic/numpy/core/overrides.py=set_module=decorator=121
/home/jiangt/FaaSLight-Re/Original_app/app3-dynamic/numpy/core/overrides.py=set_module=110
/home/jiangt/FaaSLight-Re/Original_app/app3-dynamic/numpy/core/overrides.py=set_module=decorator=121
/home/jiangt/FaaSLight-Re/Original_app/app3-dynamic/numpy/core/overrides.py=set_module=110
/home/jiangt/FaaSLight-Re/Original_app/app3-dynamic/numpy/core/overrides.py=set_module=decorator=121
/home/jiangt/FaaSLight-Re/Original_app/app3-dynamic/numpy/core/overrides.py=array_function_dispatch=128
/home/jiangt/FaaSLight-Re/Original_app/app3-dynamic/numpy/core/overrides.py=array_function_dispatch=decorator=170
/home/jiangt/FaaSLight-Re/Original_app/app3-dynamic/numpy/core/overrides.py=verify_matching_signatures=88
/home/jiangt/FaaSLight-Re/Original_app/app3-dynamic/numpy/compat/_inspect.py=getargspec=96
/home/jiangt/FaaSLight-Re/Original_app/app3-dynamic/numpy/compat/_inspect.py=ismethod=13
/home/jiangt/FaaSLight-Re/Original_app/app3-dynamic/numpy/compat/_inspect.py=isfunction=26
/home/jiangt/FaaSLight-Re/Original_app/app3-dynamic/numpy/compat/_inspect.py=getargs=65
/home/jiangt/FaaSLight-Re/Original_app/app3-dynamic/numpy/compat/_inspect.py=iscode=41
/home/jiangt/FaaSLight-Re/Original_app/app3-dynamic/numpy/compat/_inspect.py=getargspec=96
/home/jiangt/FaaSLight-Re/Original_app/app3-dynamic/numpy/compat/_inspect.py=ismethod=13
/home/jiangt/FaaSLight-Re/Original_app/app3-dynamic/numpy/compat/_inspect.py=isfunction=26
/home/jiangt/FaaSLight-Re/Original_app/app3-dynamic/numpy/compat/_inspect.py=getargs=65
/home/jiangt/FaaSLight-Re/Original_app/app3-dynamic/numpy/compat/_inspect.py=iscode=41
/home/jiangt/FaaSLight-Re/Original_app/app3-dynamic/numpy/core/overrides.py=array_function_dispatch=128
/home/jiangt/FaaSLight-Re/Original_app/app3-dynamic/numpy/core/overrides.py=array_function_dispatch=decorator=170
/home/jiangt/FaaSLight-Re/Original_app/app3-dynamic/numpy/core/overrides.py=verify_matching_signatures=88
/home/jiangt/FaaSLight-Re/Original_app/app3-dynamic/numpy/compat/_inspect.py=getargspec=96
/home/jiangt/FaaSLight-Re/Original_app/app3-dynamic/numpy/compat/_inspect.py=ismethod=13
/home/jiangt/FaaSLight-Re/Original_app/app3-dynamic/numpy/compat/_inspect.py=isfunction=26
/home/jiangt/FaaSLight-Re/Original_app/app3-dynamic/numpy/compat/_inspect.py=getargs=65
/home/jiangt/FaaSLight-Re/Original_app/app3-dynamic/numpy/compat/_inspect.py=iscode=41
/home/jiangt/FaaSLight-Re/Original_app/app3-dynamic/numpy/compat/_inspect.py=getargspec=96
/home/jiangt/FaaSLight-Re/Original_app/app3-dynamic/numpy/compat/_inspect.py=ismethod=13
/home/jiangt/FaaSLight-Re/Original_app/app3-dynamic/numpy/compat/_inspect.py=isfunction=26
/home/jiangt/FaaSLight-Re/Original_app/app3-dynamic/numpy/compat/_inspect.py=getargs=65
/home/jiangt/FaaSLight-Re/Original_app/app3-dynamic/numpy/compat/_inspect.py=iscode=41
/home/jiangt/FaaSLight-Re/Original_app/app3-dynamic/numpy/core/overrides.py=array_function_dispatch=128
/home/jiangt/FaaSLight-Re/Original_app/app3-dynamic/numpy/core/overrides.py=array_function_dispatch=decorator=170
/home/jiangt/FaaSLight-Re/Original_app/app3-dynamic/numpy/core/overrides.py=verify_matching_signatures=88
/home/jiangt/FaaSLight-Re/Original_app/app3-dynamic/numpy/compat/_inspect.py=getargspec=96
/home/jiangt/FaaSLight-Re/Original_app/app3-dynamic/numpy/compat/_inspect.py=ismethod=13
/home/jiangt/FaaSLight-Re/Original_app/app3-dynamic/numpy/compat/_inspect.py=isfunction=26
/home/jiangt/FaaSLight-Re/Original_app/app3-dynamic/numpy/compat/_inspect.py=getargs=65
/home/jiangt/FaaSLight-Re/Original_app/app3-dynamic/numpy/compat/_inspect.py=iscode=41
/home/jiangt/FaaSLight-Re/Original_app/app3-dynamic/numpy/compat/_inspect.py=getargspec=96
/home/jiangt/FaaSLight-Re/Original_app/app3-dynamic/numpy/compat/_inspect.py=ismethod=13
/home/jiangt/FaaSLight-Re/Original_app/app3-dynamic/numpy/compat/_inspect.py=isfunction=26
/home/jiangt/FaaSLight-Re/Original_app/app3-dynamic/numpy/compat/_inspect.py=getargs=65
/home/jiangt/FaaSLight-Re/Original_app/app3-dynamic/numpy/compat/_inspect.py=iscode=41
/home/jiangt/FaaSLight-Re/Original_app/app3-dynamic/numpy/core/overrides.py=array_function_dispatch=128
/home/jiangt/FaaSLight-Re/Original_app/app3-dynamic/numpy/core/overrides.py=array_function_dispatch=decorator=170
/home/jiangt/FaaSLight-Re/Original_app/app3-dynamic/numpy/core/overrides.py=verify_matching_signatures=88
/home/jiangt/FaaSLight-Re/Original_app/app3-dynamic/numpy/compat/_inspect.py=getargspec=96
/home/jiangt/FaaSLight-Re/Original_app/app3-dynamic/numpy/compat/_inspect.py=ismethod=13
/home/jiangt/FaaSLight-Re/Original_app/app3-dynamic/numpy/compat/_inspect.py=isfunction=26
/home/jiangt/FaaSLight-Re/Original_app/app3-dynamic/numpy/compat/_inspect.py=getargs=65
/home/jiangt/FaaSLight-Re/Original_app/app3-dynamic/numpy/compat/_inspect.py=iscode=41
/home/jiangt/FaaSLight-Re/Original_app/app3-dynamic/numpy/compat/_inspect.py=getargspec=96
/home/jiangt/FaaSLight-Re/Original_app/app3-dynamic/numpy/compat/_inspect.py=ismethod=13
/home/jiangt/FaaSLight-Re/Original_app/app3-dynamic/numpy/compat/_inspect.py=isfunction=26
/home/jiangt/FaaSLight-Re/Original_app/app3-dynamic/numpy/compat/_inspect.py=getargs=65
/home/jiangt/FaaSLight-Re/Original_app/app3-dynamic/numpy/compat/_inspect.py=iscode=41
/home/jiangt/FaaSLight-Re/Original_app/app3-dynamic/numpy/core/overrides.py=array_function_dispatch=128
/home/jiangt/FaaSLight-Re/Original_app/app3-dynamic/numpy/core/overrides.py=array_function_dispatch=decorator=170
/home/jiangt/FaaSLight-Re/Original_app/app3-dynamic/numpy/core/overrides.py=verify_matching_signatures=88
/home/jiangt/FaaSLight-Re/Original_app/app3-dynamic/numpy/compat/_inspect.py=getargspec=96
/home/jiangt/FaaSLight-Re/Original_app/app3-dynamic/numpy/compat/_inspect.py=ismethod=13
/home/jiangt/FaaSLight-Re/Original_app/app3-dynamic/numpy/compat/_inspect.py=isfunction=26
/home/jiangt/FaaSLight-Re/Original_app/app3-dynamic/numpy/compat/_inspect.py=getargs=65
/home/jiangt/FaaSLight-Re/Original_app/app3-dynamic/numpy/compat/_inspect.py=iscode=41
/home/jiangt/FaaSLight-Re/Original_app/app3-dynamic/numpy/compat/_inspect.py=getargspec=96
/home/jiangt/FaaSLight-Re/Original_app/app3-dynamic/numpy/compat/_inspect.py=ismethod=13
/home/jiangt/FaaSLight-Re/Original_app/app3-dynamic/numpy/compat/_inspect.py=isfunction=26
/home/jiangt/FaaSLight-Re/Original_app/app3-dynamic/numpy/compat/_inspect.py=getargs=65
/home/jiangt/FaaSLight-Re/Original_app/app3-dynamic/numpy/compat/_inspect.py=iscode=41
/home/jiangt/FaaSLight-Re/Original_app/app3-dynamic/numpy/core/overrides.py=array_function_dispatch=128
/home/jiangt/FaaSLight-Re/Original_app/app3-dynamic/numpy/core/overrides.py=array_function_dispatch=decorator=170
/home/jiangt/FaaSLight-Re/Original_app/app3-dynamic/numpy/core/overrides.py=verify_matching_signatures=88
/home/jiangt/FaaSLight-Re/Original_app/app3-dynamic/numpy/compat/_inspect.py=getargspec=96
/home/jiangt/FaaSLight-Re/Original_app/app3-dynamic/numpy/compat/_inspect.py=ismethod=13
/home/jiangt/FaaSLight-Re/Original_app/app3-dynamic/numpy/compat/_inspect.py=isfunction=26
/home/jiangt/FaaSLight-Re/Original_app/app3-dynamic/numpy/compat/_inspect.py=getargs=65
/home/jiangt/FaaSLight-Re/Original_app/app3-dynamic/numpy/compat/_inspect.py=iscode=41
/home/jiangt/FaaSLight-Re/Original_app/app3-dynamic/numpy/compat/_inspect.py=getargspec=96
/home/jiangt/FaaSLight-Re/Original_app/app3-dynamic/numpy/compat/_inspect.py=ismethod=13
/home/jiangt/FaaSLight-Re/Original_app/app3-dynamic/numpy/compat/_inspect.py=isfunction=26
/home/jiangt/FaaSLight-Re/Original_app/app3-dynamic/numpy/compat/_inspect.py=getargs=65
/home/jiangt/FaaSLight-Re/Original_app/app3-dynamic/numpy/compat/_inspect.py=iscode=41
/home/jiangt/FaaSLight-Re/Original_app/app3-dynamic/numpy/core/overrides.py=array_function_dispatch=128
/home/jiangt/FaaSLight-Re/Original_app/app3-dynamic/numpy/core/overrides.py=array_function_dispatch=decorator=170
/home/jiangt/FaaSLight-Re/Original_app/app3-dynamic/numpy/core/overrides.py=verify_matching_signatures=88
/home/jiangt/FaaSLight-Re/Original_app/app3-dynamic/numpy/compat/_inspect.py=getargspec=96
/home/jiangt/FaaSLight-Re/Original_app/app3-dynamic/numpy/compat/_inspect.py=ismethod=13
/home/jiangt/FaaSLight-Re/Original_app/app3-dynamic/numpy/compat/_inspect.py=isfunction=26
/home/jiangt/FaaSLight-Re/Original_app/app3-dynamic/numpy/compat/_inspect.py=getargs=65
/home/jiangt/FaaSLight-Re/Original_app/app3-dynamic/numpy/compat/_inspect.py=iscode=41
/home/jiangt/FaaSLight-Re/Original_app/app3-dynamic/numpy/compat/_inspect.py=getargspec=96
/home/jiangt/FaaSLight-Re/Original_app/app3-dynamic/numpy/compat/_inspect.py=ismethod=13
/home/jiangt/FaaSLight-Re/Original_app/app3-dynamic/numpy/compat/_inspect.py=isfunction=26
/home/jiangt/FaaSLight-Re/Original_app/app3-dynamic/numpy/compat/_inspect.py=getargs=65
/home/jiangt/FaaSLight-Re/Original_app/app3-dynamic/numpy/compat/_inspect.py=iscode=41
/home/jiangt/FaaSLight-Re/Original_app/app3-dynamic/numpy/core/overrides.py=array_function_dispatch=128
/home/jiangt/FaaSLight-Re/Original_app/app3-dynamic/numpy/core/overrides.py=array_function_dispatch=decorator=170
/home/jiangt/FaaSLight-Re/Original_app/app3-dynamic/numpy/core/overrides.py=verify_matching_signatures=88
/home/jiangt/FaaSLight-Re/Original_app/app3-dynamic/numpy/compat/_inspect.py=getargspec=96
/home/jiangt/FaaSLight-Re/Original_app/app3-dynamic/numpy/compat/_inspect.py=ismethod=13
/home/jiangt/FaaSLight-Re/Original_app/app3-dynamic/numpy/compat/_inspect.py=isfunction=26
/home/jiangt/FaaSLight-Re/Original_app/app3-dynamic/numpy/compat/_inspect.py=getargs=65
/home/jiangt/FaaSLight-Re/Original_app/app3-dynamic/numpy/compat/_inspect.py=iscode=41
/home/jiangt/FaaSLight-Re/Original_app/app3-dynamic/numpy/compat/_inspect.py=getargspec=96
/home/jiangt/FaaSLight-Re/Original_app/app3-dynamic/numpy/compat/_inspect.py=ismethod=13
/home/jiangt/FaaSLight-Re/Original_app/app3-dynamic/numpy/compat/_inspect.py=isfunction=26
/home/jiangt/FaaSLight-Re/Original_app/app3-dynamic/numpy/compat/_inspect.py=getargs=65
/home/jiangt/FaaSLight-Re/Original_app/app3-dynamic/numpy/compat/_inspect.py=iscode=41
/home/jiangt/FaaSLight-Re/Original_app/app3-dynamic/numpy/lib/_datasource.py=_FileOpeners=__init__=99
/home/jiangt/FaaSLight-Re/Original_app/app3-dynamic/numpy/core/overrides.py=set_module=110
/home/jiangt/FaaSLight-Re/Original_app/app3-dynamic/numpy/core/overrides.py=set_module=decorator=121
/home/jiangt/FaaSLight-Re/Original_app/app3-dynamic/numpy/core/overrides.py=set_module=110
/home/jiangt/FaaSLight-Re/Original_app/app3-dynamic/numpy/core/overrides.py=set_module=decorator=121
/home/jiangt/FaaSLight-Re/Original_app/app3-dynamic/numpy/core/overrides.py=array_function_dispatch=128
/home/jiangt/FaaSLight-Re/Original_app/app3-dynamic/numpy/core/overrides.py=array_function_dispatch=decorator=170
/home/jiangt/FaaSLight-Re/Original_app/app3-dynamic/numpy/core/overrides.py=verify_matching_signatures=88
/home/jiangt/FaaSLight-Re/Original_app/app3-dynamic/numpy/compat/_inspect.py=getargspec=96
/home/jiangt/FaaSLight-Re/Original_app/app3-dynamic/numpy/compat/_inspect.py=ismethod=13
/home/jiangt/FaaSLight-Re/Original_app/app3-dynamic/numpy/compat/_inspect.py=isfunction=26
/home/jiangt/FaaSLight-Re/Original_app/app3-dynamic/numpy/compat/_inspect.py=getargs=65
/home/jiangt/FaaSLight-Re/Original_app/app3-dynamic/numpy/compat/_inspect.py=iscode=41
/home/jiangt/FaaSLight-Re/Original_app/app3-dynamic/numpy/compat/_inspect.py=getargspec=96
/home/jiangt/FaaSLight-Re/Original_app/app3-dynamic/numpy/compat/_inspect.py=ismethod=13
/home/jiangt/FaaSLight-Re/Original_app/app3-dynamic/numpy/compat/_inspect.py=isfunction=26
/home/jiangt/FaaSLight-Re/Original_app/app3-dynamic/numpy/compat/_inspect.py=getargs=65
/home/jiangt/FaaSLight-Re/Original_app/app3-dynamic/numpy/compat/_inspect.py=iscode=41
/home/jiangt/FaaSLight-Re/Original_app/app3-dynamic/numpy/core/overrides.py=array_function_dispatch=128
/home/jiangt/FaaSLight-Re/Original_app/app3-dynamic/numpy/core/overrides.py=array_function_dispatch=decorator=170
/home/jiangt/FaaSLight-Re/Original_app/app3-dynamic/numpy/core/overrides.py=verify_matching_signatures=88
/home/jiangt/FaaSLight-Re/Original_app/app3-dynamic/numpy/compat/_inspect.py=getargspec=96
/home/jiangt/FaaSLight-Re/Original_app/app3-dynamic/numpy/compat/_inspect.py=ismethod=13
/home/jiangt/FaaSLight-Re/Original_app/app3-dynamic/numpy/compat/_inspect.py=isfunction=26
/home/jiangt/FaaSLight-Re/Original_app/app3-dynamic/numpy/compat/_inspect.py=getargs=65
/home/jiangt/FaaSLight-Re/Original_app/app3-dynamic/numpy/compat/_inspect.py=iscode=41
/home/jiangt/FaaSLight-Re/Original_app/app3-dynamic/numpy/compat/_inspect.py=getargspec=96
/home/jiangt/FaaSLight-Re/Original_app/app3-dynamic/numpy/compat/_inspect.py=ismethod=13
/home/jiangt/FaaSLight-Re/Original_app/app3-dynamic/numpy/compat/_inspect.py=isfunction=26
/home/jiangt/FaaSLight-Re/Original_app/app3-dynamic/numpy/compat/_inspect.py=getargs=65
/home/jiangt/FaaSLight-Re/Original_app/app3-dynamic/numpy/compat/_inspect.py=iscode=41
/home/jiangt/FaaSLight-Re/Original_app/app3-dynamic/numpy/core/overrides.py=array_function_dispatch=128
/home/jiangt/FaaSLight-Re/Original_app/app3-dynamic/numpy/core/overrides.py=array_function_dispatch=decorator=170
/home/jiangt/FaaSLight-Re/Original_app/app3-dynamic/numpy/core/overrides.py=verify_matching_signatures=88
/home/jiangt/FaaSLight-Re/Original_app/app3-dynamic/numpy/compat/_inspect.py=getargspec=96
/home/jiangt/FaaSLight-Re/Original_app/app3-dynamic/numpy/compat/_inspect.py=ismethod=13
/home/jiangt/FaaSLight-Re/Original_app/app3-dynamic/numpy/compat/_inspect.py=isfunction=26
/home/jiangt/FaaSLight-Re/Original_app/app3-dynamic/numpy/compat/_inspect.py=getargs=65
/home/jiangt/FaaSLight-Re/Original_app/app3-dynamic/numpy/compat/_inspect.py=iscode=41
/home/jiangt/FaaSLight-Re/Original_app/app3-dynamic/numpy/compat/_inspect.py=getargspec=96
/home/jiangt/FaaSLight-Re/Original_app/app3-dynamic/numpy/compat/_inspect.py=ismethod=13
/home/jiangt/FaaSLight-Re/Original_app/app3-dynamic/numpy/compat/_inspect.py=isfunction=26
/home/jiangt/FaaSLight-Re/Original_app/app3-dynamic/numpy/compat/_inspect.py=getargs=65
/home/jiangt/FaaSLight-Re/Original_app/app3-dynamic/numpy/compat/_inspect.py=iscode=41
/home/jiangt/FaaSLight-Re/Original_app/app3-dynamic/numpy/core/overrides.py=set_module=110
/home/jiangt/FaaSLight-Re/Original_app/app3-dynamic/numpy/core/overrides.py=set_module=decorator=121
/home/jiangt/FaaSLight-Re/Original_app/app3-dynamic/numpy/core/overrides.py=set_array_function_like_doc=23
/home/jiangt/FaaSLight-Re/Original_app/app3-dynamic/numpy/core/overrides.py=array_function_dispatch=128
/home/jiangt/FaaSLight-Re/Original_app/app3-dynamic/numpy/core/overrides.py=array_function_dispatch=decorator=170
/home/jiangt/FaaSLight-Re/Original_app/app3-dynamic/numpy/core/overrides.py=verify_matching_signatures=88
/home/jiangt/FaaSLight-Re/Original_app/app3-dynamic/numpy/compat/_inspect.py=getargspec=96
/home/jiangt/FaaSLight-Re/Original_app/app3-dynamic/numpy/compat/_inspect.py=ismethod=13
/home/jiangt/FaaSLight-Re/Original_app/app3-dynamic/numpy/compat/_inspect.py=isfunction=26
/home/jiangt/FaaSLight-Re/Original_app/app3-dynamic/numpy/compat/_inspect.py=getargs=65
/home/jiangt/FaaSLight-Re/Original_app/app3-dynamic/numpy/compat/_inspect.py=iscode=41
/home/jiangt/FaaSLight-Re/Original_app/app3-dynamic/numpy/compat/_inspect.py=getargspec=96
/home/jiangt/FaaSLight-Re/Original_app/app3-dynamic/numpy/compat/_inspect.py=ismethod=13
/home/jiangt/FaaSLight-Re/Original_app/app3-dynamic/numpy/compat/_inspect.py=isfunction=26
/home/jiangt/FaaSLight-Re/Original_app/app3-dynamic/numpy/compat/_inspect.py=getargs=65
/home/jiangt/FaaSLight-Re/Original_app/app3-dynamic/numpy/compat/_inspect.py=iscode=41
/home/jiangt/FaaSLight-Re/Original_app/app3-dynamic/numpy/core/overrides.py=array_function_dispatch=128
/home/jiangt/FaaSLight-Re/Original_app/app3-dynamic/numpy/core/overrides.py=array_function_dispatch=decorator=170
/home/jiangt/FaaSLight-Re/Original_app/app3-dynamic/numpy/core/overrides.py=verify_matching_signatures=88
/home/jiangt/FaaSLight-Re/Original_app/app3-dynamic/numpy/compat/_inspect.py=getargspec=96
/home/jiangt/FaaSLight-Re/Original_app/app3-dynamic/numpy/compat/_inspect.py=ismethod=13
/home/jiangt/FaaSLight-Re/Original_app/app3-dynamic/numpy/compat/_inspect.py=isfunction=26
/home/jiangt/FaaSLight-Re/Original_app/app3-dynamic/numpy/compat/_inspect.py=getargs=65
/home/jiangt/FaaSLight-Re/Original_app/app3-dynamic/numpy/compat/_inspect.py=iscode=41
/home/jiangt/FaaSLight-Re/Original_app/app3-dynamic/numpy/compat/_inspect.py=getargspec=96
/home/jiangt/FaaSLight-Re/Original_app/app3-dynamic/numpy/compat/_inspect.py=ismethod=13
/home/jiangt/FaaSLight-Re/Original_app/app3-dynamic/numpy/compat/_inspect.py=isfunction=26
/home/jiangt/FaaSLight-Re/Original_app/app3-dynamic/numpy/compat/_inspect.py=getargs=65
/home/jiangt/FaaSLight-Re/Original_app/app3-dynamic/numpy/compat/_inspect.py=iscode=41
/home/jiangt/FaaSLight-Re/Original_app/app3-dynamic/numpy/core/overrides.py=set_module=110
/home/jiangt/FaaSLight-Re/Original_app/app3-dynamic/numpy/core/overrides.py=set_module=decorator=121
/home/jiangt/FaaSLight-Re/Original_app/app3-dynamic/numpy/core/overrides.py=set_module=110
/home/jiangt/FaaSLight-Re/Original_app/app3-dynamic/numpy/core/overrides.py=set_module=decorator=121
/home/jiangt/FaaSLight-Re/Original_app/app3-dynamic/numpy/core/overrides.py=set_array_function_like_doc=23
/home/jiangt/FaaSLight-Re/Original_app/app3-dynamic/numpy/core/overrides.py=array_function_dispatch=128
/home/jiangt/FaaSLight-Re/Original_app/app3-dynamic/numpy/core/overrides.py=array_function_dispatch=decorator=170
/home/jiangt/FaaSLight-Re/Original_app/app3-dynamic/numpy/core/overrides.py=verify_matching_signatures=88
/home/jiangt/FaaSLight-Re/Original_app/app3-dynamic/numpy/compat/_inspect.py=getargspec=96
/home/jiangt/FaaSLight-Re/Original_app/app3-dynamic/numpy/compat/_inspect.py=ismethod=13
/home/jiangt/FaaSLight-Re/Original_app/app3-dynamic/numpy/compat/_inspect.py=isfunction=26
/home/jiangt/FaaSLight-Re/Original_app/app3-dynamic/numpy/compat/_inspect.py=getargs=65
/home/jiangt/FaaSLight-Re/Original_app/app3-dynamic/numpy/compat/_inspect.py=iscode=41
/home/jiangt/FaaSLight-Re/Original_app/app3-dynamic/numpy/compat/_inspect.py=getargspec=96
/home/jiangt/FaaSLight-Re/Original_app/app3-dynamic/numpy/compat/_inspect.py=ismethod=13
/home/jiangt/FaaSLight-Re/Original_app/app3-dynamic/numpy/compat/_inspect.py=isfunction=26
/home/jiangt/FaaSLight-Re/Original_app/app3-dynamic/numpy/compat/_inspect.py=getargs=65
/home/jiangt/FaaSLight-Re/Original_app/app3-dynamic/numpy/compat/_inspect.py=iscode=41
/home/jiangt/FaaSLight-Re/Original_app/app3-dynamic/numpy/core/overrides.py=array_function_dispatch=128
/home/jiangt/FaaSLight-Re/Original_app/app3-dynamic/numpy/core/overrides.py=array_function_dispatch=decorator=170
/home/jiangt/FaaSLight-Re/Original_app/app3-dynamic/numpy/core/overrides.py=verify_matching_signatures=88
/home/jiangt/FaaSLight-Re/Original_app/app3-dynamic/numpy/compat/_inspect.py=getargspec=96
/home/jiangt/FaaSLight-Re/Original_app/app3-dynamic/numpy/compat/_inspect.py=ismethod=13
/home/jiangt/FaaSLight-Re/Original_app/app3-dynamic/numpy/compat/_inspect.py=isfunction=26
/home/jiangt/FaaSLight-Re/Original_app/app3-dynamic/numpy/compat/_inspect.py=getargs=65
/home/jiangt/FaaSLight-Re/Original_app/app3-dynamic/numpy/compat/_inspect.py=iscode=41
/home/jiangt/FaaSLight-Re/Original_app/app3-dynamic/numpy/compat/_inspect.py=getargspec=96
/home/jiangt/FaaSLight-Re/Original_app/app3-dynamic/numpy/compat/_inspect.py=ismethod=13
/home/jiangt/FaaSLight-Re/Original_app/app3-dynamic/numpy/compat/_inspect.py=isfunction=26
/home/jiangt/FaaSLight-Re/Original_app/app3-dynamic/numpy/compat/_inspect.py=getargs=65
/home/jiangt/FaaSLight-Re/Original_app/app3-dynamic/numpy/compat/_inspect.py=iscode=41
/home/jiangt/FaaSLight-Re/Original_app/app3-dynamic/numpy/_pytesttester.py=PytestTester=__init__=76
/home/jiangt/FaaSLight-Re/Original_app/app3-dynamic/numpy/core/overrides.py=array_function_dispatch=128
/home/jiangt/FaaSLight-Re/Original_app/app3-dynamic/numpy/core/overrides.py=array_function_dispatch=decorator=170
/home/jiangt/FaaSLight-Re/Original_app/app3-dynamic/numpy/core/overrides.py=verify_matching_signatures=88
/home/jiangt/FaaSLight-Re/Original_app/app3-dynamic/numpy/compat/_inspect.py=getargspec=96
/home/jiangt/FaaSLight-Re/Original_app/app3-dynamic/numpy/compat/_inspect.py=ismethod=13
/home/jiangt/FaaSLight-Re/Original_app/app3-dynamic/numpy/compat/_inspect.py=isfunction=26
/home/jiangt/FaaSLight-Re/Original_app/app3-dynamic/numpy/compat/_inspect.py=getargs=65
/home/jiangt/FaaSLight-Re/Original_app/app3-dynamic/numpy/compat/_inspect.py=iscode=41
/home/jiangt/FaaSLight-Re/Original_app/app3-dynamic/numpy/compat/_inspect.py=getargspec=96
/home/jiangt/FaaSLight-Re/Original_app/app3-dynamic/numpy/compat/_inspect.py=ismethod=13
/home/jiangt/FaaSLight-Re/Original_app/app3-dynamic/numpy/compat/_inspect.py=isfunction=26
/home/jiangt/FaaSLight-Re/Original_app/app3-dynamic/numpy/compat/_inspect.py=getargs=65
/home/jiangt/FaaSLight-Re/Original_app/app3-dynamic/numpy/compat/_inspect.py=iscode=41
/home/jiangt/FaaSLight-Re/Original_app/app3-dynamic/numpy/core/overrides.py=array_function_dispatch=128
/home/jiangt/FaaSLight-Re/Original_app/app3-dynamic/numpy/core/overrides.py=array_function_dispatch=decorator=170
/home/jiangt/FaaSLight-Re/Original_app/app3-dynamic/numpy/core/overrides.py=verify_matching_signatures=88
/home/jiangt/FaaSLight-Re/Original_app/app3-dynamic/numpy/compat/_inspect.py=getargspec=96
/home/jiangt/FaaSLight-Re/Original_app/app3-dynamic/numpy/compat/_inspect.py=ismethod=13
/home/jiangt/FaaSLight-Re/Original_app/app3-dynamic/numpy/compat/_inspect.py=isfunction=26
/home/jiangt/FaaSLight-Re/Original_app/app3-dynamic/numpy/compat/_inspect.py=getargs=65
/home/jiangt/FaaSLight-Re/Original_app/app3-dynamic/numpy/compat/_inspect.py=iscode=41
/home/jiangt/FaaSLight-Re/Original_app/app3-dynamic/numpy/compat/_inspect.py=getargspec=96
/home/jiangt/FaaSLight-Re/Original_app/app3-dynamic/numpy/compat/_inspect.py=ismethod=13
/home/jiangt/FaaSLight-Re/Original_app/app3-dynamic/numpy/compat/_inspect.py=isfunction=26
/home/jiangt/FaaSLight-Re/Original_app/app3-dynamic/numpy/compat/_inspect.py=getargs=65
/home/jiangt/FaaSLight-Re/Original_app/app3-dynamic/numpy/compat/_inspect.py=iscode=41
/home/jiangt/FaaSLight-Re/Original_app/app3-dynamic/numpy/core/overrides.py=array_function_dispatch=128
/home/jiangt/FaaSLight-Re/Original_app/app3-dynamic/numpy/core/overrides.py=array_function_dispatch=decorator=170
/home/jiangt/FaaSLight-Re/Original_app/app3-dynamic/numpy/core/overrides.py=verify_matching_signatures=88
/home/jiangt/FaaSLight-Re/Original_app/app3-dynamic/numpy/compat/_inspect.py=getargspec=96
/home/jiangt/FaaSLight-Re/Original_app/app3-dynamic/numpy/compat/_inspect.py=ismethod=13
/home/jiangt/FaaSLight-Re/Original_app/app3-dynamic/numpy/compat/_inspect.py=isfunction=26
/home/jiangt/FaaSLight-Re/Original_app/app3-dynamic/numpy/compat/_inspect.py=getargs=65
/home/jiangt/FaaSLight-Re/Original_app/app3-dynamic/numpy/compat/_inspect.py=iscode=41
/home/jiangt/FaaSLight-Re/Original_app/app3-dynamic/numpy/compat/_inspect.py=getargspec=96
/home/jiangt/FaaSLight-Re/Original_app/app3-dynamic/numpy/compat/_inspect.py=ismethod=13
/home/jiangt/FaaSLight-Re/Original_app/app3-dynamic/numpy/compat/_inspect.py=isfunction=26
/home/jiangt/FaaSLight-Re/Original_app/app3-dynamic/numpy/compat/_inspect.py=getargs=65
/home/jiangt/FaaSLight-Re/Original_app/app3-dynamic/numpy/compat/_inspect.py=iscode=41
/home/jiangt/FaaSLight-Re/Original_app/app3-dynamic/numpy/core/overrides.py=array_function_dispatch=128
/home/jiangt/FaaSLight-Re/Original_app/app3-dynamic/numpy/core/overrides.py=array_function_dispatch=decorator=170
/home/jiangt/FaaSLight-Re/Original_app/app3-dynamic/numpy/core/overrides.py=verify_matching_signatures=88
/home/jiangt/FaaSLight-Re/Original_app/app3-dynamic/numpy/compat/_inspect.py=getargspec=96
/home/jiangt/FaaSLight-Re/Original_app/app3-dynamic/numpy/compat/_inspect.py=ismethod=13
/home/jiangt/FaaSLight-Re/Original_app/app3-dynamic/numpy/compat/_inspect.py=isfunction=26
/home/jiangt/FaaSLight-Re/Original_app/app3-dynamic/numpy/compat/_inspect.py=getargs=65
/home/jiangt/FaaSLight-Re/Original_app/app3-dynamic/numpy/compat/_inspect.py=iscode=41
/home/jiangt/FaaSLight-Re/Original_app/app3-dynamic/numpy/compat/_inspect.py=getargspec=96
/home/jiangt/FaaSLight-Re/Original_app/app3-dynamic/numpy/compat/_inspect.py=ismethod=13
/home/jiangt/FaaSLight-Re/Original_app/app3-dynamic/numpy/compat/_inspect.py=isfunction=26
/home/jiangt/FaaSLight-Re/Original_app/app3-dynamic/numpy/compat/_inspect.py=getargs=65
/home/jiangt/FaaSLight-Re/Original_app/app3-dynamic/numpy/compat/_inspect.py=iscode=41
/home/jiangt/FaaSLight-Re/Original_app/app3-dynamic/numpy/core/overrides.py=array_function_dispatch=128
/home/jiangt/FaaSLight-Re/Original_app/app3-dynamic/numpy/core/overrides.py=array_function_dispatch=decorator=170
/home/jiangt/FaaSLight-Re/Original_app/app3-dynamic/numpy/core/overrides.py=verify_matching_signatures=88
/home/jiangt/FaaSLight-Re/Original_app/app3-dynamic/numpy/compat/_inspect.py=getargspec=96
/home/jiangt/FaaSLight-Re/Original_app/app3-dynamic/numpy/compat/_inspect.py=ismethod=13
/home/jiangt/FaaSLight-Re/Original_app/app3-dynamic/numpy/compat/_inspect.py=isfunction=26
/home/jiangt/FaaSLight-Re/Original_app/app3-dynamic/numpy/compat/_inspect.py=getargs=65
/home/jiangt/FaaSLight-Re/Original_app/app3-dynamic/numpy/compat/_inspect.py=iscode=41
/home/jiangt/FaaSLight-Re/Original_app/app3-dynamic/numpy/compat/_inspect.py=getargspec=96
/home/jiangt/FaaSLight-Re/Original_app/app3-dynamic/numpy/compat/_inspect.py=ismethod=13
/home/jiangt/FaaSLight-Re/Original_app/app3-dynamic/numpy/compat/_inspect.py=isfunction=26
/home/jiangt/FaaSLight-Re/Original_app/app3-dynamic/numpy/compat/_inspect.py=getargs=65
/home/jiangt/FaaSLight-Re/Original_app/app3-dynamic/numpy/compat/_inspect.py=iscode=41
/home/jiangt/FaaSLight-Re/Original_app/app3-dynamic/numpy/core/overrides.py=array_function_dispatch=128
/home/jiangt/FaaSLight-Re/Original_app/app3-dynamic/numpy/core/overrides.py=array_function_dispatch=decorator=170
/home/jiangt/FaaSLight-Re/Original_app/app3-dynamic/numpy/core/overrides.py=verify_matching_signatures=88
/home/jiangt/FaaSLight-Re/Original_app/app3-dynamic/numpy/compat/_inspect.py=getargspec=96
/home/jiangt/FaaSLight-Re/Original_app/app3-dynamic/numpy/compat/_inspect.py=ismethod=13
/home/jiangt/FaaSLight-Re/Original_app/app3-dynamic/numpy/compat/_inspect.py=isfunction=26
/home/jiangt/FaaSLight-Re/Original_app/app3-dynamic/numpy/compat/_inspect.py=getargs=65
/home/jiangt/FaaSLight-Re/Original_app/app3-dynamic/numpy/compat/_inspect.py=iscode=41
/home/jiangt/FaaSLight-Re/Original_app/app3-dynamic/numpy/compat/_inspect.py=getargspec=96
/home/jiangt/FaaSLight-Re/Original_app/app3-dynamic/numpy/compat/_inspect.py=ismethod=13
/home/jiangt/FaaSLight-Re/Original_app/app3-dynamic/numpy/compat/_inspect.py=isfunction=26
/home/jiangt/FaaSLight-Re/Original_app/app3-dynamic/numpy/compat/_inspect.py=getargs=65
/home/jiangt/FaaSLight-Re/Original_app/app3-dynamic/numpy/compat/_inspect.py=iscode=41
/home/jiangt/FaaSLight-Re/Original_app/app3-dynamic/numpy/core/overrides.py=array_function_dispatch=128
/home/jiangt/FaaSLight-Re/Original_app/app3-dynamic/numpy/core/overrides.py=array_function_dispatch=decorator=170
/home/jiangt/FaaSLight-Re/Original_app/app3-dynamic/numpy/core/overrides.py=verify_matching_signatures=88
/home/jiangt/FaaSLight-Re/Original_app/app3-dynamic/numpy/compat/_inspect.py=getargspec=96
/home/jiangt/FaaSLight-Re/Original_app/app3-dynamic/numpy/compat/_inspect.py=ismethod=13
/home/jiangt/FaaSLight-Re/Original_app/app3-dynamic/numpy/compat/_inspect.py=isfunction=26
/home/jiangt/FaaSLight-Re/Original_app/app3-dynamic/numpy/compat/_inspect.py=getargs=65
/home/jiangt/FaaSLight-Re/Original_app/app3-dynamic/numpy/compat/_inspect.py=iscode=41
/home/jiangt/FaaSLight-Re/Original_app/app3-dynamic/numpy/compat/_inspect.py=getargspec=96
/home/jiangt/FaaSLight-Re/Original_app/app3-dynamic/numpy/compat/_inspect.py=ismethod=13
/home/jiangt/FaaSLight-Re/Original_app/app3-dynamic/numpy/compat/_inspect.py=isfunction=26
/home/jiangt/FaaSLight-Re/Original_app/app3-dynamic/numpy/compat/_inspect.py=getargs=65
/home/jiangt/FaaSLight-Re/Original_app/app3-dynamic/numpy/compat/_inspect.py=iscode=41
/home/jiangt/FaaSLight-Re/Original_app/app3-dynamic/numpy/core/overrides.py=array_function_dispatch=128
/home/jiangt/FaaSLight-Re/Original_app/app3-dynamic/numpy/core/overrides.py=array_function_dispatch=decorator=170
/home/jiangt/FaaSLight-Re/Original_app/app3-dynamic/numpy/core/overrides.py=verify_matching_signatures=88
/home/jiangt/FaaSLight-Re/Original_app/app3-dynamic/numpy/compat/_inspect.py=getargspec=96
/home/jiangt/FaaSLight-Re/Original_app/app3-dynamic/numpy/compat/_inspect.py=ismethod=13
/home/jiangt/FaaSLight-Re/Original_app/app3-dynamic/numpy/compat/_inspect.py=isfunction=26
/home/jiangt/FaaSLight-Re/Original_app/app3-dynamic/numpy/compat/_inspect.py=getargs=65
/home/jiangt/FaaSLight-Re/Original_app/app3-dynamic/numpy/compat/_inspect.py=iscode=41
/home/jiangt/FaaSLight-Re/Original_app/app3-dynamic/numpy/compat/_inspect.py=getargspec=96
/home/jiangt/FaaSLight-Re/Original_app/app3-dynamic/numpy/compat/_inspect.py=ismethod=13
/home/jiangt/FaaSLight-Re/Original_app/app3-dynamic/numpy/compat/_inspect.py=isfunction=26
/home/jiangt/FaaSLight-Re/Original_app/app3-dynamic/numpy/compat/_inspect.py=getargs=65
/home/jiangt/FaaSLight-Re/Original_app/app3-dynamic/numpy/compat/_inspect.py=iscode=41
/home/jiangt/FaaSLight-Re/Original_app/app3-dynamic/numpy/core/overrides.py=array_function_dispatch=128
/home/jiangt/FaaSLight-Re/Original_app/app3-dynamic/numpy/core/overrides.py=array_function_dispatch=decorator=170
/home/jiangt/FaaSLight-Re/Original_app/app3-dynamic/numpy/core/overrides.py=verify_matching_signatures=88
/home/jiangt/FaaSLight-Re/Original_app/app3-dynamic/numpy/compat/_inspect.py=getargspec=96
/home/jiangt/FaaSLight-Re/Original_app/app3-dynamic/numpy/compat/_inspect.py=ismethod=13
/home/jiangt/FaaSLight-Re/Original_app/app3-dynamic/numpy/compat/_inspect.py=isfunction=26
/home/jiangt/FaaSLight-Re/Original_app/app3-dynamic/numpy/compat/_inspect.py=getargs=65
/home/jiangt/FaaSLight-Re/Original_app/app3-dynamic/numpy/compat/_inspect.py=iscode=41
/home/jiangt/FaaSLight-Re/Original_app/app3-dynamic/numpy/compat/_inspect.py=getargspec=96
/home/jiangt/FaaSLight-Re/Original_app/app3-dynamic/numpy/compat/_inspect.py=ismethod=13
/home/jiangt/FaaSLight-Re/Original_app/app3-dynamic/numpy/compat/_inspect.py=isfunction=26
/home/jiangt/FaaSLight-Re/Original_app/app3-dynamic/numpy/compat/_inspect.py=getargs=65
/home/jiangt/FaaSLight-Re/Original_app/app3-dynamic/numpy/compat/_inspect.py=iscode=41
/home/jiangt/FaaSLight-Re/Original_app/app3-dynamic/numpy/core/overrides.py=array_function_dispatch=128
/home/jiangt/FaaSLight-Re/Original_app/app3-dynamic/numpy/core/overrides.py=array_function_dispatch=decorator=170
/home/jiangt/FaaSLight-Re/Original_app/app3-dynamic/numpy/core/overrides.py=verify_matching_signatures=88
/home/jiangt/FaaSLight-Re/Original_app/app3-dynamic/numpy/compat/_inspect.py=getargspec=96
/home/jiangt/FaaSLight-Re/Original_app/app3-dynamic/numpy/compat/_inspect.py=ismethod=13
/home/jiangt/FaaSLight-Re/Original_app/app3-dynamic/numpy/compat/_inspect.py=isfunction=26
/home/jiangt/FaaSLight-Re/Original_app/app3-dynamic/numpy/compat/_inspect.py=getargs=65
/home/jiangt/FaaSLight-Re/Original_app/app3-dynamic/numpy/compat/_inspect.py=iscode=41
/home/jiangt/FaaSLight-Re/Original_app/app3-dynamic/numpy/compat/_inspect.py=getargspec=96
/home/jiangt/FaaSLight-Re/Original_app/app3-dynamic/numpy/compat/_inspect.py=ismethod=13
/home/jiangt/FaaSLight-Re/Original_app/app3-dynamic/numpy/compat/_inspect.py=isfunction=26
/home/jiangt/FaaSLight-Re/Original_app/app3-dynamic/numpy/compat/_inspect.py=getargs=65
/home/jiangt/FaaSLight-Re/Original_app/app3-dynamic/numpy/compat/_inspect.py=iscode=41
/home/jiangt/FaaSLight-Re/Original_app/app3-dynamic/numpy/core/overrides.py=array_function_dispatch=128
/home/jiangt/FaaSLight-Re/Original_app/app3-dynamic/numpy/core/overrides.py=array_function_dispatch=decorator=170
/home/jiangt/FaaSLight-Re/Original_app/app3-dynamic/numpy/core/overrides.py=verify_matching_signatures=88
/home/jiangt/FaaSLight-Re/Original_app/app3-dynamic/numpy/compat/_inspect.py=getargspec=96
/home/jiangt/FaaSLight-Re/Original_app/app3-dynamic/numpy/compat/_inspect.py=ismethod=13
/home/jiangt/FaaSLight-Re/Original_app/app3-dynamic/numpy/compat/_inspect.py=isfunction=26
/home/jiangt/FaaSLight-Re/Original_app/app3-dynamic/numpy/compat/_inspect.py=getargs=65
/home/jiangt/FaaSLight-Re/Original_app/app3-dynamic/numpy/compat/_inspect.py=iscode=41
/home/jiangt/FaaSLight-Re/Original_app/app3-dynamic/numpy/compat/_inspect.py=getargspec=96
/home/jiangt/FaaSLight-Re/Original_app/app3-dynamic/numpy/compat/_inspect.py=ismethod=13
/home/jiangt/FaaSLight-Re/Original_app/app3-dynamic/numpy/compat/_inspect.py=isfunction=26
/home/jiangt/FaaSLight-Re/Original_app/app3-dynamic/numpy/compat/_inspect.py=getargs=65
/home/jiangt/FaaSLight-Re/Original_app/app3-dynamic/numpy/compat/_inspect.py=iscode=41
/home/jiangt/FaaSLight-Re/Original_app/app3-dynamic/numpy/core/overrides.py=array_function_dispatch=128
/home/jiangt/FaaSLight-Re/Original_app/app3-dynamic/numpy/core/overrides.py=array_function_dispatch=decorator=170
/home/jiangt/FaaSLight-Re/Original_app/app3-dynamic/numpy/core/overrides.py=verify_matching_signatures=88
/home/jiangt/FaaSLight-Re/Original_app/app3-dynamic/numpy/compat/_inspect.py=getargspec=96
/home/jiangt/FaaSLight-Re/Original_app/app3-dynamic/numpy/compat/_inspect.py=ismethod=13
/home/jiangt/FaaSLight-Re/Original_app/app3-dynamic/numpy/compat/_inspect.py=isfunction=26
/home/jiangt/FaaSLight-Re/Original_app/app3-dynamic/numpy/compat/_inspect.py=getargs=65
/home/jiangt/FaaSLight-Re/Original_app/app3-dynamic/numpy/compat/_inspect.py=iscode=41
/home/jiangt/FaaSLight-Re/Original_app/app3-dynamic/numpy/compat/_inspect.py=getargspec=96
/home/jiangt/FaaSLight-Re/Original_app/app3-dynamic/numpy/compat/_inspect.py=ismethod=13
/home/jiangt/FaaSLight-Re/Original_app/app3-dynamic/numpy/compat/_inspect.py=isfunction=26
/home/jiangt/FaaSLight-Re/Original_app/app3-dynamic/numpy/compat/_inspect.py=getargs=65
/home/jiangt/FaaSLight-Re/Original_app/app3-dynamic/numpy/compat/_inspect.py=iscode=41
/home/jiangt/FaaSLight-Re/Original_app/app3-dynamic/numpy/core/overrides.py=array_function_dispatch=128
/home/jiangt/FaaSLight-Re/Original_app/app3-dynamic/numpy/core/overrides.py=array_function_dispatch=decorator=170
/home/jiangt/FaaSLight-Re/Original_app/app3-dynamic/numpy/core/overrides.py=verify_matching_signatures=88
/home/jiangt/FaaSLight-Re/Original_app/app3-dynamic/numpy/compat/_inspect.py=getargspec=96
/home/jiangt/FaaSLight-Re/Original_app/app3-dynamic/numpy/compat/_inspect.py=ismethod=13
/home/jiangt/FaaSLight-Re/Original_app/app3-dynamic/numpy/compat/_inspect.py=isfunction=26
/home/jiangt/FaaSLight-Re/Original_app/app3-dynamic/numpy/compat/_inspect.py=getargs=65
/home/jiangt/FaaSLight-Re/Original_app/app3-dynamic/numpy/compat/_inspect.py=iscode=41
/home/jiangt/FaaSLight-Re/Original_app/app3-dynamic/numpy/compat/_inspect.py=getargspec=96
/home/jiangt/FaaSLight-Re/Original_app/app3-dynamic/numpy/compat/_inspect.py=ismethod=13
/home/jiangt/FaaSLight-Re/Original_app/app3-dynamic/numpy/compat/_inspect.py=isfunction=26
/home/jiangt/FaaSLight-Re/Original_app/app3-dynamic/numpy/compat/_inspect.py=getargs=65
/home/jiangt/FaaSLight-Re/Original_app/app3-dynamic/numpy/compat/_inspect.py=iscode=41
/home/jiangt/FaaSLight-Re/Original_app/app3-dynamic/numpy/core/overrides.py=array_function_dispatch=128
/home/jiangt/FaaSLight-Re/Original_app/app3-dynamic/numpy/core/overrides.py=array_function_dispatch=decorator=170
/home/jiangt/FaaSLight-Re/Original_app/app3-dynamic/numpy/core/overrides.py=verify_matching_signatures=88
/home/jiangt/FaaSLight-Re/Original_app/app3-dynamic/numpy/compat/_inspect.py=getargspec=96
/home/jiangt/FaaSLight-Re/Original_app/app3-dynamic/numpy/compat/_inspect.py=ismethod=13
/home/jiangt/FaaSLight-Re/Original_app/app3-dynamic/numpy/compat/_inspect.py=isfunction=26
/home/jiangt/FaaSLight-Re/Original_app/app3-dynamic/numpy/compat/_inspect.py=getargs=65
/home/jiangt/FaaSLight-Re/Original_app/app3-dynamic/numpy/compat/_inspect.py=iscode=41
/home/jiangt/FaaSLight-Re/Original_app/app3-dynamic/numpy/compat/_inspect.py=getargspec=96
/home/jiangt/FaaSLight-Re/Original_app/app3-dynamic/numpy/compat/_inspect.py=ismethod=13
/home/jiangt/FaaSLight-Re/Original_app/app3-dynamic/numpy/compat/_inspect.py=isfunction=26
/home/jiangt/FaaSLight-Re/Original_app/app3-dynamic/numpy/compat/_inspect.py=getargs=65
/home/jiangt/FaaSLight-Re/Original_app/app3-dynamic/numpy/compat/_inspect.py=iscode=41
/home/jiangt/FaaSLight-Re/Original_app/app3-dynamic/numpy/core/overrides.py=array_function_dispatch=128
/home/jiangt/FaaSLight-Re/Original_app/app3-dynamic/numpy/core/overrides.py=array_function_dispatch=decorator=170
/home/jiangt/FaaSLight-Re/Original_app/app3-dynamic/numpy/core/overrides.py=verify_matching_signatures=88
/home/jiangt/FaaSLight-Re/Original_app/app3-dynamic/numpy/compat/_inspect.py=getargspec=96
/home/jiangt/FaaSLight-Re/Original_app/app3-dynamic/numpy/compat/_inspect.py=ismethod=13
/home/jiangt/FaaSLight-Re/Original_app/app3-dynamic/numpy/compat/_inspect.py=isfunction=26
/home/jiangt/FaaSLight-Re/Original_app/app3-dynamic/numpy/compat/_inspect.py=getargs=65
/home/jiangt/FaaSLight-Re/Original_app/app3-dynamic/numpy/compat/_inspect.py=iscode=41
/home/jiangt/FaaSLight-Re/Original_app/app3-dynamic/numpy/compat/_inspect.py=getargspec=96
/home/jiangt/FaaSLight-Re/Original_app/app3-dynamic/numpy/compat/_inspect.py=ismethod=13
/home/jiangt/FaaSLight-Re/Original_app/app3-dynamic/numpy/compat/_inspect.py=isfunction=26
/home/jiangt/FaaSLight-Re/Original_app/app3-dynamic/numpy/compat/_inspect.py=getargs=65
/home/jiangt/FaaSLight-Re/Original_app/app3-dynamic/numpy/compat/_inspect.py=iscode=41
/home/jiangt/FaaSLight-Re/Original_app/app3-dynamic/numpy/core/overrides.py=array_function_dispatch=128
/home/jiangt/FaaSLight-Re/Original_app/app3-dynamic/numpy/core/overrides.py=array_function_dispatch=decorator=170
/home/jiangt/FaaSLight-Re/Original_app/app3-dynamic/numpy/core/overrides.py=verify_matching_signatures=88
/home/jiangt/FaaSLight-Re/Original_app/app3-dynamic/numpy/compat/_inspect.py=getargspec=96
/home/jiangt/FaaSLight-Re/Original_app/app3-dynamic/numpy/compat/_inspect.py=ismethod=13
/home/jiangt/FaaSLight-Re/Original_app/app3-dynamic/numpy/compat/_inspect.py=isfunction=26
/home/jiangt/FaaSLight-Re/Original_app/app3-dynamic/numpy/compat/_inspect.py=getargs=65
/home/jiangt/FaaSLight-Re/Original_app/app3-dynamic/numpy/compat/_inspect.py=iscode=41
/home/jiangt/FaaSLight-Re/Original_app/app3-dynamic/numpy/compat/_inspect.py=getargspec=96
/home/jiangt/FaaSLight-Re/Original_app/app3-dynamic/numpy/compat/_inspect.py=ismethod=13
/home/jiangt/FaaSLight-Re/Original_app/app3-dynamic/numpy/compat/_inspect.py=isfunction=26
/home/jiangt/FaaSLight-Re/Original_app/app3-dynamic/numpy/compat/_inspect.py=getargs=65
/home/jiangt/FaaSLight-Re/Original_app/app3-dynamic/numpy/compat/_inspect.py=iscode=41
/home/jiangt/FaaSLight-Re/Original_app/app3-dynamic/numpy/core/overrides.py=set_module=110
/home/jiangt/FaaSLight-Re/Original_app/app3-dynamic/numpy/core/overrides.py=set_module=decorator=121
/home/jiangt/FaaSLight-Re/Original_app/app3-dynamic/numpy/core/overrides.py=set_module=110
/home/jiangt/FaaSLight-Re/Original_app/app3-dynamic/numpy/core/overrides.py=set_module=decorator=121
/home/jiangt/FaaSLight-Re/Original_app/app3-dynamic/numpy/_pytesttester.py=PytestTester=__init__=76
/home/jiangt/FaaSLight-Re/Original_app/app3-dynamic/numpy/_pytesttester.py=PytestTester=__init__=76
/home/jiangt/FaaSLight-Re/Original_app/app3-dynamic/numpy/core/getlimits.py=iinfo=__init__=668
/home/jiangt/FaaSLight-Re/Original_app/app3-dynamic/numpy/core/getlimits.py=iinfo=max=692
/home/jiangt/FaaSLight-Re/Original_app/app3-dynamic/numpy/core/getlimits.py=iinfo=__init__=668
/home/jiangt/FaaSLight-Re/Original_app/app3-dynamic/numpy/core/getlimits.py=iinfo=max=692
/home/jiangt/FaaSLight-Re/Original_app/app3-dynamic/numpy/core/getlimits.py=iinfo=__init__=668
/home/jiangt/FaaSLight-Re/Original_app/app3-dynamic/numpy/core/getlimits.py=iinfo=max=692
/home/jiangt/FaaSLight-Re/Original_app/app3-dynamic/numpy/core/getlimits.py=iinfo=__init__=668
/home/jiangt/FaaSLight-Re/Original_app/app3-dynamic/numpy/core/getlimits.py=iinfo=max=692
/home/jiangt/FaaSLight-Re/Original_app/app3-dynamic/numpy/core/_ufunc_config.py=errstate=__init__=426
/home/jiangt/FaaSLight-Re/Original_app/app3-dynamic/numpy/core/overrides.py=array_function_dispatch=decorator=public_api=177
/home/jiangt/FaaSLight-Re/Original_app/app3-dynamic/numpy/core/multiarray.py=concatenate=152
/home/jiangt/FaaSLight-Re/Original_app/app3-dynamic/numpy/core/_ufunc_config.py=errstate=__enter__=430
/home/jiangt/FaaSLight-Re/Original_app/app3-dynamic/numpy/core/_ufunc_config.py=seterr=33
/home/jiangt/FaaSLight-Re/Original_app/app3-dynamic/numpy/core/_ufunc_config.py=geterr=132
/home/jiangt/FaaSLight-Re/Original_app/app3-dynamic/numpy/core/_ufunc_config.py=errstate=__exit__=435
/home/jiangt/FaaSLight-Re/Original_app/app3-dynamic/numpy/core/_ufunc_config.py=seterr=33
/home/jiangt/FaaSLight-Re/Original_app/app3-dynamic/numpy/core/_ufunc_config.py=geterr=132
/home/jiangt/FaaSLight-Re/Original_app/app3-dynamic/numpy/_pytesttester.py=PytestTester=__init__=76
/home/jiangt/FaaSLight-Re/Original_app/app3-dynamic/numpy/core/_internal.py=_getintp_ctype=216
/home/jiangt/FaaSLight-Re/Original_app/app3-dynamic/numpy/ctypeslib.py=_get_scalar_type_map=362
/home/jiangt/FaaSLight-Re/Original_app/app3-dynamic/numpy/core/_internal.py=npy_ctypes_check=917
/home/jiangt/FaaSLight-Re/Original_app/app3-dynamic/numpy/core/_dtype_ctypes.py=dtype_from_ctypes_type=100
/home/jiangt/FaaSLight-Re/Original_app/app3-dynamic/numpy/core/_dtype_ctypes.py=_from_ctypes_scalar=71
/home/jiangt/FaaSLight-Re/Original_app/app3-dynamic/numpy/core/_internal.py=npy_ctypes_check=917
/home/jiangt/FaaSLight-Re/Original_app/app3-dynamic/numpy/core/_dtype_ctypes.py=dtype_from_ctypes_type=100
/home/jiangt/FaaSLight-Re/Original_app/app3-dynamic/numpy/core/_dtype_ctypes.py=_from_ctypes_scalar=71
/home/jiangt/FaaSLight-Re/Original_app/app3-dynamic/numpy/core/_internal.py=npy_ctypes_check=917
/home/jiangt/FaaSLight-Re/Original_app/app3-dynamic/numpy/core/_dtype_ctypes.py=dtype_from_ctypes_type=100
/home/jiangt/FaaSLight-Re/Original_app/app3-dynamic/numpy/core/_dtype_ctypes.py=_from_ctypes_scalar=71
/home/jiangt/FaaSLight-Re/Original_app/app3-dynamic/numpy/core/_internal.py=npy_ctypes_check=917
/home/jiangt/FaaSLight-Re/Original_app/app3-dynamic/numpy/core/_dtype_ctypes.py=dtype_from_ctypes_type=100
/home/jiangt/FaaSLight-Re/Original_app/app3-dynamic/numpy/core/_dtype_ctypes.py=_from_ctypes_scalar=71
/home/jiangt/FaaSLight-Re/Original_app/app3-dynamic/numpy/core/_internal.py=npy_ctypes_check=917
/home/jiangt/FaaSLight-Re/Original_app/app3-dynamic/numpy/core/_dtype_ctypes.py=dtype_from_ctypes_type=100
/home/jiangt/FaaSLight-Re/Original_app/app3-dynamic/numpy/core/_dtype_ctypes.py=_from_ctypes_scalar=71
/home/jiangt/FaaSLight-Re/Original_app/app3-dynamic/numpy/core/_internal.py=npy_ctypes_check=917
/home/jiangt/FaaSLight-Re/Original_app/app3-dynamic/numpy/core/_dtype_ctypes.py=dtype_from_ctypes_type=100
/home/jiangt/FaaSLight-Re/Original_app/app3-dynamic/numpy/core/_dtype_ctypes.py=_from_ctypes_scalar=71
/home/jiangt/FaaSLight-Re/Original_app/app3-dynamic/numpy/core/_internal.py=npy_ctypes_check=917
/home/jiangt/FaaSLight-Re/Original_app/app3-dynamic/numpy/core/_dtype_ctypes.py=dtype_from_ctypes_type=100
/home/jiangt/FaaSLight-Re/Original_app/app3-dynamic/numpy/core/_dtype_ctypes.py=_from_ctypes_scalar=71
/home/jiangt/FaaSLight-Re/Original_app/app3-dynamic/numpy/core/_internal.py=npy_ctypes_check=917
/home/jiangt/FaaSLight-Re/Original_app/app3-dynamic/numpy/core/_dtype_ctypes.py=dtype_from_ctypes_type=100
/home/jiangt/FaaSLight-Re/Original_app/app3-dynamic/numpy/core/_dtype_ctypes.py=_from_ctypes_scalar=71
/home/jiangt/FaaSLight-Re/Original_app/app3-dynamic/numpy/core/_internal.py=npy_ctypes_check=917
/home/jiangt/FaaSLight-Re/Original_app/app3-dynamic/numpy/core/_dtype_ctypes.py=dtype_from_ctypes_type=100
/home/jiangt/FaaSLight-Re/Original_app/app3-dynamic/numpy/core/_dtype_ctypes.py=_from_ctypes_scalar=71
/home/jiangt/FaaSLight-Re/Original_app/app3-dynamic/numpy/core/_internal.py=npy_ctypes_check=917
/home/jiangt/FaaSLight-Re/Original_app/app3-dynamic/numpy/core/_dtype_ctypes.py=dtype_from_ctypes_type=100
/home/jiangt/FaaSLight-Re/Original_app/app3-dynamic/numpy/core/_dtype_ctypes.py=_from_ctypes_scalar=71
/home/jiangt/FaaSLight-Re/Original_app/app3-dynamic/numpy/core/_internal.py=npy_ctypes_check=917
/home/jiangt/FaaSLight-Re/Original_app/app3-dynamic/numpy/core/_dtype_ctypes.py=dtype_from_ctypes_type=100
/home/jiangt/FaaSLight-Re/Original_app/app3-dynamic/numpy/core/_dtype_ctypes.py=_from_ctypes_scalar=71
/home/jiangt/FaaSLight-Re/Original_app/app3-dynamic/numpy/core/_internal.py=npy_ctypes_check=917
/home/jiangt/FaaSLight-Re/Original_app/app3-dynamic/numpy/core/_dtype_ctypes.py=dtype_from_ctypes_type=100
/home/jiangt/FaaSLight-Re/Original_app/app3-dynamic/numpy/core/_dtype_ctypes.py=_from_ctypes_scalar=71
/home/jiangt/FaaSLight-Re/Original_app/app3-dynamic/numpy/core/_internal.py=npy_ctypes_check=917
/home/jiangt/FaaSLight-Re/Original_app/app3-dynamic/numpy/core/_dtype_ctypes.py=dtype_from_ctypes_type=100
/home/jiangt/FaaSLight-Re/Original_app/app3-dynamic/numpy/core/_dtype_ctypes.py=_from_ctypes_scalar=71
/home/jiangt/FaaSLight-Re/Original_app/app3-dynamic/numpy/ma/core.py=_MaskedUnaryOperation=__init__=921
/home/jiangt/FaaSLight-Re/Original_app/app3-dynamic/numpy/ma/core.py=_MaskedUFunc=__init__=894
/home/jiangt/FaaSLight-Re/Original_app/app3-dynamic/numpy/core/_internal.py=_ufunc_doc_signature_formatter=869
/home/jiangt/FaaSLight-Re/Original_app/app3-dynamic/numpy/ma/core.py=_MaskedUnaryOperation=__init__=921
/home/jiangt/FaaSLight-Re/Original_app/app3-dynamic/numpy/ma/core.py=_MaskedUFunc=__init__=894
/home/jiangt/FaaSLight-Re/Original_app/app3-dynamic/numpy/core/_internal.py=_ufunc_doc_signature_formatter=869
/home/jiangt/FaaSLight-Re/Original_app/app3-dynamic/numpy/ma/core.py=_MaskedUnaryOperation=__init__=921
/home/jiangt/FaaSLight-Re/Original_app/app3-dynamic/numpy/ma/core.py=_MaskedUFunc=__init__=894
/home/jiangt/FaaSLight-Re/Original_app/app3-dynamic/numpy/core/_internal.py=_ufunc_doc_signature_formatter=869
/home/jiangt/FaaSLight-Re/Original_app/app3-dynamic/numpy/ma/core.py=_MaskedUnaryOperation=__init__=921
/home/jiangt/FaaSLight-Re/Original_app/app3-dynamic/numpy/ma/core.py=_MaskedUFunc=__init__=894
/home/jiangt/FaaSLight-Re/Original_app/app3-dynamic/numpy/core/_internal.py=_ufunc_doc_signature_formatter=869
/home/jiangt/FaaSLight-Re/Original_app/app3-dynamic/numpy/ma/core.py=_MaskedUnaryOperation=__init__=921
/home/jiangt/FaaSLight-Re/Original_app/app3-dynamic/numpy/ma/core.py=_MaskedUFunc=__init__=894
/home/jiangt/FaaSLight-Re/Original_app/app3-dynamic/numpy/core/_internal.py=_ufunc_doc_signature_formatter=869
/home/jiangt/FaaSLight-Re/Original_app/app3-dynamic/numpy/ma/core.py=_MaskedUnaryOperation=__init__=921
/home/jiangt/FaaSLight-Re/Original_app/app3-dynamic/numpy/ma/core.py=_MaskedUFunc=__init__=894
/home/jiangt/FaaSLight-Re/Original_app/app3-dynamic/numpy/core/_internal.py=_ufunc_doc_signature_formatter=869
/home/jiangt/FaaSLight-Re/Original_app/app3-dynamic/numpy/ma/core.py=_MaskedUnaryOperation=__init__=921
/home/jiangt/FaaSLight-Re/Original_app/app3-dynamic/numpy/ma/core.py=_MaskedUFunc=__init__=894
/home/jiangt/FaaSLight-Re/Original_app/app3-dynamic/numpy/core/_internal.py=_ufunc_doc_signature_formatter=869
/home/jiangt/FaaSLight-Re/Original_app/app3-dynamic/numpy/ma/core.py=_MaskedUnaryOperation=__init__=921
/home/jiangt/FaaSLight-Re/Original_app/app3-dynamic/numpy/ma/core.py=_MaskedUFunc=__init__=894
/home/jiangt/FaaSLight-Re/Original_app/app3-dynamic/numpy/core/_internal.py=_ufunc_doc_signature_formatter=869
/home/jiangt/FaaSLight-Re/Original_app/app3-dynamic/numpy/ma/core.py=_MaskedUnaryOperation=__init__=921
/home/jiangt/FaaSLight-Re/Original_app/app3-dynamic/numpy/ma/core.py=_MaskedUFunc=__init__=894
/home/jiangt/FaaSLight-Re/Original_app/app3-dynamic/numpy/core/_internal.py=_ufunc_doc_signature_formatter=869
/home/jiangt/FaaSLight-Re/Original_app/app3-dynamic/numpy/ma/core.py=_MaskedUnaryOperation=__init__=921
/home/jiangt/FaaSLight-Re/Original_app/app3-dynamic/numpy/ma/core.py=_MaskedUFunc=__init__=894
/home/jiangt/FaaSLight-Re/Original_app/app3-dynamic/numpy/core/_internal.py=_ufunc_doc_signature_formatter=869
/home/jiangt/FaaSLight-Re/Original_app/app3-dynamic/numpy/ma/core.py=_MaskedUnaryOperation=__init__=921
/home/jiangt/FaaSLight-Re/Original_app/app3-dynamic/numpy/ma/core.py=_MaskedUFunc=__init__=894
/home/jiangt/FaaSLight-Re/Original_app/app3-dynamic/numpy/ma/core.py=_MaskedUnaryOperation=__init__=921
/home/jiangt/FaaSLight-Re/Original_app/app3-dynamic/numpy/ma/core.py=_MaskedUFunc=__init__=894
/home/jiangt/FaaSLight-Re/Original_app/app3-dynamic/numpy/core/_internal.py=_ufunc_doc_signature_formatter=869
/home/jiangt/FaaSLight-Re/Original_app/app3-dynamic/numpy/ma/core.py=_MaskedUnaryOperation=__init__=921
/home/jiangt/FaaSLight-Re/Original_app/app3-dynamic/numpy/ma/core.py=_MaskedUFunc=__init__=894
/home/jiangt/FaaSLight-Re/Original_app/app3-dynamic/numpy/core/_internal.py=_ufunc_doc_signature_formatter=869
/home/jiangt/FaaSLight-Re/Original_app/app3-dynamic/numpy/ma/core.py=_MaskedUnaryOperation=__init__=921
/home/jiangt/FaaSLight-Re/Original_app/app3-dynamic/numpy/ma/core.py=_MaskedUFunc=__init__=894
/home/jiangt/FaaSLight-Re/Original_app/app3-dynamic/numpy/core/_internal.py=_ufunc_doc_signature_formatter=869
/home/jiangt/FaaSLight-Re/Original_app/app3-dynamic/numpy/ma/core.py=_MaskedUnaryOperation=__init__=921
/home/jiangt/FaaSLight-Re/Original_app/app3-dynamic/numpy/ma/core.py=_MaskedUFunc=__init__=894
/home/jiangt/FaaSLight-Re/Original_app/app3-dynamic/numpy/core/_internal.py=_ufunc_doc_signature_formatter=869
/home/jiangt/FaaSLight-Re/Original_app/app3-dynamic/numpy/ma/core.py=_MaskedUnaryOperation=__init__=921
/home/jiangt/FaaSLight-Re/Original_app/app3-dynamic/numpy/ma/core.py=_MaskedUFunc=__init__=894
/home/jiangt/FaaSLight-Re/Original_app/app3-dynamic/numpy/ma/core.py=_MaskedUnaryOperation=__init__=921
/home/jiangt/FaaSLight-Re/Original_app/app3-dynamic/numpy/ma/core.py=_MaskedUFunc=__init__=894
/home/jiangt/FaaSLight-Re/Original_app/app3-dynamic/numpy/core/_internal.py=_ufunc_doc_signature_formatter=869
/home/jiangt/FaaSLight-Re/Original_app/app3-dynamic/numpy/ma/core.py=_DomainGreaterEqual=__init__=883
/home/jiangt/FaaSLight-Re/Original_app/app3-dynamic/numpy/ma/core.py=_MaskedUnaryOperation=__init__=921
/home/jiangt/FaaSLight-Re/Original_app/app3-dynamic/numpy/ma/core.py=_MaskedUFunc=__init__=894
/home/jiangt/FaaSLight-Re/Original_app/app3-dynamic/numpy/core/_internal.py=_ufunc_doc_signature_formatter=869
/home/jiangt/FaaSLight-Re/Original_app/app3-dynamic/numpy/ma/core.py=_DomainGreater=__init__=867
/home/jiangt/FaaSLight-Re/Original_app/app3-dynamic/numpy/ma/core.py=_MaskedUnaryOperation=__init__=921
/home/jiangt/FaaSLight-Re/Original_app/app3-dynamic/numpy/ma/core.py=_MaskedUFunc=__init__=894
/home/jiangt/FaaSLight-Re/Original_app/app3-dynamic/numpy/core/_internal.py=_ufunc_doc_signature_formatter=869
/home/jiangt/FaaSLight-Re/Original_app/app3-dynamic/numpy/ma/core.py=_DomainGreater=__init__=867
/home/jiangt/FaaSLight-Re/Original_app/app3-dynamic/numpy/ma/core.py=_MaskedUnaryOperation=__init__=921
/home/jiangt/FaaSLight-Re/Original_app/app3-dynamic/numpy/ma/core.py=_MaskedUFunc=__init__=894
/home/jiangt/FaaSLight-Re/Original_app/app3-dynamic/numpy/core/_internal.py=_ufunc_doc_signature_formatter=869
/home/jiangt/FaaSLight-Re/Original_app/app3-dynamic/numpy/ma/core.py=_DomainGreater=__init__=867
/home/jiangt/FaaSLight-Re/Original_app/app3-dynamic/numpy/ma/core.py=_MaskedUnaryOperation=__init__=921
/home/jiangt/FaaSLight-Re/Original_app/app3-dynamic/numpy/ma/core.py=_MaskedUFunc=__init__=894
/home/jiangt/FaaSLight-Re/Original_app/app3-dynamic/numpy/core/_internal.py=_ufunc_doc_signature_formatter=869
/home/jiangt/FaaSLight-Re/Original_app/app3-dynamic/numpy/ma/core.py=_DomainTan=__init__=830
/home/jiangt/FaaSLight-Re/Original_app/app3-dynamic/numpy/ma/core.py=_MaskedUnaryOperation=__init__=921
/home/jiangt/FaaSLight-Re/Original_app/app3-dynamic/numpy/ma/core.py=_MaskedUFunc=__init__=894
/home/jiangt/FaaSLight-Re/Original_app/app3-dynamic/numpy/core/_internal.py=_ufunc_doc_signature_formatter=869
/home/jiangt/FaaSLight-Re/Original_app/app3-dynamic/numpy/ma/core.py=_DomainCheckInterval=__init__=806
/home/jiangt/FaaSLight-Re/Original_app/app3-dynamic/numpy/ma/core.py=_MaskedUnaryOperation=__init__=921
/home/jiangt/FaaSLight-Re/Original_app/app3-dynamic/numpy/ma/core.py=_MaskedUFunc=__init__=894
/home/jiangt/FaaSLight-Re/Original_app/app3-dynamic/numpy/core/_internal.py=_ufunc_doc_signature_formatter=869
/home/jiangt/FaaSLight-Re/Original_app/app3-dynamic/numpy/ma/core.py=_DomainCheckInterval=__init__=806
/home/jiangt/FaaSLight-Re/Original_app/app3-dynamic/numpy/ma/core.py=_MaskedUnaryOperation=__init__=921
/home/jiangt/FaaSLight-Re/Original_app/app3-dynamic/numpy/ma/core.py=_MaskedUFunc=__init__=894
/home/jiangt/FaaSLight-Re/Original_app/app3-dynamic/numpy/core/_internal.py=_ufunc_doc_signature_formatter=869
/home/jiangt/FaaSLight-Re/Original_app/app3-dynamic/numpy/ma/core.py=_DomainGreaterEqual=__init__=883
/home/jiangt/FaaSLight-Re/Original_app/app3-dynamic/numpy/ma/core.py=_MaskedUnaryOperation=__init__=921
/home/jiangt/FaaSLight-Re/Original_app/app3-dynamic/numpy/ma/core.py=_MaskedUFunc=__init__=894
/home/jiangt/FaaSLight-Re/Original_app/app3-dynamic/numpy/core/_internal.py=_ufunc_doc_signature_formatter=869
/home/jiangt/FaaSLight-Re/Original_app/app3-dynamic/numpy/ma/core.py=_DomainCheckInterval=__init__=806
/home/jiangt/FaaSLight-Re/Original_app/app3-dynamic/numpy/ma/core.py=_MaskedUnaryOperation=__init__=921
/home/jiangt/FaaSLight-Re/Original_app/app3-dynamic/numpy/ma/core.py=_MaskedUFunc=__init__=894
/home/jiangt/FaaSLight-Re/Original_app/app3-dynamic/numpy/core/_internal.py=_ufunc_doc_signature_formatter=869
/home/jiangt/FaaSLight-Re/Original_app/app3-dynamic/numpy/ma/core.py=_MaskedBinaryOperation=__init__=997
/home/jiangt/FaaSLight-Re/Original_app/app3-dynamic/numpy/ma/core.py=_MaskedUFunc=__init__=894
/home/jiangt/FaaSLight-Re/Original_app/app3-dynamic/numpy/core/_internal.py=_ufunc_doc_signature_formatter=869
/home/jiangt/FaaSLight-Re/Original_app/app3-dynamic/numpy/ma/core.py=_MaskedBinaryOperation=__init__=997
/home/jiangt/FaaSLight-Re/Original_app/app3-dynamic/numpy/ma/core.py=_MaskedUFunc=__init__=894
/home/jiangt/FaaSLight-Re/Original_app/app3-dynamic/numpy/core/_internal.py=_ufunc_doc_signature_formatter=869
/home/jiangt/FaaSLight-Re/Original_app/app3-dynamic/numpy/ma/core.py=_MaskedBinaryOperation=__init__=997
/home/jiangt/FaaSLight-Re/Original_app/app3-dynamic/numpy/ma/core.py=_MaskedUFunc=__init__=894
/home/jiangt/FaaSLight-Re/Original_app/app3-dynamic/numpy/core/_internal.py=_ufunc_doc_signature_formatter=869
/home/jiangt/FaaSLight-Re/Original_app/app3-dynamic/numpy/ma/core.py=_MaskedBinaryOperation=__init__=997
/home/jiangt/FaaSLight-Re/Original_app/app3-dynamic/numpy/ma/core.py=_MaskedUFunc=__init__=894
/home/jiangt/FaaSLight-Re/Original_app/app3-dynamic/numpy/core/_internal.py=_ufunc_doc_signature_formatter=869
/home/jiangt/FaaSLight-Re/Original_app/app3-dynamic/numpy/ma/core.py=_MaskedBinaryOperation=__init__=997
/home/jiangt/FaaSLight-Re/Original_app/app3-dynamic/numpy/ma/core.py=_MaskedUFunc=__init__=894
/home/jiangt/FaaSLight-Re/Original_app/app3-dynamic/numpy/core/_internal.py=_ufunc_doc_signature_formatter=869
/home/jiangt/FaaSLight-Re/Original_app/app3-dynamic/numpy/ma/core.py=_MaskedBinaryOperation=__init__=997
/home/jiangt/FaaSLight-Re/Original_app/app3-dynamic/numpy/ma/core.py=_MaskedUFunc=__init__=894
/home/jiangt/FaaSLight-Re/Original_app/app3-dynamic/numpy/core/_internal.py=_ufunc_doc_signature_formatter=869
/home/jiangt/FaaSLight-Re/Original_app/app3-dynamic/numpy/ma/core.py=_MaskedBinaryOperation=__init__=997
/home/jiangt/FaaSLight-Re/Original_app/app3-dynamic/numpy/ma/core.py=_MaskedUFunc=__init__=894
/home/jiangt/FaaSLight-Re/Original_app/app3-dynamic/numpy/core/_internal.py=_ufunc_doc_signature_formatter=869
/home/jiangt/FaaSLight-Re/Original_app/app3-dynamic/numpy/ma/core.py=_MaskedBinaryOperation=__init__=997
/home/jiangt/FaaSLight-Re/Original_app/app3-dynamic/numpy/ma/core.py=_MaskedUFunc=__init__=894
/home/jiangt/FaaSLight-Re/Original_app/app3-dynamic/numpy/core/_internal.py=_ufunc_doc_signature_formatter=869
/home/jiangt/FaaSLight-Re/Original_app/app3-dynamic/numpy/ma/core.py=_MaskedBinaryOperation=__init__=997
/home/jiangt/FaaSLight-Re/Original_app/app3-dynamic/numpy/ma/core.py=_MaskedUFunc=__init__=894
/home/jiangt/FaaSLight-Re/Original_app/app3-dynamic/numpy/core/_internal.py=_ufunc_doc_signature_formatter=869
/home/jiangt/FaaSLight-Re/Original_app/app3-dynamic/numpy/ma/core.py=_MaskedBinaryOperation=__init__=997
/home/jiangt/FaaSLight-Re/Original_app/app3-dynamic/numpy/ma/core.py=_MaskedUFunc=__init__=894
/home/jiangt/FaaSLight-Re/Original_app/app3-dynamic/numpy/core/_internal.py=_ufunc_doc_signature_formatter=869
/home/jiangt/FaaSLight-Re/Original_app/app3-dynamic/numpy/ma/core.py=_MaskedBinaryOperation=__init__=997
/home/jiangt/FaaSLight-Re/Original_app/app3-dynamic/numpy/ma/core.py=_MaskedUFunc=__init__=894
/home/jiangt/FaaSLight-Re/Original_app/app3-dynamic/numpy/core/_internal.py=_ufunc_doc_signature_formatter=869
/home/jiangt/FaaSLight-Re/Original_app/app3-dynamic/numpy/ma/core.py=_MaskedBinaryOperation=__init__=997
/home/jiangt/FaaSLight-Re/Original_app/app3-dynamic/numpy/ma/core.py=_MaskedUFunc=__init__=894
/home/jiangt/FaaSLight-Re/Original_app/app3-dynamic/numpy/core/_internal.py=_ufunc_doc_signature_formatter=869
/home/jiangt/FaaSLight-Re/Original_app/app3-dynamic/numpy/ma/core.py=_MaskedBinaryOperation=__init__=997
/home/jiangt/FaaSLight-Re/Original_app/app3-dynamic/numpy/ma/core.py=_MaskedUFunc=__init__=894
/home/jiangt/FaaSLight-Re/Original_app/app3-dynamic/numpy/core/_internal.py=_ufunc_doc_signature_formatter=869
/home/jiangt/FaaSLight-Re/Original_app/app3-dynamic/numpy/ma/core.py=_MaskedBinaryOperation=__init__=997
/home/jiangt/FaaSLight-Re/Original_app/app3-dynamic/numpy/ma/core.py=_MaskedUFunc=__init__=894
/home/jiangt/FaaSLight-Re/Original_app/app3-dynamic/numpy/core/_internal.py=_ufunc_doc_signature_formatter=869
/home/jiangt/FaaSLight-Re/Original_app/app3-dynamic/numpy/ma/core.py=_MaskedBinaryOperation=__init__=997
/home/jiangt/FaaSLight-Re/Original_app/app3-dynamic/numpy/ma/core.py=_MaskedUFunc=__init__=894
/home/jiangt/FaaSLight-Re/Original_app/app3-dynamic/numpy/core/_internal.py=_ufunc_doc_signature_formatter=869
/home/jiangt/FaaSLight-Re/Original_app/app3-dynamic/numpy/ma/core.py=_MaskedBinaryOperation=__init__=997
/home/jiangt/FaaSLight-Re/Original_app/app3-dynamic/numpy/ma/core.py=_MaskedUFunc=__init__=894
/home/jiangt/FaaSLight-Re/Original_app/app3-dynamic/numpy/core/_internal.py=_ufunc_doc_signature_formatter=869
/home/jiangt/FaaSLight-Re/Original_app/app3-dynamic/numpy/ma/core.py=_MaskedBinaryOperation=__init__=997
/home/jiangt/FaaSLight-Re/Original_app/app3-dynamic/numpy/ma/core.py=_MaskedUFunc=__init__=894
/home/jiangt/FaaSLight-Re/Original_app/app3-dynamic/numpy/core/_internal.py=_ufunc_doc_signature_formatter=869
/home/jiangt/FaaSLight-Re/Original_app/app3-dynamic/numpy/ma/core.py=_MaskedBinaryOperation=__init__=997
/home/jiangt/FaaSLight-Re/Original_app/app3-dynamic/numpy/ma/core.py=_MaskedUFunc=__init__=894
/home/jiangt/FaaSLight-Re/Original_app/app3-dynamic/numpy/core/_internal.py=_ufunc_doc_signature_formatter=869
/home/jiangt/FaaSLight-Re/Original_app/app3-dynamic/numpy/ma/core.py=_DomainSafeDivide=__init__=846
/home/jiangt/FaaSLight-Re/Original_app/app3-dynamic/numpy/ma/core.py=_DomainedBinaryOperation=__init__=1146
/home/jiangt/FaaSLight-Re/Original_app/app3-dynamic/numpy/ma/core.py=_MaskedUFunc=__init__=894
/home/jiangt/FaaSLight-Re/Original_app/app3-dynamic/numpy/core/_internal.py=_ufunc_doc_signature_formatter=869
/home/jiangt/FaaSLight-Re/Original_app/app3-dynamic/numpy/ma/core.py=_DomainSafeDivide=__init__=846
/home/jiangt/FaaSLight-Re/Original_app/app3-dynamic/numpy/ma/core.py=_DomainedBinaryOperation=__init__=1146
/home/jiangt/FaaSLight-Re/Original_app/app3-dynamic/numpy/ma/core.py=_MaskedUFunc=__init__=894
/home/jiangt/FaaSLight-Re/Original_app/app3-dynamic/numpy/core/_internal.py=_ufunc_doc_signature_formatter=869
/home/jiangt/FaaSLight-Re/Original_app/app3-dynamic/numpy/ma/core.py=_DomainSafeDivide=__init__=846
/home/jiangt/FaaSLight-Re/Original_app/app3-dynamic/numpy/ma/core.py=_DomainedBinaryOperation=__init__=1146
/home/jiangt/FaaSLight-Re/Original_app/app3-dynamic/numpy/ma/core.py=_MaskedUFunc=__init__=894
/home/jiangt/FaaSLight-Re/Original_app/app3-dynamic/numpy/core/_internal.py=_ufunc_doc_signature_formatter=869
/home/jiangt/FaaSLight-Re/Original_app/app3-dynamic/numpy/ma/core.py=_DomainSafeDivide=__init__=846
/home/jiangt/FaaSLight-Re/Original_app/app3-dynamic/numpy/ma/core.py=_DomainedBinaryOperation=__init__=1146
/home/jiangt/FaaSLight-Re/Original_app/app3-dynamic/numpy/ma/core.py=_MaskedUFunc=__init__=894
/home/jiangt/FaaSLight-Re/Original_app/app3-dynamic/numpy/core/_internal.py=_ufunc_doc_signature_formatter=869
/home/jiangt/FaaSLight-Re/Original_app/app3-dynamic/numpy/ma/core.py=_DomainSafeDivide=__init__=846
/home/jiangt/FaaSLight-Re/Original_app/app3-dynamic/numpy/ma/core.py=_DomainedBinaryOperation=__init__=1146
/home/jiangt/FaaSLight-Re/Original_app/app3-dynamic/numpy/ma/core.py=_MaskedUFunc=__init__=894
/home/jiangt/FaaSLight-Re/Original_app/app3-dynamic/numpy/core/_internal.py=_ufunc_doc_signature_formatter=869
/home/jiangt/FaaSLight-Re/Original_app/app3-dynamic/numpy/ma/core.py=_DomainSafeDivide=__init__=846
/home/jiangt/FaaSLight-Re/Original_app/app3-dynamic/numpy/ma/core.py=_DomainedBinaryOperation=__init__=1146
/home/jiangt/FaaSLight-Re/Original_app/app3-dynamic/numpy/ma/core.py=_MaskedUFunc=__init__=894
/home/jiangt/FaaSLight-Re/Original_app/app3-dynamic/numpy/core/_internal.py=_ufunc_doc_signature_formatter=869
/home/jiangt/FaaSLight-Re/Original_app/app3-dynamic/numpy/ma/core.py=_MaskedPrintOption=__init__=2378
/home/jiangt/FaaSLight-Re/Original_app/app3-dynamic/numpy/core/_ufunc_config.py=errstate=__init__=426
/home/jiangt/FaaSLight-Re/Original_app/app3-dynamic/numpy/ma/core.py=_arraymethod=2544
/home/jiangt/FaaSLight-Re/Original_app/app3-dynamic/numpy/ma/core.py=_arraymethod=2544
/home/jiangt/FaaSLight-Re/Original_app/app3-dynamic/numpy/ma/core.py=_arraymethod=2544
/home/jiangt/FaaSLight-Re/Original_app/app3-dynamic/numpy/ma/core.py=_arraymethod=2544
/home/jiangt/FaaSLight-Re/Original_app/app3-dynamic/numpy/ma/core.py=_arraymethod=2544
/home/jiangt/FaaSLight-Re/Original_app/app3-dynamic/numpy/ma/core.py=_arraymethod=2544
/home/jiangt/FaaSLight-Re/Original_app/app3-dynamic/numpy/ma/core.py=_arraymethod=2544
/home/jiangt/FaaSLight-Re/Original_app/app3-dynamic/numpy/ma/core.py=MaskedConstant=__new__=6527
/home/jiangt/FaaSLight-Re/Original_app/app3-dynamic/numpy/ma/core.py=MaskedConstant=__has_singleton=6521
/home/jiangt/FaaSLight-Re/Original_app/app3-dynamic/numpy/ma/core.py=MaskedArray=__new__=2808
/home/jiangt/FaaSLight-Re/Original_app/app3-dynamic/numpy/ma/core.py=MaskedArray=__array_finalize__=2966
/home/jiangt/FaaSLight-Re/Original_app/app3-dynamic/numpy/ma/core.py=MaskedArray=_update_from=2940
/home/jiangt/FaaSLight-Re/Original_app/app3-dynamic/numpy/ma/core.py=getmask=1362
/home/jiangt/FaaSLight-Re/Original_app/app3-dynamic/numpy/ma/core.py=MaskedArray=dtype=3405
/home/jiangt/FaaSLight-Re/Original_app/app3-dynamic/numpy/ma/core.py=MaskedArray=dtype=3405
/home/jiangt/FaaSLight-Re/Original_app/app3-dynamic/numpy/ma/core.py=make_mask_descr=1329
/home/jiangt/FaaSLight-Re/Original_app/app3-dynamic/numpy/ma/core.py=_replace_dtype_fields=1315
/home/jiangt/FaaSLight-Re/Original_app/app3-dynamic/numpy/ma/core.py=_replace_dtype_fields_recursive=1283
/home/jiangt/FaaSLight-Re/Original_app/app3-dynamic/numpy/ma/core.py=MaskedArray=shape=3421
/home/jiangt/FaaSLight-Re/Original_app/app3-dynamic/numpy/ma/core.py=MaskedArray=view=3115
/home/jiangt/FaaSLight-Re/Original_app/app3-dynamic/numpy/ma/core.py=MaskedConstant=__array_finalize__=6545
/home/jiangt/FaaSLight-Re/Original_app/app3-dynamic/numpy/ma/core.py=MaskedConstant=__has_singleton=6521
/home/jiangt/FaaSLight-Re/Original_app/app3-dynamic/numpy/ma/core.py=MaskedArray=__array_finalize__=2966
/home/jiangt/FaaSLight-Re/Original_app/app3-dynamic/numpy/ma/core.py=MaskedArray=_update_from=2940
/home/jiangt/FaaSLight-Re/Original_app/app3-dynamic/numpy/ma/core.py=MaskedArray=dtype=3405
/home/jiangt/FaaSLight-Re/Original_app/app3-dynamic/numpy/ma/core.py=getmask=1362
/home/jiangt/FaaSLight-Re/Original_app/app3-dynamic/numpy/ma/core.py=MaskedConstant=__setattr__=6620
/home/jiangt/FaaSLight-Re/Original_app/app3-dynamic/numpy/ma/core.py=MaskedConstant=__has_singleton=6521
/home/jiangt/FaaSLight-Re/Original_app/app3-dynamic/numpy/ma/core.py=MaskedArray=shape=3421
/home/jiangt/FaaSLight-Re/Original_app/app3-dynamic/numpy/ma/core.py=MaskedArray=dtype=3405
/home/jiangt/FaaSLight-Re/Original_app/app3-dynamic/numpy/ma/core.py=getmask=1362
/home/jiangt/FaaSLight-Re/Original_app/app3-dynamic/numpy/ma/core.py=MaskedConstant=__setattr__=6620
/home/jiangt/FaaSLight-Re/Original_app/app3-dynamic/numpy/ma/core.py=MaskedConstant=__has_singleton=6521
/home/jiangt/FaaSLight-Re/Original_app/app3-dynamic/numpy/ma/core.py=_frommethod=__init__=6832
/home/jiangt/FaaSLight-Re/Original_app/app3-dynamic/numpy/ma/core.py=_frommethod=getdoc=6837
/home/jiangt/FaaSLight-Re/Original_app/app3-dynamic/numpy/ma/core.py=get_object_signature=131
/home/jiangt/FaaSLight-Re/Original_app/app3-dynamic/numpy/compat/_inspect.py=getargspec=96
/home/jiangt/FaaSLight-Re/Original_app/app3-dynamic/numpy/compat/_inspect.py=ismethod=13
/home/jiangt/FaaSLight-Re/Original_app/app3-dynamic/numpy/compat/_inspect.py=isfunction=26
/home/jiangt/FaaSLight-Re/Original_app/app3-dynamic/numpy/compat/_inspect.py=getargs=65
/home/jiangt/FaaSLight-Re/Original_app/app3-dynamic/numpy/compat/_inspect.py=iscode=41
/home/jiangt/FaaSLight-Re/Original_app/app3-dynamic/numpy/compat/_inspect.py=formatargspec=140
/home/jiangt/FaaSLight-Re/Original_app/app3-dynamic/numpy/compat/_inspect.py=strseq=131
/home/jiangt/FaaSLight-Re/Original_app/app3-dynamic/numpy/compat/_inspect.py=strseq=131
/home/jiangt/FaaSLight-Re/Original_app/app3-dynamic/numpy/compat/_inspect.py=strseq=131
/home/jiangt/FaaSLight-Re/Original_app/app3-dynamic/numpy/compat/_inspect.py=strseq=131
/home/jiangt/FaaSLight-Re/Original_app/app3-dynamic/numpy/_globals.py=_NoValueType=__repr__=86
/home/jiangt/FaaSLight-Re/Original_app/app3-dynamic/numpy/ma/core.py=_frommethod=__init__=6832
/home/jiangt/FaaSLight-Re/Original_app/app3-dynamic/numpy/ma/core.py=_frommethod=getdoc=6837
/home/jiangt/FaaSLight-Re/Original_app/app3-dynamic/numpy/ma/core.py=get_object_signature=131
/home/jiangt/FaaSLight-Re/Original_app/app3-dynamic/numpy/compat/_inspect.py=getargspec=96
/home/jiangt/FaaSLight-Re/Original_app/app3-dynamic/numpy/compat/_inspect.py=ismethod=13
/home/jiangt/FaaSLight-Re/Original_app/app3-dynamic/numpy/compat/_inspect.py=isfunction=26
/home/jiangt/FaaSLight-Re/Original_app/app3-dynamic/numpy/compat/_inspect.py=getargs=65
/home/jiangt/FaaSLight-Re/Original_app/app3-dynamic/numpy/compat/_inspect.py=iscode=41
/home/jiangt/FaaSLight-Re/Original_app/app3-dynamic/numpy/compat/_inspect.py=formatargspec=140
/home/jiangt/FaaSLight-Re/Original_app/app3-dynamic/numpy/compat/_inspect.py=strseq=131
/home/jiangt/FaaSLight-Re/Original_app/app3-dynamic/numpy/compat/_inspect.py=strseq=131
/home/jiangt/FaaSLight-Re/Original_app/app3-dynamic/numpy/compat/_inspect.py=strseq=131
/home/jiangt/FaaSLight-Re/Original_app/app3-dynamic/numpy/ma/core.py=_frommethod=__init__=6832
/home/jiangt/FaaSLight-Re/Original_app/app3-dynamic/numpy/ma/core.py=_frommethod=getdoc=6837
/home/jiangt/FaaSLight-Re/Original_app/app3-dynamic/numpy/ma/core.py=get_object_signature=131
/home/jiangt/FaaSLight-Re/Original_app/app3-dynamic/numpy/compat/_inspect.py=getargspec=96
/home/jiangt/FaaSLight-Re/Original_app/app3-dynamic/numpy/compat/_inspect.py=ismethod=13
/home/jiangt/FaaSLight-Re/Original_app/app3-dynamic/numpy/compat/_inspect.py=isfunction=26
/home/jiangt/FaaSLight-Re/Original_app/app3-dynamic/numpy/compat/_inspect.py=getargs=65
/home/jiangt/FaaSLight-Re/Original_app/app3-dynamic/numpy/compat/_inspect.py=iscode=41
/home/jiangt/FaaSLight-Re/Original_app/app3-dynamic/numpy/compat/_inspect.py=formatargspec=140
/home/jiangt/FaaSLight-Re/Original_app/app3-dynamic/numpy/compat/_inspect.py=strseq=131
/home/jiangt/FaaSLight-Re/Original_app/app3-dynamic/numpy/compat/_inspect.py=strseq=131
/home/jiangt/FaaSLight-Re/Original_app/app3-dynamic/numpy/compat/_inspect.py=strseq=131
/home/jiangt/FaaSLight-Re/Original_app/app3-dynamic/numpy/compat/_inspect.py=strseq=131
/home/jiangt/FaaSLight-Re/Original_app/app3-dynamic/numpy/_globals.py=_NoValueType=__repr__=86
/home/jiangt/FaaSLight-Re/Original_app/app3-dynamic/numpy/ma/core.py=_frommethod=__init__=6832
/home/jiangt/FaaSLight-Re/Original_app/app3-dynamic/numpy/ma/core.py=_frommethod=getdoc=6837
/home/jiangt/FaaSLight-Re/Original_app/app3-dynamic/numpy/ma/core.py=get_object_signature=131
/home/jiangt/FaaSLight-Re/Original_app/app3-dynamic/numpy/compat/_inspect.py=getargspec=96
/home/jiangt/FaaSLight-Re/Original_app/app3-dynamic/numpy/compat/_inspect.py=ismethod=13
/home/jiangt/FaaSLight-Re/Original_app/app3-dynamic/numpy/compat/_inspect.py=isfunction=26
/home/jiangt/FaaSLight-Re/Original_app/app3-dynamic/numpy/compat/_inspect.py=getargs=65
/home/jiangt/FaaSLight-Re/Original_app/app3-dynamic/numpy/compat/_inspect.py=iscode=41
/home/jiangt/FaaSLight-Re/Original_app/app3-dynamic/numpy/compat/_inspect.py=formatargspec=140
/home/jiangt/FaaSLight-Re/Original_app/app3-dynamic/numpy/compat/_inspect.py=strseq=131
/home/jiangt/FaaSLight-Re/Original_app/app3-dynamic/numpy/compat/_inspect.py=strseq=131
/home/jiangt/FaaSLight-Re/Original_app/app3-dynamic/numpy/compat/_inspect.py=strseq=131
/home/jiangt/FaaSLight-Re/Original_app/app3-dynamic/numpy/compat/_inspect.py=strseq=131
/home/jiangt/FaaSLight-Re/Original_app/app3-dynamic/numpy/ma/core.py=_frommethod=__init__=6832
/home/jiangt/FaaSLight-Re/Original_app/app3-dynamic/numpy/ma/core.py=_frommethod=getdoc=6837
/home/jiangt/FaaSLight-Re/Original_app/app3-dynamic/numpy/ma/core.py=get_object_signature=131
/home/jiangt/FaaSLight-Re/Original_app/app3-dynamic/numpy/compat/_inspect.py=getargspec=96
/home/jiangt/FaaSLight-Re/Original_app/app3-dynamic/numpy/compat/_inspect.py=ismethod=13
/home/jiangt/FaaSLight-Re/Original_app/app3-dynamic/numpy/compat/_inspect.py=isfunction=26
/home/jiangt/FaaSLight-Re/Original_app/app3-dynamic/numpy/compat/_inspect.py=getargs=65
/home/jiangt/FaaSLight-Re/Original_app/app3-dynamic/numpy/compat/_inspect.py=iscode=41
/home/jiangt/FaaSLight-Re/Original_app/app3-dynamic/numpy/compat/_inspect.py=formatargspec=140
/home/jiangt/FaaSLight-Re/Original_app/app3-dynamic/numpy/compat/_inspect.py=strseq=131
/home/jiangt/FaaSLight-Re/Original_app/app3-dynamic/numpy/compat/_inspect.py=strseq=131
/home/jiangt/FaaSLight-Re/Original_app/app3-dynamic/numpy/compat/_inspect.py=strseq=131
/home/jiangt/FaaSLight-Re/Original_app/app3-dynamic/numpy/compat/_inspect.py=strseq=131
/home/jiangt/FaaSLight-Re/Original_app/app3-dynamic/numpy/ma/core.py=_frommethod=__init__=6832
/home/jiangt/FaaSLight-Re/Original_app/app3-dynamic/numpy/ma/core.py=_frommethod=getdoc=6837
/home/jiangt/FaaSLight-Re/Original_app/app3-dynamic/numpy/ma/core.py=get_object_signature=131
/home/jiangt/FaaSLight-Re/Original_app/app3-dynamic/numpy/compat/_inspect.py=getargspec=96
/home/jiangt/FaaSLight-Re/Original_app/app3-dynamic/numpy/compat/_inspect.py=ismethod=13
/home/jiangt/FaaSLight-Re/Original_app/app3-dynamic/numpy/compat/_inspect.py=isfunction=26
/home/jiangt/FaaSLight-Re/Original_app/app3-dynamic/numpy/compat/_inspect.py=getargs=65
/home/jiangt/FaaSLight-Re/Original_app/app3-dynamic/numpy/compat/_inspect.py=iscode=41
/home/jiangt/FaaSLight-Re/Original_app/app3-dynamic/numpy/compat/_inspect.py=formatargspec=140
/home/jiangt/FaaSLight-Re/Original_app/app3-dynamic/numpy/compat/_inspect.py=strseq=131
/home/jiangt/FaaSLight-Re/Original_app/app3-dynamic/numpy/compat/_inspect.py=strseq=131
/home/jiangt/FaaSLight-Re/Original_app/app3-dynamic/numpy/compat/_inspect.py=strseq=131
/home/jiangt/FaaSLight-Re/Original_app/app3-dynamic/numpy/compat/_inspect.py=strseq=131
/home/jiangt/FaaSLight-Re/Original_app/app3-dynamic/numpy/ma/core.py=_frommethod=__init__=6832
/home/jiangt/FaaSLight-Re/Original_app/app3-dynamic/numpy/ma/core.py=_frommethod=getdoc=6837
/home/jiangt/FaaSLight-Re/Original_app/app3-dynamic/numpy/ma/core.py=get_object_signature=131
/home/jiangt/FaaSLight-Re/Original_app/app3-dynamic/numpy/compat/_inspect.py=getargspec=96
/home/jiangt/FaaSLight-Re/Original_app/app3-dynamic/numpy/compat/_inspect.py=ismethod=13
/home/jiangt/FaaSLight-Re/Original_app/app3-dynamic/numpy/compat/_inspect.py=isfunction=26
/home/jiangt/FaaSLight-Re/Original_app/app3-dynamic/numpy/compat/_inspect.py=getargs=65
/home/jiangt/FaaSLight-Re/Original_app/app3-dynamic/numpy/compat/_inspect.py=iscode=41
/home/jiangt/FaaSLight-Re/Original_app/app3-dynamic/numpy/compat/_inspect.py=formatargspec=140
/home/jiangt/FaaSLight-Re/Original_app/app3-dynamic/numpy/compat/_inspect.py=strseq=131
/home/jiangt/FaaSLight-Re/Original_app/app3-dynamic/numpy/ma/core.py=_frommethod=__init__=6832
/home/jiangt/FaaSLight-Re/Original_app/app3-dynamic/numpy/ma/core.py=_frommethod=getdoc=6837
/home/jiangt/FaaSLight-Re/Original_app/app3-dynamic/numpy/ma/core.py=get_object_signature=131
/home/jiangt/FaaSLight-Re/Original_app/app3-dynamic/numpy/compat/_inspect.py=getargspec=96
/home/jiangt/FaaSLight-Re/Original_app/app3-dynamic/numpy/compat/_inspect.py=ismethod=13
/home/jiangt/FaaSLight-Re/Original_app/app3-dynamic/numpy/compat/_inspect.py=isfunction=26
/home/jiangt/FaaSLight-Re/Original_app/app3-dynamic/numpy/compat/_inspect.py=getargs=65
/home/jiangt/FaaSLight-Re/Original_app/app3-dynamic/numpy/compat/_inspect.py=iscode=41
/home/jiangt/FaaSLight-Re/Original_app/app3-dynamic/numpy/compat/_inspect.py=formatargspec=140
/home/jiangt/FaaSLight-Re/Original_app/app3-dynamic/numpy/compat/_inspect.py=strseq=131
/home/jiangt/FaaSLight-Re/Original_app/app3-dynamic/numpy/ma/core.py=_frommethod=__init__=6832
/home/jiangt/FaaSLight-Re/Original_app/app3-dynamic/numpy/ma/core.py=_frommethod=getdoc=6837
/home/jiangt/FaaSLight-Re/Original_app/app3-dynamic/numpy/ma/core.py=get_object_signature=131
/home/jiangt/FaaSLight-Re/Original_app/app3-dynamic/numpy/compat/_inspect.py=getargspec=96
/home/jiangt/FaaSLight-Re/Original_app/app3-dynamic/numpy/compat/_inspect.py=ismethod=13
/home/jiangt/FaaSLight-Re/Original_app/app3-dynamic/numpy/compat/_inspect.py=isfunction=26
/home/jiangt/FaaSLight-Re/Original_app/app3-dynamic/numpy/compat/_inspect.py=getargs=65
/home/jiangt/FaaSLight-Re/Original_app/app3-dynamic/numpy/compat/_inspect.py=iscode=41
/home/jiangt/FaaSLight-Re/Original_app/app3-dynamic/numpy/compat/_inspect.py=formatargspec=140
/home/jiangt/FaaSLight-Re/Original_app/app3-dynamic/numpy/compat/_inspect.py=strseq=131
/home/jiangt/FaaSLight-Re/Original_app/app3-dynamic/numpy/ma/core.py=_frommethod=__init__=6832
/home/jiangt/FaaSLight-Re/Original_app/app3-dynamic/numpy/ma/core.py=_frommethod=getdoc=6837
/home/jiangt/FaaSLight-Re/Original_app/app3-dynamic/numpy/ma/core.py=get_object_signature=131
/home/jiangt/FaaSLight-Re/Original_app/app3-dynamic/numpy/compat/_inspect.py=getargspec=96
/home/jiangt/FaaSLight-Re/Original_app/app3-dynamic/numpy/compat/_inspect.py=ismethod=13
/home/jiangt/FaaSLight-Re/Original_app/app3-dynamic/numpy/compat/_inspect.py=isfunction=26
/home/jiangt/FaaSLight-Re/Original_app/app3-dynamic/numpy/compat/_inspect.py=getargs=65
/home/jiangt/FaaSLight-Re/Original_app/app3-dynamic/numpy/compat/_inspect.py=iscode=41
/home/jiangt/FaaSLight-Re/Original_app/app3-dynamic/numpy/compat/_inspect.py=formatargspec=140
/home/jiangt/FaaSLight-Re/Original_app/app3-dynamic/numpy/compat/_inspect.py=strseq=131
/home/jiangt/FaaSLight-Re/Original_app/app3-dynamic/numpy/ma/core.py=_extrema_operation=__init__=6721
/home/jiangt/FaaSLight-Re/Original_app/app3-dynamic/numpy/ma/core.py=_MaskedUFunc=__init__=894
/home/jiangt/FaaSLight-Re/Original_app/app3-dynamic/numpy/core/_internal.py=_ufunc_doc_signature_formatter=869
/home/jiangt/FaaSLight-Re/Original_app/app3-dynamic/numpy/ma/core.py=_frommethod=__init__=6832
/home/jiangt/FaaSLight-Re/Original_app/app3-dynamic/numpy/ma/core.py=_frommethod=getdoc=6837
/home/jiangt/FaaSLight-Re/Original_app/app3-dynamic/numpy/ma/core.py=get_object_signature=131
/home/jiangt/FaaSLight-Re/Original_app/app3-dynamic/numpy/compat/_inspect.py=getargspec=96
/home/jiangt/FaaSLight-Re/Original_app/app3-dynamic/numpy/compat/_inspect.py=ismethod=13
/home/jiangt/FaaSLight-Re/Original_app/app3-dynamic/numpy/compat/_inspect.py=isfunction=26
/home/jiangt/FaaSLight-Re/Original_app/app3-dynamic/numpy/compat/_inspect.py=getargs=65
/home/jiangt/FaaSLight-Re/Original_app/app3-dynamic/numpy/compat/_inspect.py=iscode=41
/home/jiangt/FaaSLight-Re/Original_app/app3-dynamic/numpy/compat/_inspect.py=formatargspec=140
/home/jiangt/FaaSLight-Re/Original_app/app3-dynamic/numpy/compat/_inspect.py=strseq=131
/home/jiangt/FaaSLight-Re/Original_app/app3-dynamic/numpy/compat/_inspect.py=strseq=131
/home/jiangt/FaaSLight-Re/Original_app/app3-dynamic/numpy/compat/_inspect.py=strseq=131
/home/jiangt/FaaSLight-Re/Original_app/app3-dynamic/numpy/compat/_inspect.py=strseq=131
/home/jiangt/FaaSLight-Re/Original_app/app3-dynamic/numpy/compat/_inspect.py=strseq=131
/home/jiangt/FaaSLight-Re/Original_app/app3-dynamic/numpy/_globals.py=_NoValueType=__repr__=86
/home/jiangt/FaaSLight-Re/Original_app/app3-dynamic/numpy/ma/core.py=_extrema_operation=__init__=6721
/home/jiangt/FaaSLight-Re/Original_app/app3-dynamic/numpy/ma/core.py=_MaskedUFunc=__init__=894
/home/jiangt/FaaSLight-Re/Original_app/app3-dynamic/numpy/core/_internal.py=_ufunc_doc_signature_formatter=869
/home/jiangt/FaaSLight-Re/Original_app/app3-dynamic/numpy/ma/core.py=_frommethod=__init__=6832
/home/jiangt/FaaSLight-Re/Original_app/app3-dynamic/numpy/ma/core.py=_frommethod=getdoc=6837
/home/jiangt/FaaSLight-Re/Original_app/app3-dynamic/numpy/ma/core.py=get_object_signature=131
/home/jiangt/FaaSLight-Re/Original_app/app3-dynamic/numpy/compat/_inspect.py=getargspec=96
/home/jiangt/FaaSLight-Re/Original_app/app3-dynamic/numpy/compat/_inspect.py=ismethod=13
/home/jiangt/FaaSLight-Re/Original_app/app3-dynamic/numpy/compat/_inspect.py=isfunction=26
/home/jiangt/FaaSLight-Re/Original_app/app3-dynamic/numpy/compat/_inspect.py=getargs=65
/home/jiangt/FaaSLight-Re/Original_app/app3-dynamic/numpy/compat/_inspect.py=iscode=41
/home/jiangt/FaaSLight-Re/Original_app/app3-dynamic/numpy/compat/_inspect.py=formatargspec=140
/home/jiangt/FaaSLight-Re/Original_app/app3-dynamic/numpy/compat/_inspect.py=strseq=131
/home/jiangt/FaaSLight-Re/Original_app/app3-dynamic/numpy/ma/core.py=_frommethod=__init__=6832
/home/jiangt/FaaSLight-Re/Original_app/app3-dynamic/numpy/ma/core.py=_frommethod=getdoc=6837
/home/jiangt/FaaSLight-Re/Original_app/app3-dynamic/numpy/ma/core.py=get_object_signature=131
/home/jiangt/FaaSLight-Re/Original_app/app3-dynamic/numpy/compat/_inspect.py=getargspec=96
/home/jiangt/FaaSLight-Re/Original_app/app3-dynamic/numpy/compat/_inspect.py=ismethod=13
/home/jiangt/FaaSLight-Re/Original_app/app3-dynamic/numpy/compat/_inspect.py=isfunction=26
/home/jiangt/FaaSLight-Re/Original_app/app3-dynamic/numpy/compat/_inspect.py=getargs=65
/home/jiangt/FaaSLight-Re/Original_app/app3-dynamic/numpy/compat/_inspect.py=iscode=41
/home/jiangt/FaaSLight-Re/Original_app/app3-dynamic/numpy/compat/_inspect.py=formatargspec=140
/home/jiangt/FaaSLight-Re/Original_app/app3-dynamic/numpy/compat/_inspect.py=strseq=131
/home/jiangt/FaaSLight-Re/Original_app/app3-dynamic/numpy/compat/_inspect.py=strseq=131
/home/jiangt/FaaSLight-Re/Original_app/app3-dynamic/numpy/compat/_inspect.py=strseq=131
/home/jiangt/FaaSLight-Re/Original_app/app3-dynamic/numpy/compat/_inspect.py=strseq=131
/home/jiangt/FaaSLight-Re/Original_app/app3-dynamic/numpy/compat/_inspect.py=strseq=131
/home/jiangt/FaaSLight-Re/Original_app/app3-dynamic/numpy/_globals.py=_NoValueType=__repr__=86
/home/jiangt/FaaSLight-Re/Original_app/app3-dynamic/numpy/ma/core.py=_frommethod=__init__=6832
/home/jiangt/FaaSLight-Re/Original_app/app3-dynamic/numpy/ma/core.py=_frommethod=getdoc=6837
/home/jiangt/FaaSLight-Re/Original_app/app3-dynamic/numpy/ma/core.py=get_object_signature=131
/home/jiangt/FaaSLight-Re/Original_app/app3-dynamic/numpy/compat/_inspect.py=getargspec=96
/home/jiangt/FaaSLight-Re/Original_app/app3-dynamic/numpy/compat/_inspect.py=ismethod=13
/home/jiangt/FaaSLight-Re/Original_app/app3-dynamic/numpy/compat/_inspect.py=isfunction=26
/home/jiangt/FaaSLight-Re/Original_app/app3-dynamic/numpy/compat/_inspect.py=getargs=65
/home/jiangt/FaaSLight-Re/Original_app/app3-dynamic/numpy/compat/_inspect.py=iscode=41
/home/jiangt/FaaSLight-Re/Original_app/app3-dynamic/numpy/compat/_inspect.py=formatargspec=140
/home/jiangt/FaaSLight-Re/Original_app/app3-dynamic/numpy/compat/_inspect.py=strseq=131
/home/jiangt/FaaSLight-Re/Original_app/app3-dynamic/numpy/compat/_inspect.py=strseq=131
/home/jiangt/FaaSLight-Re/Original_app/app3-dynamic/numpy/compat/_inspect.py=strseq=131
/home/jiangt/FaaSLight-Re/Original_app/app3-dynamic/numpy/compat/_inspect.py=strseq=131
/home/jiangt/FaaSLight-Re/Original_app/app3-dynamic/numpy/compat/_inspect.py=strseq=131
/home/jiangt/FaaSLight-Re/Original_app/app3-dynamic/numpy/_globals.py=_NoValueType=__repr__=86
/home/jiangt/FaaSLight-Re/Original_app/app3-dynamic/numpy/ma/core.py=_frommethod=__init__=6832
/home/jiangt/FaaSLight-Re/Original_app/app3-dynamic/numpy/ma/core.py=_frommethod=getdoc=6837
/home/jiangt/FaaSLight-Re/Original_app/app3-dynamic/numpy/ma/core.py=get_object_signature=131
/home/jiangt/FaaSLight-Re/Original_app/app3-dynamic/numpy/compat/_inspect.py=getargspec=96
/home/jiangt/FaaSLight-Re/Original_app/app3-dynamic/numpy/compat/_inspect.py=ismethod=13
/home/jiangt/FaaSLight-Re/Original_app/app3-dynamic/numpy/compat/_inspect.py=isfunction=26
/home/jiangt/FaaSLight-Re/Original_app/app3-dynamic/numpy/compat/_inspect.py=getargs=65
/home/jiangt/FaaSLight-Re/Original_app/app3-dynamic/numpy/compat/_inspect.py=iscode=41
/home/jiangt/FaaSLight-Re/Original_app/app3-dynamic/numpy/compat/_inspect.py=formatargspec=140
/home/jiangt/FaaSLight-Re/Original_app/app3-dynamic/numpy/compat/_inspect.py=strseq=131
/home/jiangt/FaaSLight-Re/Original_app/app3-dynamic/numpy/compat/_inspect.py=strseq=131
/home/jiangt/FaaSLight-Re/Original_app/app3-dynamic/numpy/ma/core.py=_frommethod=__init__=6832
/home/jiangt/FaaSLight-Re/Original_app/app3-dynamic/numpy/ma/core.py=_frommethod=getdoc=6837
/home/jiangt/FaaSLight-Re/Original_app/app3-dynamic/numpy/ma/core.py=get_object_signature=131
/home/jiangt/FaaSLight-Re/Original_app/app3-dynamic/numpy/compat/_inspect.py=getargspec=96
/home/jiangt/FaaSLight-Re/Original_app/app3-dynamic/numpy/compat/_inspect.py=ismethod=13
/home/jiangt/FaaSLight-Re/Original_app/app3-dynamic/numpy/compat/_inspect.py=isfunction=26
/home/jiangt/FaaSLight-Re/Original_app/app3-dynamic/numpy/compat/_inspect.py=getargs=65
/home/jiangt/FaaSLight-Re/Original_app/app3-dynamic/numpy/compat/_inspect.py=iscode=41
/home/jiangt/FaaSLight-Re/Original_app/app3-dynamic/numpy/compat/_inspect.py=formatargspec=140
/home/jiangt/FaaSLight-Re/Original_app/app3-dynamic/numpy/compat/_inspect.py=strseq=131
/home/jiangt/FaaSLight-Re/Original_app/app3-dynamic/numpy/ma/core.py=_frommethod=__init__=6832
/home/jiangt/FaaSLight-Re/Original_app/app3-dynamic/numpy/ma/core.py=_frommethod=getdoc=6837
/home/jiangt/FaaSLight-Re/Original_app/app3-dynamic/numpy/ma/core.py=get_object_signature=131
/home/jiangt/FaaSLight-Re/Original_app/app3-dynamic/numpy/compat/_inspect.py=getargspec=96
/home/jiangt/FaaSLight-Re/Original_app/app3-dynamic/numpy/compat/_inspect.py=ismethod=13
/home/jiangt/FaaSLight-Re/Original_app/app3-dynamic/numpy/compat/_inspect.py=isfunction=26
/home/jiangt/FaaSLight-Re/Original_app/app3-dynamic/numpy/compat/_inspect.py=getargs=65
/home/jiangt/FaaSLight-Re/Original_app/app3-dynamic/numpy/compat/_inspect.py=iscode=41
/home/jiangt/FaaSLight-Re/Original_app/app3-dynamic/numpy/compat/_inspect.py=formatargspec=140
/home/jiangt/FaaSLight-Re/Original_app/app3-dynamic/numpy/compat/_inspect.py=strseq=131
/home/jiangt/FaaSLight-Re/Original_app/app3-dynamic/numpy/ma/core.py=_frommethod=__init__=6832
/home/jiangt/FaaSLight-Re/Original_app/app3-dynamic/numpy/ma/core.py=_frommethod=getdoc=6837
/home/jiangt/FaaSLight-Re/Original_app/app3-dynamic/numpy/ma/core.py=get_object_signature=131
/home/jiangt/FaaSLight-Re/Original_app/app3-dynamic/numpy/compat/_inspect.py=getargspec=96
/home/jiangt/FaaSLight-Re/Original_app/app3-dynamic/numpy/compat/_inspect.py=ismethod=13
/home/jiangt/FaaSLight-Re/Original_app/app3-dynamic/numpy/compat/_inspect.py=isfunction=26
/home/jiangt/FaaSLight-Re/Original_app/app3-dynamic/numpy/compat/_inspect.py=getargs=65
/home/jiangt/FaaSLight-Re/Original_app/app3-dynamic/numpy/compat/_inspect.py=iscode=41
/home/jiangt/FaaSLight-Re/Original_app/app3-dynamic/numpy/compat/_inspect.py=formatargspec=140
/home/jiangt/FaaSLight-Re/Original_app/app3-dynamic/numpy/compat/_inspect.py=strseq=131
/home/jiangt/FaaSLight-Re/Original_app/app3-dynamic/numpy/ma/core.py=_frommethod=__init__=6832
/home/jiangt/FaaSLight-Re/Original_app/app3-dynamic/numpy/ma/core.py=_frommethod=getdoc=6837
/home/jiangt/FaaSLight-Re/Original_app/app3-dynamic/numpy/ma/core.py=get_object_signature=131
/home/jiangt/FaaSLight-Re/Original_app/app3-dynamic/numpy/compat/_inspect.py=getargspec=96
/home/jiangt/FaaSLight-Re/Original_app/app3-dynamic/numpy/compat/_inspect.py=ismethod=13
/home/jiangt/FaaSLight-Re/Original_app/app3-dynamic/numpy/compat/_inspect.py=isfunction=26
/home/jiangt/FaaSLight-Re/Original_app/app3-dynamic/numpy/compat/_inspect.py=getargs=65
/home/jiangt/FaaSLight-Re/Original_app/app3-dynamic/numpy/compat/_inspect.py=iscode=41
/home/jiangt/FaaSLight-Re/Original_app/app3-dynamic/numpy/compat/_inspect.py=formatargspec=140
/home/jiangt/FaaSLight-Re/Original_app/app3-dynamic/numpy/compat/_inspect.py=strseq=131
/home/jiangt/FaaSLight-Re/Original_app/app3-dynamic/numpy/compat/_inspect.py=strseq=131
/home/jiangt/FaaSLight-Re/Original_app/app3-dynamic/numpy/compat/_inspect.py=strseq=131
/home/jiangt/FaaSLight-Re/Original_app/app3-dynamic/numpy/compat/_inspect.py=strseq=131
/home/jiangt/FaaSLight-Re/Original_app/app3-dynamic/numpy/compat/_inspect.py=strseq=131
/home/jiangt/FaaSLight-Re/Original_app/app3-dynamic/numpy/compat/_inspect.py=strseq=131
/home/jiangt/FaaSLight-Re/Original_app/app3-dynamic/numpy/_globals.py=_NoValueType=__repr__=86
/home/jiangt/FaaSLight-Re/Original_app/app3-dynamic/numpy/ma/core.py=_frommethod=__init__=6832
/home/jiangt/FaaSLight-Re/Original_app/app3-dynamic/numpy/ma/core.py=_frommethod=getdoc=6837
/home/jiangt/FaaSLight-Re/Original_app/app3-dynamic/numpy/ma/core.py=get_object_signature=131
/home/jiangt/FaaSLight-Re/Original_app/app3-dynamic/numpy/compat/_inspect.py=getargspec=96
/home/jiangt/FaaSLight-Re/Original_app/app3-dynamic/numpy/compat/_inspect.py=ismethod=13
/home/jiangt/FaaSLight-Re/Original_app/app3-dynamic/numpy/compat/_inspect.py=isfunction=26
/home/jiangt/FaaSLight-Re/Original_app/app3-dynamic/numpy/compat/_inspect.py=getargs=65
/home/jiangt/FaaSLight-Re/Original_app/app3-dynamic/numpy/compat/_inspect.py=iscode=41
/home/jiangt/FaaSLight-Re/Original_app/app3-dynamic/numpy/compat/_inspect.py=formatargspec=140
/home/jiangt/FaaSLight-Re/Original_app/app3-dynamic/numpy/compat/_inspect.py=strseq=131
/home/jiangt/FaaSLight-Re/Original_app/app3-dynamic/numpy/compat/_inspect.py=strseq=131
/home/jiangt/FaaSLight-Re/Original_app/app3-dynamic/numpy/compat/_inspect.py=strseq=131
/home/jiangt/FaaSLight-Re/Original_app/app3-dynamic/numpy/compat/_inspect.py=strseq=131
/home/jiangt/FaaSLight-Re/Original_app/app3-dynamic/numpy/compat/_inspect.py=strseq=131
/home/jiangt/FaaSLight-Re/Original_app/app3-dynamic/numpy/_globals.py=_NoValueType=__repr__=86
/home/jiangt/FaaSLight-Re/Original_app/app3-dynamic/numpy/ma/core.py=_frommethod=__init__=6832
/home/jiangt/FaaSLight-Re/Original_app/app3-dynamic/numpy/ma/core.py=_frommethod=getdoc=6837
/home/jiangt/FaaSLight-Re/Original_app/app3-dynamic/numpy/ma/core.py=get_object_signature=131
/home/jiangt/FaaSLight-Re/Original_app/app3-dynamic/numpy/compat/_inspect.py=getargspec=96
/home/jiangt/FaaSLight-Re/Original_app/app3-dynamic/numpy/compat/_inspect.py=ismethod=13
/home/jiangt/FaaSLight-Re/Original_app/app3-dynamic/numpy/compat/_inspect.py=isfunction=26
/home/jiangt/FaaSLight-Re/Original_app/app3-dynamic/numpy/compat/_inspect.py=getargs=65
/home/jiangt/FaaSLight-Re/Original_app/app3-dynamic/numpy/compat/_inspect.py=iscode=41
/home/jiangt/FaaSLight-Re/Original_app/app3-dynamic/numpy/compat/_inspect.py=formatargspec=140
/home/jiangt/FaaSLight-Re/Original_app/app3-dynamic/numpy/compat/_inspect.py=strseq=131
/home/jiangt/FaaSLight-Re/Original_app/app3-dynamic/numpy/ma/core.py=_frommethod=__init__=6832
/home/jiangt/FaaSLight-Re/Original_app/app3-dynamic/numpy/ma/core.py=_frommethod=getdoc=6837
/home/jiangt/FaaSLight-Re/Original_app/app3-dynamic/numpy/ma/core.py=get_object_signature=131
/home/jiangt/FaaSLight-Re/Original_app/app3-dynamic/numpy/compat/_inspect.py=getargspec=96
/home/jiangt/FaaSLight-Re/Original_app/app3-dynamic/numpy/compat/_inspect.py=ismethod=13
/home/jiangt/FaaSLight-Re/Original_app/app3-dynamic/numpy/compat/_inspect.py=isfunction=26
/home/jiangt/FaaSLight-Re/Original_app/app3-dynamic/numpy/compat/_inspect.py=getargs=65
/home/jiangt/FaaSLight-Re/Original_app/app3-dynamic/numpy/compat/_inspect.py=iscode=41
/home/jiangt/FaaSLight-Re/Original_app/app3-dynamic/numpy/compat/_inspect.py=formatargspec=140
/home/jiangt/FaaSLight-Re/Original_app/app3-dynamic/numpy/compat/_inspect.py=strseq=131
/home/jiangt/FaaSLight-Re/Original_app/app3-dynamic/numpy/compat/_inspect.py=strseq=131
/home/jiangt/FaaSLight-Re/Original_app/app3-dynamic/numpy/compat/_inspect.py=strseq=131
/home/jiangt/FaaSLight-Re/Original_app/app3-dynamic/numpy/compat/_inspect.py=strseq=131
/home/jiangt/FaaSLight-Re/Original_app/app3-dynamic/numpy/compat/_inspect.py=strseq=131
/home/jiangt/FaaSLight-Re/Original_app/app3-dynamic/numpy/compat/_inspect.py=strseq=131
/home/jiangt/FaaSLight-Re/Original_app/app3-dynamic/numpy/ma/core.py=_frommethod=__init__=6832
/home/jiangt/FaaSLight-Re/Original_app/app3-dynamic/numpy/ma/core.py=_frommethod=getdoc=6837
/home/jiangt/FaaSLight-Re/Original_app/app3-dynamic/numpy/ma/core.py=get_object_signature=131
/home/jiangt/FaaSLight-Re/Original_app/app3-dynamic/numpy/compat/_inspect.py=getargspec=96
/home/jiangt/FaaSLight-Re/Original_app/app3-dynamic/numpy/compat/_inspect.py=ismethod=13
/home/jiangt/FaaSLight-Re/Original_app/app3-dynamic/numpy/compat/_inspect.py=isfunction=26
/home/jiangt/FaaSLight-Re/Original_app/app3-dynamic/numpy/compat/_inspect.py=getargs=65
/home/jiangt/FaaSLight-Re/Original_app/app3-dynamic/numpy/compat/_inspect.py=iscode=41
/home/jiangt/FaaSLight-Re/Original_app/app3-dynamic/numpy/compat/_inspect.py=formatargspec=140
/home/jiangt/FaaSLight-Re/Original_app/app3-dynamic/numpy/compat/_inspect.py=strseq=131
/home/jiangt/FaaSLight-Re/Original_app/app3-dynamic/numpy/compat/_inspect.py=strseq=131
/home/jiangt/FaaSLight-Re/Original_app/app3-dynamic/numpy/compat/_inspect.py=strseq=131
/home/jiangt/FaaSLight-Re/Original_app/app3-dynamic/numpy/compat/_inspect.py=strseq=131
/home/jiangt/FaaSLight-Re/Original_app/app3-dynamic/numpy/compat/_inspect.py=strseq=131
/home/jiangt/FaaSLight-Re/Original_app/app3-dynamic/numpy/compat/_inspect.py=strseq=131
/home/jiangt/FaaSLight-Re/Original_app/app3-dynamic/numpy/_globals.py=_NoValueType=__repr__=86
/home/jiangt/FaaSLight-Re/Original_app/app3-dynamic/numpy/ma/core.py=_frommethod=__init__=6832
/home/jiangt/FaaSLight-Re/Original_app/app3-dynamic/numpy/ma/core.py=_frommethod=getdoc=6837
/home/jiangt/FaaSLight-Re/Original_app/app3-dynamic/numpy/ma/core.py=get_object_signature=131
/home/jiangt/FaaSLight-Re/Original_app/app3-dynamic/numpy/compat/_inspect.py=getargspec=96
/home/jiangt/FaaSLight-Re/Original_app/app3-dynamic/numpy/compat/_inspect.py=ismethod=13
/home/jiangt/FaaSLight-Re/Original_app/app3-dynamic/numpy/compat/_inspect.py=isfunction=26
/home/jiangt/FaaSLight-Re/Original_app/app3-dynamic/numpy/compat/_inspect.py=getargs=65
/home/jiangt/FaaSLight-Re/Original_app/app3-dynamic/numpy/compat/_inspect.py=iscode=41
/home/jiangt/FaaSLight-Re/Original_app/app3-dynamic/numpy/compat/_inspect.py=formatargspec=140
/home/jiangt/FaaSLight-Re/Original_app/app3-dynamic/numpy/compat/_inspect.py=strseq=131
/home/jiangt/FaaSLight-Re/Original_app/app3-dynamic/numpy/compat/_inspect.py=strseq=131
/home/jiangt/FaaSLight-Re/Original_app/app3-dynamic/numpy/compat/_inspect.py=strseq=131
/home/jiangt/FaaSLight-Re/Original_app/app3-dynamic/numpy/_globals.py=_NoValueType=__repr__=86
/home/jiangt/FaaSLight-Re/Original_app/app3-dynamic/numpy/ma/core.py=_frommethod=__init__=6832
/home/jiangt/FaaSLight-Re/Original_app/app3-dynamic/numpy/ma/core.py=_frommethod=getdoc=6837
/home/jiangt/FaaSLight-Re/Original_app/app3-dynamic/numpy/ma/core.py=get_object_signature=131
/home/jiangt/FaaSLight-Re/Original_app/app3-dynamic/numpy/compat/_inspect.py=getargspec=96
/home/jiangt/FaaSLight-Re/Original_app/app3-dynamic/numpy/compat/_inspect.py=ismethod=13
/home/jiangt/FaaSLight-Re/Original_app/app3-dynamic/numpy/compat/_inspect.py=isfunction=26
/home/jiangt/FaaSLight-Re/Original_app/app3-dynamic/numpy/compat/_inspect.py=getargs=65
/home/jiangt/FaaSLight-Re/Original_app/app3-dynamic/numpy/compat/_inspect.py=iscode=41
/home/jiangt/FaaSLight-Re/Original_app/app3-dynamic/numpy/compat/_inspect.py=formatargspec=140
/home/jiangt/FaaSLight-Re/Original_app/app3-dynamic/numpy/compat/_inspect.py=strseq=131
/home/jiangt/FaaSLight-Re/Original_app/app3-dynamic/numpy/compat/_inspect.py=strseq=131
/home/jiangt/FaaSLight-Re/Original_app/app3-dynamic/numpy/compat/_inspect.py=strseq=131
/home/jiangt/FaaSLight-Re/Original_app/app3-dynamic/numpy/compat/_inspect.py=strseq=131
/home/jiangt/FaaSLight-Re/Original_app/app3-dynamic/numpy/ma/core.py=_frommethod=__init__=6832
/home/jiangt/FaaSLight-Re/Original_app/app3-dynamic/numpy/ma/core.py=_frommethod=getdoc=6837
/home/jiangt/FaaSLight-Re/Original_app/app3-dynamic/numpy/ma/core.py=get_object_signature=131
/home/jiangt/FaaSLight-Re/Original_app/app3-dynamic/numpy/compat/_inspect.py=getargspec=96
/home/jiangt/FaaSLight-Re/Original_app/app3-dynamic/numpy/compat/_inspect.py=ismethod=13
/home/jiangt/FaaSLight-Re/Original_app/app3-dynamic/numpy/compat/_inspect.py=isfunction=26
/home/jiangt/FaaSLight-Re/Original_app/app3-dynamic/numpy/compat/_inspect.py=getargs=65
/home/jiangt/FaaSLight-Re/Original_app/app3-dynamic/numpy/compat/_inspect.py=iscode=41
/home/jiangt/FaaSLight-Re/Original_app/app3-dynamic/numpy/compat/_inspect.py=formatargspec=140
/home/jiangt/FaaSLight-Re/Original_app/app3-dynamic/numpy/compat/_inspect.py=strseq=131
/home/jiangt/FaaSLight-Re/Original_app/app3-dynamic/numpy/compat/_inspect.py=strseq=131
/home/jiangt/FaaSLight-Re/Original_app/app3-dynamic/numpy/compat/_inspect.py=strseq=131
/home/jiangt/FaaSLight-Re/Original_app/app3-dynamic/numpy/compat/_inspect.py=strseq=131
/home/jiangt/FaaSLight-Re/Original_app/app3-dynamic/numpy/ma/core.py=doc_note=115
/home/jiangt/FaaSLight-Re/Original_app/app3-dynamic/numpy/ma/core.py=doc_note=115
/home/jiangt/FaaSLight-Re/Original_app/app3-dynamic/numpy/ma/core.py=_convert2ma=__init__=8222
/home/jiangt/FaaSLight-Re/Original_app/app3-dynamic/numpy/ma/core.py=_convert2ma=getdoc=8227
/home/jiangt/FaaSLight-Re/Original_app/app3-dynamic/numpy/ma/core.py=get_object_signature=131
/home/jiangt/FaaSLight-Re/Original_app/app3-dynamic/numpy/compat/_inspect.py=getargspec=96
/home/jiangt/FaaSLight-Re/Original_app/app3-dynamic/numpy/compat/_inspect.py=ismethod=13
/home/jiangt/FaaSLight-Re/Original_app/app3-dynamic/numpy/compat/_inspect.py=isfunction=26
/home/jiangt/FaaSLight-Re/Original_app/app3-dynamic/numpy/ma/core.py=_convert2ma=_replace_return_type=8239
/home/jiangt/FaaSLight-Re/Original_app/app3-dynamic/numpy/ma/core.py=_convert2ma=__init__=8222
/home/jiangt/FaaSLight-Re/Original_app/app3-dynamic/numpy/ma/core.py=_convert2ma=getdoc=8227
/home/jiangt/FaaSLight-Re/Original_app/app3-dynamic/numpy/ma/core.py=get_object_signature=131
/home/jiangt/FaaSLight-Re/Original_app/app3-dynamic/numpy/compat/_inspect.py=getargspec=96
/home/jiangt/FaaSLight-Re/Original_app/app3-dynamic/numpy/compat/_inspect.py=ismethod=13
/home/jiangt/FaaSLight-Re/Original_app/app3-dynamic/numpy/compat/_inspect.py=isfunction=26
/home/jiangt/FaaSLight-Re/Original_app/app3-dynamic/numpy/compat/_inspect.py=getargs=65
/home/jiangt/FaaSLight-Re/Original_app/app3-dynamic/numpy/compat/_inspect.py=iscode=41
/home/jiangt/FaaSLight-Re/Original_app/app3-dynamic/numpy/compat/_inspect.py=formatargspec=140
/home/jiangt/FaaSLight-Re/Original_app/app3-dynamic/numpy/ma/core.py=_convert2ma=_replace_return_type=8239
/home/jiangt/FaaSLight-Re/Original_app/app3-dynamic/numpy/ma/core.py=_convert2ma=__init__=8222
/home/jiangt/FaaSLight-Re/Original_app/app3-dynamic/numpy/ma/core.py=_convert2ma=getdoc=8227
/home/jiangt/FaaSLight-Re/Original_app/app3-dynamic/numpy/ma/core.py=get_object_signature=131
/home/jiangt/FaaSLight-Re/Original_app/app3-dynamic/numpy/compat/_inspect.py=getargspec=96
/home/jiangt/FaaSLight-Re/Original_app/app3-dynamic/numpy/compat/_inspect.py=ismethod=13
/home/jiangt/FaaSLight-Re/Original_app/app3-dynamic/numpy/compat/_inspect.py=isfunction=26
/home/jiangt/FaaSLight-Re/Original_app/app3-dynamic/numpy/compat/_inspect.py=getargs=65
/home/jiangt/FaaSLight-Re/Original_app/app3-dynamic/numpy/compat/_inspect.py=iscode=41
/home/jiangt/FaaSLight-Re/Original_app/app3-dynamic/numpy/compat/_inspect.py=formatargspec=140
/home/jiangt/FaaSLight-Re/Original_app/app3-dynamic/numpy/ma/core.py=_convert2ma=_replace_return_type=8239
/home/jiangt/FaaSLight-Re/Original_app/app3-dynamic/numpy/ma/core.py=_convert2ma=__init__=8222
/home/jiangt/FaaSLight-Re/Original_app/app3-dynamic/numpy/ma/core.py=_convert2ma=getdoc=8227
/home/jiangt/FaaSLight-Re/Original_app/app3-dynamic/numpy/ma/core.py=get_object_signature=131
/home/jiangt/FaaSLight-Re/Original_app/app3-dynamic/numpy/compat/_inspect.py=getargspec=96
/home/jiangt/FaaSLight-Re/Original_app/app3-dynamic/numpy/compat/_inspect.py=ismethod=13
/home/jiangt/FaaSLight-Re/Original_app/app3-dynamic/numpy/compat/_inspect.py=isfunction=26
/home/jiangt/FaaSLight-Re/Original_app/app3-dynamic/numpy/ma/core.py=_convert2ma=_replace_return_type=8239
/home/jiangt/FaaSLight-Re/Original_app/app3-dynamic/numpy/ma/core.py=_convert2ma=__init__=8222
/home/jiangt/FaaSLight-Re/Original_app/app3-dynamic/numpy/ma/core.py=_convert2ma=getdoc=8227
/home/jiangt/FaaSLight-Re/Original_app/app3-dynamic/numpy/ma/core.py=get_object_signature=131
/home/jiangt/FaaSLight-Re/Original_app/app3-dynamic/numpy/compat/_inspect.py=getargspec=96
/home/jiangt/FaaSLight-Re/Original_app/app3-dynamic/numpy/compat/_inspect.py=ismethod=13
/home/jiangt/FaaSLight-Re/Original_app/app3-dynamic/numpy/compat/_inspect.py=isfunction=26
/home/jiangt/FaaSLight-Re/Original_app/app3-dynamic/numpy/compat/_inspect.py=getargs=65
/home/jiangt/FaaSLight-Re/Original_app/app3-dynamic/numpy/compat/_inspect.py=iscode=41
/home/jiangt/FaaSLight-Re/Original_app/app3-dynamic/numpy/compat/_inspect.py=formatargspec=140
/home/jiangt/FaaSLight-Re/Original_app/app3-dynamic/numpy/ma/core.py=_convert2ma=_replace_return_type=8239
/home/jiangt/FaaSLight-Re/Original_app/app3-dynamic/numpy/ma/core.py=_convert2ma=__init__=8222
/home/jiangt/FaaSLight-Re/Original_app/app3-dynamic/numpy/ma/core.py=_convert2ma=getdoc=8227
/home/jiangt/FaaSLight-Re/Original_app/app3-dynamic/numpy/ma/core.py=get_object_signature=131
/home/jiangt/FaaSLight-Re/Original_app/app3-dynamic/numpy/compat/_inspect.py=getargspec=96
/home/jiangt/FaaSLight-Re/Original_app/app3-dynamic/numpy/compat/_inspect.py=ismethod=13
/home/jiangt/FaaSLight-Re/Original_app/app3-dynamic/numpy/compat/_inspect.py=isfunction=26
/home/jiangt/FaaSLight-Re/Original_app/app3-dynamic/numpy/ma/core.py=_convert2ma=_replace_return_type=8239
/home/jiangt/FaaSLight-Re/Original_app/app3-dynamic/numpy/ma/core.py=_convert2ma=__init__=8222
/home/jiangt/FaaSLight-Re/Original_app/app3-dynamic/numpy/ma/core.py=_convert2ma=getdoc=8227
/home/jiangt/FaaSLight-Re/Original_app/app3-dynamic/numpy/ma/core.py=get_object_signature=131
/home/jiangt/FaaSLight-Re/Original_app/app3-dynamic/numpy/compat/_inspect.py=getargspec=96
/home/jiangt/FaaSLight-Re/Original_app/app3-dynamic/numpy/compat/_inspect.py=ismethod=13
/home/jiangt/FaaSLight-Re/Original_app/app3-dynamic/numpy/compat/_inspect.py=isfunction=26
/home/jiangt/FaaSLight-Re/Original_app/app3-dynamic/numpy/compat/_inspect.py=getargs=65
/home/jiangt/FaaSLight-Re/Original_app/app3-dynamic/numpy/compat/_inspect.py=iscode=41
/home/jiangt/FaaSLight-Re/Original_app/app3-dynamic/numpy/compat/_inspect.py=formatargspec=140
/home/jiangt/FaaSLight-Re/Original_app/app3-dynamic/numpy/compat/_inspect.py=strseq=131
/home/jiangt/FaaSLight-Re/Original_app/app3-dynamic/numpy/compat/_inspect.py=strseq=131
/home/jiangt/FaaSLight-Re/Original_app/app3-dynamic/numpy/ma/core.py=_convert2ma=_replace_return_type=8239
/home/jiangt/FaaSLight-Re/Original_app/app3-dynamic/numpy/ma/core.py=_convert2ma=__init__=8222
/home/jiangt/FaaSLight-Re/Original_app/app3-dynamic/numpy/ma/core.py=_convert2ma=getdoc=8227
/home/jiangt/FaaSLight-Re/Original_app/app3-dynamic/numpy/ma/core.py=get_object_signature=131
/home/jiangt/FaaSLight-Re/Original_app/app3-dynamic/numpy/compat/_inspect.py=getargspec=96
/home/jiangt/FaaSLight-Re/Original_app/app3-dynamic/numpy/compat/_inspect.py=ismethod=13
/home/jiangt/FaaSLight-Re/Original_app/app3-dynamic/numpy/compat/_inspect.py=isfunction=26
/home/jiangt/FaaSLight-Re/Original_app/app3-dynamic/numpy/compat/_inspect.py=getargs=65
/home/jiangt/FaaSLight-Re/Original_app/app3-dynamic/numpy/compat/_inspect.py=iscode=41
/home/jiangt/FaaSLight-Re/Original_app/app3-dynamic/numpy/compat/_inspect.py=formatargspec=140
/home/jiangt/FaaSLight-Re/Original_app/app3-dynamic/numpy/compat/_inspect.py=strseq=131
/home/jiangt/FaaSLight-Re/Original_app/app3-dynamic/numpy/compat/_inspect.py=strseq=131
/home/jiangt/FaaSLight-Re/Original_app/app3-dynamic/numpy/ma/core.py=_convert2ma=_replace_return_type=8239
/home/jiangt/FaaSLight-Re/Original_app/app3-dynamic/numpy/ma/core.py=_convert2ma=__init__=8222
/home/jiangt/FaaSLight-Re/Original_app/app3-dynamic/numpy/ma/core.py=_convert2ma=getdoc=8227
/home/jiangt/FaaSLight-Re/Original_app/app3-dynamic/numpy/ma/core.py=get_object_signature=131
/home/jiangt/FaaSLight-Re/Original_app/app3-dynamic/numpy/compat/_inspect.py=getargspec=96
/home/jiangt/FaaSLight-Re/Original_app/app3-dynamic/numpy/compat/_inspect.py=ismethod=13
/home/jiangt/FaaSLight-Re/Original_app/app3-dynamic/numpy/compat/_inspect.py=isfunction=26
/home/jiangt/FaaSLight-Re/Original_app/app3-dynamic/numpy/compat/_inspect.py=getargs=65
/home/jiangt/FaaSLight-Re/Original_app/app3-dynamic/numpy/compat/_inspect.py=iscode=41
/home/jiangt/FaaSLight-Re/Original_app/app3-dynamic/numpy/compat/_inspect.py=formatargspec=140
/home/jiangt/FaaSLight-Re/Original_app/app3-dynamic/numpy/compat/_inspect.py=strseq=131
/home/jiangt/FaaSLight-Re/Original_app/app3-dynamic/numpy/compat/_inspect.py=strseq=131
/home/jiangt/FaaSLight-Re/Original_app/app3-dynamic/numpy/compat/_inspect.py=strseq=131
/home/jiangt/FaaSLight-Re/Original_app/app3-dynamic/numpy/ma/core.py=_convert2ma=_replace_return_type=8239
/home/jiangt/FaaSLight-Re/Original_app/app3-dynamic/numpy/ma/core.py=_convert2ma=__init__=8222
/home/jiangt/FaaSLight-Re/Original_app/app3-dynamic/numpy/ma/core.py=_convert2ma=getdoc=8227
/home/jiangt/FaaSLight-Re/Original_app/app3-dynamic/numpy/ma/core.py=get_object_signature=131
/home/jiangt/FaaSLight-Re/Original_app/app3-dynamic/numpy/compat/_inspect.py=getargspec=96
/home/jiangt/FaaSLight-Re/Original_app/app3-dynamic/numpy/compat/_inspect.py=ismethod=13
/home/jiangt/FaaSLight-Re/Original_app/app3-dynamic/numpy/compat/_inspect.py=isfunction=26
/home/jiangt/FaaSLight-Re/Original_app/app3-dynamic/numpy/compat/_inspect.py=getargs=65
/home/jiangt/FaaSLight-Re/Original_app/app3-dynamic/numpy/compat/_inspect.py=iscode=41
/home/jiangt/FaaSLight-Re/Original_app/app3-dynamic/numpy/compat/_inspect.py=formatargspec=140
/home/jiangt/FaaSLight-Re/Original_app/app3-dynamic/numpy/compat/_inspect.py=strseq=131
/home/jiangt/FaaSLight-Re/Original_app/app3-dynamic/numpy/compat/_inspect.py=strseq=131
/home/jiangt/FaaSLight-Re/Original_app/app3-dynamic/numpy/compat/_inspect.py=strseq=131
/home/jiangt/FaaSLight-Re/Original_app/app3-dynamic/numpy/ma/core.py=_convert2ma=_replace_return_type=8239
/home/jiangt/FaaSLight-Re/Original_app/app3-dynamic/numpy/ma/core.py=_convert2ma=__init__=8222
/home/jiangt/FaaSLight-Re/Original_app/app3-dynamic/numpy/ma/core.py=_convert2ma=getdoc=8227
/home/jiangt/FaaSLight-Re/Original_app/app3-dynamic/numpy/ma/core.py=get_object_signature=131
/home/jiangt/FaaSLight-Re/Original_app/app3-dynamic/numpy/compat/_inspect.py=getargspec=96
/home/jiangt/FaaSLight-Re/Original_app/app3-dynamic/numpy/compat/_inspect.py=ismethod=13
/home/jiangt/FaaSLight-Re/Original_app/app3-dynamic/numpy/compat/_inspect.py=isfunction=26
/home/jiangt/FaaSLight-Re/Original_app/app3-dynamic/numpy/compat/_inspect.py=getargs=65
/home/jiangt/FaaSLight-Re/Original_app/app3-dynamic/numpy/compat/_inspect.py=iscode=41
/home/jiangt/FaaSLight-Re/Original_app/app3-dynamic/numpy/compat/_inspect.py=formatargspec=140
/home/jiangt/FaaSLight-Re/Original_app/app3-dynamic/numpy/ma/core.py=_convert2ma=_replace_return_type=8239
/home/jiangt/FaaSLight-Re/Original_app/app3-dynamic/numpy/ma/core.py=_convert2ma=__init__=8222
/home/jiangt/FaaSLight-Re/Original_app/app3-dynamic/numpy/ma/core.py=_convert2ma=getdoc=8227
/home/jiangt/FaaSLight-Re/Original_app/app3-dynamic/numpy/ma/core.py=get_object_signature=131
/home/jiangt/FaaSLight-Re/Original_app/app3-dynamic/numpy/compat/_inspect.py=getargspec=96
/home/jiangt/FaaSLight-Re/Original_app/app3-dynamic/numpy/compat/_inspect.py=ismethod=13
/home/jiangt/FaaSLight-Re/Original_app/app3-dynamic/numpy/compat/_inspect.py=isfunction=26
/home/jiangt/FaaSLight-Re/Original_app/app3-dynamic/numpy/compat/_inspect.py=getargs=65
/home/jiangt/FaaSLight-Re/Original_app/app3-dynamic/numpy/compat/_inspect.py=iscode=41
/home/jiangt/FaaSLight-Re/Original_app/app3-dynamic/numpy/compat/_inspect.py=formatargspec=140
/home/jiangt/FaaSLight-Re/Original_app/app3-dynamic/numpy/ma/core.py=_convert2ma=_replace_return_type=8239
/home/jiangt/FaaSLight-Re/Original_app/app3-dynamic/numpy/ma/core.py=_convert2ma=__init__=8222
/home/jiangt/FaaSLight-Re/Original_app/app3-dynamic/numpy/ma/core.py=_convert2ma=getdoc=8227
/home/jiangt/FaaSLight-Re/Original_app/app3-dynamic/numpy/ma/core.py=get_object_signature=131
/home/jiangt/FaaSLight-Re/Original_app/app3-dynamic/numpy/compat/_inspect.py=getargspec=96
/home/jiangt/FaaSLight-Re/Original_app/app3-dynamic/numpy/compat/_inspect.py=ismethod=13
/home/jiangt/FaaSLight-Re/Original_app/app3-dynamic/numpy/compat/_inspect.py=isfunction=26
/home/jiangt/FaaSLight-Re/Original_app/app3-dynamic/numpy/ma/core.py=_convert2ma=_replace_return_type=8239
/home/jiangt/FaaSLight-Re/Original_app/app3-dynamic/numpy/ma/core.py=_convert2ma=__init__=8222
/home/jiangt/FaaSLight-Re/Original_app/app3-dynamic/numpy/ma/core.py=_convert2ma=getdoc=8227
/home/jiangt/FaaSLight-Re/Original_app/app3-dynamic/numpy/ma/core.py=get_object_signature=131
/home/jiangt/FaaSLight-Re/Original_app/app3-dynamic/numpy/compat/_inspect.py=getargspec=96
/home/jiangt/FaaSLight-Re/Original_app/app3-dynamic/numpy/compat/_inspect.py=ismethod=13
/home/jiangt/FaaSLight-Re/Original_app/app3-dynamic/numpy/compat/_inspect.py=isfunction=26
/home/jiangt/FaaSLight-Re/Original_app/app3-dynamic/numpy/compat/_inspect.py=getargs=65
/home/jiangt/FaaSLight-Re/Original_app/app3-dynamic/numpy/compat/_inspect.py=iscode=41
/home/jiangt/FaaSLight-Re/Original_app/app3-dynamic/numpy/compat/_inspect.py=formatargspec=140
/home/jiangt/FaaSLight-Re/Original_app/app3-dynamic/numpy/ma/core.py=_convert2ma=_replace_return_type=8239
/home/jiangt/FaaSLight-Re/Original_app/app3-dynamic/numpy/ma/extras.py=_fromnxfunction=__init__=234
/home/jiangt/FaaSLight-Re/Original_app/app3-dynamic/numpy/ma/extras.py=_fromnxfunction=getdoc=238
/home/jiangt/FaaSLight-Re/Original_app/app3-dynamic/numpy/ma/core.py=get_object_signature=131
/home/jiangt/FaaSLight-Re/Original_app/app3-dynamic/numpy/compat/_inspect.py=getargspec=96
/home/jiangt/FaaSLight-Re/Original_app/app3-dynamic/numpy/compat/_inspect.py=ismethod=13
/home/jiangt/FaaSLight-Re/Original_app/app3-dynamic/numpy/compat/_inspect.py=isfunction=26
/home/jiangt/FaaSLight-Re/Original_app/app3-dynamic/numpy/compat/_inspect.py=getargs=65
/home/jiangt/FaaSLight-Re/Original_app/app3-dynamic/numpy/compat/_inspect.py=iscode=41
/home/jiangt/FaaSLight-Re/Original_app/app3-dynamic/numpy/compat/_inspect.py=formatargspec=140
/home/jiangt/FaaSLight-Re/Original_app/app3-dynamic/numpy/ma/core.py=doc_note=115
/home/jiangt/FaaSLight-Re/Original_app/app3-dynamic/numpy/ma/extras.py=_fromnxfunction=__init__=234
/home/jiangt/FaaSLight-Re/Original_app/app3-dynamic/numpy/ma/extras.py=_fromnxfunction=getdoc=238
/home/jiangt/FaaSLight-Re/Original_app/app3-dynamic/numpy/ma/core.py=get_object_signature=131
/home/jiangt/FaaSLight-Re/Original_app/app3-dynamic/numpy/compat/_inspect.py=getargspec=96
/home/jiangt/FaaSLight-Re/Original_app/app3-dynamic/numpy/compat/_inspect.py=ismethod=13
/home/jiangt/FaaSLight-Re/Original_app/app3-dynamic/numpy/compat/_inspect.py=isfunction=26
/home/jiangt/FaaSLight-Re/Original_app/app3-dynamic/numpy/compat/_inspect.py=getargs=65
/home/jiangt/FaaSLight-Re/Original_app/app3-dynamic/numpy/compat/_inspect.py=iscode=41
/home/jiangt/FaaSLight-Re/Original_app/app3-dynamic/numpy/compat/_inspect.py=formatargspec=140
/home/jiangt/FaaSLight-Re/Original_app/app3-dynamic/numpy/ma/core.py=doc_note=115
/home/jiangt/FaaSLight-Re/Original_app/app3-dynamic/numpy/ma/extras.py=_fromnxfunction=__init__=234
/home/jiangt/FaaSLight-Re/Original_app/app3-dynamic/numpy/ma/extras.py=_fromnxfunction=getdoc=238
/home/jiangt/FaaSLight-Re/Original_app/app3-dynamic/numpy/ma/core.py=get_object_signature=131
/home/jiangt/FaaSLight-Re/Original_app/app3-dynamic/numpy/compat/_inspect.py=getargspec=96
/home/jiangt/FaaSLight-Re/Original_app/app3-dynamic/numpy/compat/_inspect.py=ismethod=13
/home/jiangt/FaaSLight-Re/Original_app/app3-dynamic/numpy/compat/_inspect.py=isfunction=26
/home/jiangt/FaaSLight-Re/Original_app/app3-dynamic/numpy/compat/_inspect.py=getargs=65
/home/jiangt/FaaSLight-Re/Original_app/app3-dynamic/numpy/compat/_inspect.py=iscode=41
/home/jiangt/FaaSLight-Re/Original_app/app3-dynamic/numpy/compat/_inspect.py=formatargspec=140
/home/jiangt/FaaSLight-Re/Original_app/app3-dynamic/numpy/ma/core.py=doc_note=115
/home/jiangt/FaaSLight-Re/Original_app/app3-dynamic/numpy/ma/extras.py=_fromnxfunction=__init__=234
/home/jiangt/FaaSLight-Re/Original_app/app3-dynamic/numpy/ma/extras.py=_fromnxfunction=getdoc=238
/home/jiangt/FaaSLight-Re/Original_app/app3-dynamic/numpy/ma/core.py=get_object_signature=131
/home/jiangt/FaaSLight-Re/Original_app/app3-dynamic/numpy/compat/_inspect.py=getargspec=96
/home/jiangt/FaaSLight-Re/Original_app/app3-dynamic/numpy/compat/_inspect.py=ismethod=13
/home/jiangt/FaaSLight-Re/Original_app/app3-dynamic/numpy/compat/_inspect.py=isfunction=26
/home/jiangt/FaaSLight-Re/Original_app/app3-dynamic/numpy/compat/_inspect.py=getargs=65
/home/jiangt/FaaSLight-Re/Original_app/app3-dynamic/numpy/compat/_inspect.py=iscode=41
/home/jiangt/FaaSLight-Re/Original_app/app3-dynamic/numpy/compat/_inspect.py=formatargspec=140
/home/jiangt/FaaSLight-Re/Original_app/app3-dynamic/numpy/ma/core.py=doc_note=115
/home/jiangt/FaaSLight-Re/Original_app/app3-dynamic/numpy/ma/extras.py=_fromnxfunction=__init__=234
/home/jiangt/FaaSLight-Re/Original_app/app3-dynamic/numpy/ma/extras.py=_fromnxfunction=getdoc=238
/home/jiangt/FaaSLight-Re/Original_app/app3-dynamic/numpy/ma/core.py=get_object_signature=131
/home/jiangt/FaaSLight-Re/Original_app/app3-dynamic/numpy/compat/_inspect.py=getargspec=96
/home/jiangt/FaaSLight-Re/Original_app/app3-dynamic/numpy/compat/_inspect.py=ismethod=13
/home/jiangt/FaaSLight-Re/Original_app/app3-dynamic/numpy/compat/_inspect.py=isfunction=26
/home/jiangt/FaaSLight-Re/Original_app/app3-dynamic/numpy/compat/_inspect.py=getargs=65
/home/jiangt/FaaSLight-Re/Original_app/app3-dynamic/numpy/compat/_inspect.py=iscode=41
/home/jiangt/FaaSLight-Re/Original_app/app3-dynamic/numpy/compat/_inspect.py=formatargspec=140
/home/jiangt/FaaSLight-Re/Original_app/app3-dynamic/numpy/ma/core.py=doc_note=115
/home/jiangt/FaaSLight-Re/Original_app/app3-dynamic/numpy/ma/extras.py=_fromnxfunction=__init__=234
/home/jiangt/FaaSLight-Re/Original_app/app3-dynamic/numpy/ma/extras.py=_fromnxfunction=getdoc=238
/home/jiangt/FaaSLight-Re/Original_app/app3-dynamic/numpy/ma/core.py=get_object_signature=131
/home/jiangt/FaaSLight-Re/Original_app/app3-dynamic/numpy/compat/_inspect.py=getargspec=96
/home/jiangt/FaaSLight-Re/Original_app/app3-dynamic/numpy/compat/_inspect.py=ismethod=13
/home/jiangt/FaaSLight-Re/Original_app/app3-dynamic/numpy/compat/_inspect.py=isfunction=26
/home/jiangt/FaaSLight-Re/Original_app/app3-dynamic/numpy/compat/_inspect.py=getargs=65
/home/jiangt/FaaSLight-Re/Original_app/app3-dynamic/numpy/compat/_inspect.py=iscode=41
/home/jiangt/FaaSLight-Re/Original_app/app3-dynamic/numpy/compat/_inspect.py=formatargspec=140
/home/jiangt/FaaSLight-Re/Original_app/app3-dynamic/numpy/ma/core.py=doc_note=115
/home/jiangt/FaaSLight-Re/Original_app/app3-dynamic/numpy/ma/extras.py=_fromnxfunction=__init__=234
/home/jiangt/FaaSLight-Re/Original_app/app3-dynamic/numpy/ma/extras.py=_fromnxfunction=getdoc=238
/home/jiangt/FaaSLight-Re/Original_app/app3-dynamic/numpy/ma/core.py=get_object_signature=131
/home/jiangt/FaaSLight-Re/Original_app/app3-dynamic/numpy/compat/_inspect.py=getargspec=96
/home/jiangt/FaaSLight-Re/Original_app/app3-dynamic/numpy/compat/_inspect.py=ismethod=13
/home/jiangt/FaaSLight-Re/Original_app/app3-dynamic/numpy/compat/_inspect.py=isfunction=26
/home/jiangt/FaaSLight-Re/Original_app/app3-dynamic/numpy/compat/_inspect.py=getargs=65
/home/jiangt/FaaSLight-Re/Original_app/app3-dynamic/numpy/compat/_inspect.py=iscode=41
/home/jiangt/FaaSLight-Re/Original_app/app3-dynamic/numpy/compat/_inspect.py=formatargspec=140
/home/jiangt/FaaSLight-Re/Original_app/app3-dynamic/numpy/ma/core.py=doc_note=115
/home/jiangt/FaaSLight-Re/Original_app/app3-dynamic/numpy/ma/extras.py=_fromnxfunction=__init__=234
/home/jiangt/FaaSLight-Re/Original_app/app3-dynamic/numpy/ma/extras.py=_fromnxfunction=getdoc=238
/home/jiangt/FaaSLight-Re/Original_app/app3-dynamic/numpy/ma/core.py=get_object_signature=131
/home/jiangt/FaaSLight-Re/Original_app/app3-dynamic/numpy/compat/_inspect.py=getargspec=96
/home/jiangt/FaaSLight-Re/Original_app/app3-dynamic/numpy/compat/_inspect.py=ismethod=13
/home/jiangt/FaaSLight-Re/Original_app/app3-dynamic/numpy/compat/_inspect.py=isfunction=26
/home/jiangt/FaaSLight-Re/Original_app/app3-dynamic/numpy/compat/_inspect.py=getargs=65
/home/jiangt/FaaSLight-Re/Original_app/app3-dynamic/numpy/compat/_inspect.py=iscode=41
/home/jiangt/FaaSLight-Re/Original_app/app3-dynamic/numpy/compat/_inspect.py=formatargspec=140
/home/jiangt/FaaSLight-Re/Original_app/app3-dynamic/numpy/ma/core.py=doc_note=115
/home/jiangt/FaaSLight-Re/Original_app/app3-dynamic/numpy/ma/extras.py=_fromnxfunction=__init__=234
/home/jiangt/FaaSLight-Re/Original_app/app3-dynamic/numpy/ma/extras.py=_fromnxfunction=getdoc=238
/home/jiangt/FaaSLight-Re/Original_app/app3-dynamic/numpy/ma/core.py=get_object_signature=131
/home/jiangt/FaaSLight-Re/Original_app/app3-dynamic/numpy/compat/_inspect.py=getargspec=96
/home/jiangt/FaaSLight-Re/Original_app/app3-dynamic/numpy/compat/_inspect.py=ismethod=13
/home/jiangt/FaaSLight-Re/Original_app/app3-dynamic/numpy/compat/_inspect.py=isfunction=26
/home/jiangt/FaaSLight-Re/Original_app/app3-dynamic/numpy/compat/_inspect.py=getargs=65
/home/jiangt/FaaSLight-Re/Original_app/app3-dynamic/numpy/compat/_inspect.py=iscode=41
/home/jiangt/FaaSLight-Re/Original_app/app3-dynamic/numpy/compat/_inspect.py=formatargspec=140
/home/jiangt/FaaSLight-Re/Original_app/app3-dynamic/numpy/ma/core.py=doc_note=115
/home/jiangt/FaaSLight-Re/Original_app/app3-dynamic/numpy/ma/extras.py=_fromnxfunction=__init__=234
/home/jiangt/FaaSLight-Re/Original_app/app3-dynamic/numpy/ma/extras.py=_fromnxfunction=getdoc=238
/home/jiangt/FaaSLight-Re/Original_app/app3-dynamic/numpy/ma/core.py=get_object_signature=131
/home/jiangt/FaaSLight-Re/Original_app/app3-dynamic/numpy/compat/_inspect.py=getargspec=96
/home/jiangt/FaaSLight-Re/Original_app/app3-dynamic/numpy/compat/_inspect.py=ismethod=13
/home/jiangt/FaaSLight-Re/Original_app/app3-dynamic/numpy/compat/_inspect.py=isfunction=26
/home/jiangt/FaaSLight-Re/Original_app/app3-dynamic/numpy/compat/_inspect.py=getargs=65
/home/jiangt/FaaSLight-Re/Original_app/app3-dynamic/numpy/compat/_inspect.py=iscode=41
/home/jiangt/FaaSLight-Re/Original_app/app3-dynamic/numpy/compat/_inspect.py=formatargspec=140
/home/jiangt/FaaSLight-Re/Original_app/app3-dynamic/numpy/ma/core.py=doc_note=115
/home/jiangt/FaaSLight-Re/Original_app/app3-dynamic/numpy/ma/extras.py=mr_class=__init__=1567
/home/jiangt/FaaSLight-Re/Original_app/app3-dynamic/numpy/lib/index_tricks.py=AxisConcatenator=__init__=323
/home/jiangt/FaaSLight-Re/Original_app/app3-dynamic/numpy/ma/core.py=doc_note=115
/home/jiangt/FaaSLight-Re/Original_app/app3-dynamic/numpy/ma/core.py=doc_note=115
/home/jiangt/FaaSLight-Re/Original_app/app3-dynamic/numpy/_pytesttester.py=PytestTester=__init__=76
/home/jiangt/FaaSLight-Re/Original_app/app3-dynamic/numpy/core/getlimits.py=_register_known_types=158
/home/jiangt/FaaSLight-Re/Original_app/app3-dynamic/numpy/core/getlimits.py=MachArLike=__init__=34
/home/jiangt/FaaSLight-Re/Original_app/app3-dynamic/numpy/core/getlimits.py=MachArLike=_float_to_float=91
/home/jiangt/FaaSLight-Re/Original_app/app3-dynamic/numpy/core/getlimits.py=MachArLike=_float_conv=101
/home/jiangt/FaaSLight-Re/Original_app/app3-dynamic/numpy/core/getlimits.py=_fr1=24
/home/jiangt/FaaSLight-Re/Original_app/app3-dynamic/numpy/core/getlimits.py=MachArLike=_float_to_float=91
/home/jiangt/FaaSLight-Re/Original_app/app3-dynamic/numpy/core/getlimits.py=MachArLike=_float_conv=101
/home/jiangt/FaaSLight-Re/Original_app/app3-dynamic/numpy/core/getlimits.py=_fr1=24
/home/jiangt/FaaSLight-Re/Original_app/app3-dynamic/numpy/core/getlimits.py=MachArLike=_float_to_float=91
/home/jiangt/FaaSLight-Re/Original_app/app3-dynamic/numpy/core/getlimits.py=MachArLike=_float_conv=101
/home/jiangt/FaaSLight-Re/Original_app/app3-dynamic/numpy/core/getlimits.py=_fr1=24
/home/jiangt/FaaSLight-Re/Original_app/app3-dynamic/numpy/core/getlimits.py=MachArLike=_float_to_float=91
/home/jiangt/FaaSLight-Re/Original_app/app3-dynamic/numpy/core/getlimits.py=MachArLike=_float_conv=101
/home/jiangt/FaaSLight-Re/Original_app/app3-dynamic/numpy/core/getlimits.py=_fr1=24
/home/jiangt/FaaSLight-Re/Original_app/app3-dynamic/numpy/core/getlimits.py=MachArLike=_float_to_float=91
/home/jiangt/FaaSLight-Re/Original_app/app3-dynamic/numpy/core/getlimits.py=MachArLike=_float_conv=101
/home/jiangt/FaaSLight-Re/Original_app/app3-dynamic/numpy/core/getlimits.py=_fr1=24
/home/jiangt/FaaSLight-Re/Original_app/app3-dynamic/numpy/core/getlimits.py=MachArLike=_float_conv=101
/home/jiangt/FaaSLight-Re/Original_app/app3-dynamic/numpy/core/getlimits.py=MachArLike=_float_to_float=91
/home/jiangt/FaaSLight-Re/Original_app/app3-dynamic/numpy/core/getlimits.py=MachArLike=_float_conv=101
/home/jiangt/FaaSLight-Re/Original_app/app3-dynamic/numpy/core/getlimits.py=_fr1=24
/home/jiangt/FaaSLight-Re/Original_app/app3-dynamic/numpy/core/getlimits.py=MachArLike=_float_to_str=111
/home/jiangt/FaaSLight-Re/Original_app/app3-dynamic/numpy/core/getlimits.py=_fr0=16
/home/jiangt/FaaSLight-Re/Original_app/app3-dynamic/numpy/core/getlimits.py=MachArLike=_float_to_str=111
/home/jiangt/FaaSLight-Re/Original_app/app3-dynamic/numpy/core/getlimits.py=_fr0=16
/home/jiangt/FaaSLight-Re/Original_app/app3-dynamic/numpy/core/getlimits.py=MachArLike=_float_to_str=111
/home/jiangt/FaaSLight-Re/Original_app/app3-dynamic/numpy/core/getlimits.py=_fr0=16
/home/jiangt/FaaSLight-Re/Original_app/app3-dynamic/numpy/core/getlimits.py=MachArLike=_float_to_str=111
/home/jiangt/FaaSLight-Re/Original_app/app3-dynamic/numpy/core/getlimits.py=_fr0=16
/home/jiangt/FaaSLight-Re/Original_app/app3-dynamic/numpy/core/getlimits.py=MachArLike=_float_to_str=111
/home/jiangt/FaaSLight-Re/Original_app/app3-dynamic/numpy/core/getlimits.py=_fr0=16
/home/jiangt/FaaSLight-Re/Original_app/app3-dynamic/numpy/core/getlimits.py=MachArLike=_float_to_str=111
/home/jiangt/FaaSLight-Re/Original_app/app3-dynamic/numpy/core/getlimits.py=_fr0=16
/home/jiangt/FaaSLight-Re/Original_app/app3-dynamic/numpy/core/getlimits.py=_register_type=153
/home/jiangt/FaaSLight-Re/Original_app/app3-dynamic/numpy/core/getlimits.py=MachArLike=__init__=34
/home/jiangt/FaaSLight-Re/Original_app/app3-dynamic/numpy/core/getlimits.py=MachArLike=_float_to_float=91
/home/jiangt/FaaSLight-Re/Original_app/app3-dynamic/numpy/core/getlimits.py=MachArLike=_float_conv=101
/home/jiangt/FaaSLight-Re/Original_app/app3-dynamic/numpy/core/getlimits.py=_fr1=24
/home/jiangt/FaaSLight-Re/Original_app/app3-dynamic/numpy/core/getlimits.py=MachArLike=_float_to_float=91
/home/jiangt/FaaSLight-Re/Original_app/app3-dynamic/numpy/core/getlimits.py=MachArLike=_float_conv=101
/home/jiangt/FaaSLight-Re/Original_app/app3-dynamic/numpy/core/getlimits.py=_fr1=24
/home/jiangt/FaaSLight-Re/Original_app/app3-dynamic/numpy/core/getlimits.py=MachArLike=_float_to_float=91
/home/jiangt/FaaSLight-Re/Original_app/app3-dynamic/numpy/core/getlimits.py=MachArLike=_float_conv=101
/home/jiangt/FaaSLight-Re/Original_app/app3-dynamic/numpy/core/getlimits.py=_fr1=24
/home/jiangt/FaaSLight-Re/Original_app/app3-dynamic/numpy/core/getlimits.py=MachArLike=_float_to_float=91
/home/jiangt/FaaSLight-Re/Original_app/app3-dynamic/numpy/core/getlimits.py=MachArLike=_float_conv=101
/home/jiangt/FaaSLight-Re/Original_app/app3-dynamic/numpy/core/getlimits.py=_fr1=24
/home/jiangt/FaaSLight-Re/Original_app/app3-dynamic/numpy/core/getlimits.py=MachArLike=_float_to_float=91
/home/jiangt/FaaSLight-Re/Original_app/app3-dynamic/numpy/core/getlimits.py=MachArLike=_float_conv=101
/home/jiangt/FaaSLight-Re/Original_app/app3-dynamic/numpy/core/getlimits.py=_fr1=24
/home/jiangt/FaaSLight-Re/Original_app/app3-dynamic/numpy/core/getlimits.py=MachArLike=_float_conv=101
/home/jiangt/FaaSLight-Re/Original_app/app3-dynamic/numpy/core/getlimits.py=MachArLike=_float_to_float=91
/home/jiangt/FaaSLight-Re/Original_app/app3-dynamic/numpy/core/getlimits.py=MachArLike=_float_conv=101
/home/jiangt/FaaSLight-Re/Original_app/app3-dynamic/numpy/core/getlimits.py=_fr1=24
/home/jiangt/FaaSLight-Re/Original_app/app3-dynamic/numpy/core/getlimits.py=MachArLike=_float_to_str=111
/home/jiangt/FaaSLight-Re/Original_app/app3-dynamic/numpy/core/getlimits.py=_fr0=16
/home/jiangt/FaaSLight-Re/Original_app/app3-dynamic/numpy/core/getlimits.py=MachArLike=_float_to_str=111
/home/jiangt/FaaSLight-Re/Original_app/app3-dynamic/numpy/core/getlimits.py=_fr0=16
/home/jiangt/FaaSLight-Re/Original_app/app3-dynamic/numpy/core/getlimits.py=MachArLike=_float_to_str=111
/home/jiangt/FaaSLight-Re/Original_app/app3-dynamic/numpy/core/getlimits.py=_fr0=16
/home/jiangt/FaaSLight-Re/Original_app/app3-dynamic/numpy/core/getlimits.py=MachArLike=_float_to_str=111
/home/jiangt/FaaSLight-Re/Original_app/app3-dynamic/numpy/core/getlimits.py=_fr0=16
/home/jiangt/FaaSLight-Re/Original_app/app3-dynamic/numpy/core/getlimits.py=MachArLike=_float_to_str=111
/home/jiangt/FaaSLight-Re/Original_app/app3-dynamic/numpy/core/getlimits.py=_fr0=16
/home/jiangt/FaaSLight-Re/Original_app/app3-dynamic/numpy/core/getlimits.py=MachArLike=_float_to_str=111
/home/jiangt/FaaSLight-Re/Original_app/app3-dynamic/numpy/core/getlimits.py=_fr0=16
/home/jiangt/FaaSLight-Re/Original_app/app3-dynamic/numpy/core/getlimits.py=_register_type=153
/home/jiangt/FaaSLight-Re/Original_app/app3-dynamic/numpy/core/getlimits.py=MachArLike=__init__=34
/home/jiangt/FaaSLight-Re/Original_app/app3-dynamic/numpy/core/getlimits.py=MachArLike=_float_to_float=91
/home/jiangt/FaaSLight-Re/Original_app/app3-dynamic/numpy/core/getlimits.py=MachArLike=_float_conv=101
/home/jiangt/FaaSLight-Re/Original_app/app3-dynamic/numpy/core/getlimits.py=_fr1=24
/home/jiangt/FaaSLight-Re/Original_app/app3-dynamic/numpy/core/getlimits.py=MachArLike=_float_to_float=91
/home/jiangt/FaaSLight-Re/Original_app/app3-dynamic/numpy/core/getlimits.py=MachArLike=_float_conv=101
/home/jiangt/FaaSLight-Re/Original_app/app3-dynamic/numpy/core/getlimits.py=_fr1=24
/home/jiangt/FaaSLight-Re/Original_app/app3-dynamic/numpy/core/getlimits.py=MachArLike=_float_to_float=91
/home/jiangt/FaaSLight-Re/Original_app/app3-dynamic/numpy/core/getlimits.py=MachArLike=_float_conv=101
/home/jiangt/FaaSLight-Re/Original_app/app3-dynamic/numpy/core/getlimits.py=_fr1=24
/home/jiangt/FaaSLight-Re/Original_app/app3-dynamic/numpy/core/getlimits.py=MachArLike=_float_to_float=91
/home/jiangt/FaaSLight-Re/Original_app/app3-dynamic/numpy/core/getlimits.py=MachArLike=_float_conv=101
/home/jiangt/FaaSLight-Re/Original_app/app3-dynamic/numpy/core/getlimits.py=_fr1=24
/home/jiangt/FaaSLight-Re/Original_app/app3-dynamic/numpy/core/getlimits.py=MachArLike=_float_to_float=91
/home/jiangt/FaaSLight-Re/Original_app/app3-dynamic/numpy/core/getlimits.py=MachArLike=_float_conv=101
/home/jiangt/FaaSLight-Re/Original_app/app3-dynamic/numpy/core/getlimits.py=_fr1=24
/home/jiangt/FaaSLight-Re/Original_app/app3-dynamic/numpy/core/getlimits.py=MachArLike=_float_conv=101
/home/jiangt/FaaSLight-Re/Original_app/app3-dynamic/numpy/core/getlimits.py=MachArLike=_float_to_float=91
/home/jiangt/FaaSLight-Re/Original_app/app3-dynamic/numpy/core/getlimits.py=MachArLike=_float_conv=101
/home/jiangt/FaaSLight-Re/Original_app/app3-dynamic/numpy/core/getlimits.py=_fr1=24
/home/jiangt/FaaSLight-Re/Original_app/app3-dynamic/numpy/core/getlimits.py=MachArLike=_float_to_str=111
/home/jiangt/FaaSLight-Re/Original_app/app3-dynamic/numpy/core/getlimits.py=_fr0=16
/home/jiangt/FaaSLight-Re/Original_app/app3-dynamic/numpy/core/getlimits.py=MachArLike=_float_to_str=111
/home/jiangt/FaaSLight-Re/Original_app/app3-dynamic/numpy/core/getlimits.py=_fr0=16
/home/jiangt/FaaSLight-Re/Original_app/app3-dynamic/numpy/core/getlimits.py=MachArLike=_float_to_str=111
/home/jiangt/FaaSLight-Re/Original_app/app3-dynamic/numpy/core/getlimits.py=_fr0=16
/home/jiangt/FaaSLight-Re/Original_app/app3-dynamic/numpy/core/getlimits.py=MachArLike=_float_to_str=111
/home/jiangt/FaaSLight-Re/Original_app/app3-dynamic/numpy/core/getlimits.py=_fr0=16
/home/jiangt/FaaSLight-Re/Original_app/app3-dynamic/numpy/core/getlimits.py=MachArLike=_float_to_str=111
/home/jiangt/FaaSLight-Re/Original_app/app3-dynamic/numpy/core/getlimits.py=_fr0=16
/home/jiangt/FaaSLight-Re/Original_app/app3-dynamic/numpy/core/getlimits.py=MachArLike=_float_to_str=111
/home/jiangt/FaaSLight-Re/Original_app/app3-dynamic/numpy/core/getlimits.py=_fr0=16
/home/jiangt/FaaSLight-Re/Original_app/app3-dynamic/numpy/core/getlimits.py=_register_type=153
/home/jiangt/FaaSLight-Re/Original_app/app3-dynamic/numpy/core/_ufunc_config.py=errstate=__init__=426
/home/jiangt/FaaSLight-Re/Original_app/app3-dynamic/numpy/core/_ufunc_config.py=errstate=__enter__=430
/home/jiangt/FaaSLight-Re/Original_app/app3-dynamic/numpy/core/_ufunc_config.py=seterr=33
/home/jiangt/FaaSLight-Re/Original_app/app3-dynamic/numpy/core/_ufunc_config.py=geterr=132
/home/jiangt/FaaSLight-Re/Original_app/app3-dynamic/numpy/core/_ufunc_config.py=errstate=__exit__=435
/home/jiangt/FaaSLight-Re/Original_app/app3-dynamic/numpy/core/_ufunc_config.py=seterr=33
/home/jiangt/FaaSLight-Re/Original_app/app3-dynamic/numpy/core/_ufunc_config.py=geterr=132
/home/jiangt/FaaSLight-Re/Original_app/app3-dynamic/numpy/core/getlimits.py=MachArLike=__init__=34
/home/jiangt/FaaSLight-Re/Original_app/app3-dynamic/numpy/core/getlimits.py=MachArLike=_float_to_float=91
/home/jiangt/FaaSLight-Re/Original_app/app3-dynamic/numpy/core/getlimits.py=MachArLike=_float_conv=101
/home/jiangt/FaaSLight-Re/Original_app/app3-dynamic/numpy/core/getlimits.py=_fr1=24
/home/jiangt/FaaSLight-Re/Original_app/app3-dynamic/numpy/core/getlimits.py=MachArLike=_float_to_float=91
/home/jiangt/FaaSLight-Re/Original_app/app3-dynamic/numpy/core/getlimits.py=MachArLike=_float_conv=101
/home/jiangt/FaaSLight-Re/Original_app/app3-dynamic/numpy/core/getlimits.py=_fr1=24
/home/jiangt/FaaSLight-Re/Original_app/app3-dynamic/numpy/core/getlimits.py=MachArLike=_float_to_float=91
/home/jiangt/FaaSLight-Re/Original_app/app3-dynamic/numpy/core/getlimits.py=MachArLike=_float_conv=101
/home/jiangt/FaaSLight-Re/Original_app/app3-dynamic/numpy/core/getlimits.py=_fr1=24
/home/jiangt/FaaSLight-Re/Original_app/app3-dynamic/numpy/core/getlimits.py=MachArLike=_float_to_float=91
/home/jiangt/FaaSLight-Re/Original_app/app3-dynamic/numpy/core/getlimits.py=MachArLike=_float_conv=101
/home/jiangt/FaaSLight-Re/Original_app/app3-dynamic/numpy/core/getlimits.py=_fr1=24
/home/jiangt/FaaSLight-Re/Original_app/app3-dynamic/numpy/core/getlimits.py=MachArLike=_float_to_float=91
/home/jiangt/FaaSLight-Re/Original_app/app3-dynamic/numpy/core/getlimits.py=MachArLike=_float_conv=101
/home/jiangt/FaaSLight-Re/Original_app/app3-dynamic/numpy/core/getlimits.py=_fr1=24
/home/jiangt/FaaSLight-Re/Original_app/app3-dynamic/numpy/core/getlimits.py=MachArLike=_float_conv=101
/home/jiangt/FaaSLight-Re/Original_app/app3-dynamic/numpy/core/getlimits.py=MachArLike=_float_to_float=91
/home/jiangt/FaaSLight-Re/Original_app/app3-dynamic/numpy/core/getlimits.py=MachArLike=_float_conv=101
/home/jiangt/FaaSLight-Re/Original_app/app3-dynamic/numpy/core/getlimits.py=_fr1=24
/home/jiangt/FaaSLight-Re/Original_app/app3-dynamic/numpy/core/getlimits.py=MachArLike=_float_to_str=111
/home/jiangt/FaaSLight-Re/Original_app/app3-dynamic/numpy/core/getlimits.py=_fr0=16
/home/jiangt/FaaSLight-Re/Original_app/app3-dynamic/numpy/core/arrayprint.py=_array_str_implementation=1571
/home/jiangt/FaaSLight-Re/Original_app/app3-dynamic/numpy/core/arrayprint.py=_recursive_guard=decorating_function=wrapper=506
/home/jiangt/FaaSLight-Re/Original_app/app3-dynamic/numpy/core/arrayprint.py=_guarded_repr_or_str=1564
/home/jiangt/FaaSLight-Re/Original_app/app3-dynamic/numpy/core/getlimits.py=MachArLike=_float_to_str=111
/home/jiangt/FaaSLight-Re/Original_app/app3-dynamic/numpy/core/getlimits.py=_fr0=16
/home/jiangt/FaaSLight-Re/Original_app/app3-dynamic/numpy/core/arrayprint.py=_array_str_implementation=1571
/home/jiangt/FaaSLight-Re/Original_app/app3-dynamic/numpy/core/arrayprint.py=_recursive_guard=decorating_function=wrapper=506
/home/jiangt/FaaSLight-Re/Original_app/app3-dynamic/numpy/core/arrayprint.py=_guarded_repr_or_str=1564
/home/jiangt/FaaSLight-Re/Original_app/app3-dynamic/numpy/core/getlimits.py=MachArLike=_float_to_str=111
/home/jiangt/FaaSLight-Re/Original_app/app3-dynamic/numpy/core/getlimits.py=_fr0=16
/home/jiangt/FaaSLight-Re/Original_app/app3-dynamic/numpy/core/arrayprint.py=_array_str_implementation=1571
/home/jiangt/FaaSLight-Re/Original_app/app3-dynamic/numpy/core/arrayprint.py=_recursive_guard=decorating_function=wrapper=506
/home/jiangt/FaaSLight-Re/Original_app/app3-dynamic/numpy/core/arrayprint.py=_guarded_repr_or_str=1564
/home/jiangt/FaaSLight-Re/Original_app/app3-dynamic/numpy/core/getlimits.py=MachArLike=_float_to_str=111
/home/jiangt/FaaSLight-Re/Original_app/app3-dynamic/numpy/core/getlimits.py=_fr0=16
/home/jiangt/FaaSLight-Re/Original_app/app3-dynamic/numpy/core/arrayprint.py=_array_str_implementation=1571
/home/jiangt/FaaSLight-Re/Original_app/app3-dynamic/numpy/core/arrayprint.py=_recursive_guard=decorating_function=wrapper=506
/home/jiangt/FaaSLight-Re/Original_app/app3-dynamic/numpy/core/arrayprint.py=_guarded_repr_or_str=1564
/home/jiangt/FaaSLight-Re/Original_app/app3-dynamic/numpy/core/getlimits.py=MachArLike=_float_to_str=111
/home/jiangt/FaaSLight-Re/Original_app/app3-dynamic/numpy/core/getlimits.py=_fr0=16
/home/jiangt/FaaSLight-Re/Original_app/app3-dynamic/numpy/core/arrayprint.py=_array_str_implementation=1571
/home/jiangt/FaaSLight-Re/Original_app/app3-dynamic/numpy/core/arrayprint.py=_recursive_guard=decorating_function=wrapper=506
/home/jiangt/FaaSLight-Re/Original_app/app3-dynamic/numpy/core/arrayprint.py=_guarded_repr_or_str=1564
/home/jiangt/FaaSLight-Re/Original_app/app3-dynamic/numpy/core/getlimits.py=MachArLike=_float_to_str=111
/home/jiangt/FaaSLight-Re/Original_app/app3-dynamic/numpy/core/getlimits.py=_fr0=16
/home/jiangt/FaaSLight-Re/Original_app/app3-dynamic/numpy/core/arrayprint.py=_array_str_implementation=1571
/home/jiangt/FaaSLight-Re/Original_app/app3-dynamic/numpy/core/arrayprint.py=_recursive_guard=decorating_function=wrapper=506
/home/jiangt/FaaSLight-Re/Original_app/app3-dynamic/numpy/core/arrayprint.py=_guarded_repr_or_str=1564
/home/jiangt/FaaSLight-Re/Original_app/app3-dynamic/numpy/core/getlimits.py=_register_type=153
/home/jiangt/FaaSLight-Re/Original_app/app3-dynamic/numpy/core/getlimits.py=_register_type=153
/home/jiangt/FaaSLight-Re/Original_app/app3-dynamic/numpy/core/_ufunc_config.py=errstate=__init__=426
/home/jiangt/FaaSLight-Re/Original_app/app3-dynamic/numpy/core/_ufunc_config.py=errstate=__enter__=430
/home/jiangt/FaaSLight-Re/Original_app/app3-dynamic/numpy/core/_ufunc_config.py=seterr=33
/home/jiangt/FaaSLight-Re/Original_app/app3-dynamic/numpy/core/_ufunc_config.py=geterr=132
/home/jiangt/FaaSLight-Re/Original_app/app3-dynamic/numpy/core/_ufunc_config.py=errstate=__exit__=435
/home/jiangt/FaaSLight-Re/Original_app/app3-dynamic/numpy/core/_ufunc_config.py=seterr=33
/home/jiangt/FaaSLight-Re/Original_app/app3-dynamic/numpy/core/_ufunc_config.py=geterr=132
/home/jiangt/FaaSLight-Re/Original_app/app3-dynamic/numpy/core/getlimits.py=MachArLike=__init__=34
/home/jiangt/FaaSLight-Re/Original_app/app3-dynamic/numpy/core/getlimits.py=MachArLike=_float_to_float=91
/home/jiangt/FaaSLight-Re/Original_app/app3-dynamic/numpy/core/getlimits.py=MachArLike=_float_conv=101
/home/jiangt/FaaSLight-Re/Original_app/app3-dynamic/numpy/core/getlimits.py=_fr1=24
/home/jiangt/FaaSLight-Re/Original_app/app3-dynamic/numpy/core/getlimits.py=MachArLike=_float_to_float=91
/home/jiangt/FaaSLight-Re/Original_app/app3-dynamic/numpy/core/getlimits.py=MachArLike=_float_conv=101
/home/jiangt/FaaSLight-Re/Original_app/app3-dynamic/numpy/core/getlimits.py=_fr1=24
/home/jiangt/FaaSLight-Re/Original_app/app3-dynamic/numpy/core/getlimits.py=MachArLike=_float_to_float=91
/home/jiangt/FaaSLight-Re/Original_app/app3-dynamic/numpy/core/getlimits.py=MachArLike=_float_conv=101
/home/jiangt/FaaSLight-Re/Original_app/app3-dynamic/numpy/core/getlimits.py=_fr1=24
/home/jiangt/FaaSLight-Re/Original_app/app3-dynamic/numpy/core/getlimits.py=MachArLike=_float_to_float=91
/home/jiangt/FaaSLight-Re/Original_app/app3-dynamic/numpy/core/getlimits.py=MachArLike=_float_conv=101
/home/jiangt/FaaSLight-Re/Original_app/app3-dynamic/numpy/core/getlimits.py=_fr1=24
/home/jiangt/FaaSLight-Re/Original_app/app3-dynamic/numpy/core/getlimits.py=MachArLike=_float_to_float=91
/home/jiangt/FaaSLight-Re/Original_app/app3-dynamic/numpy/core/getlimits.py=MachArLike=_float_conv=101
/home/jiangt/FaaSLight-Re/Original_app/app3-dynamic/numpy/core/getlimits.py=_fr1=24
/home/jiangt/FaaSLight-Re/Original_app/app3-dynamic/numpy/core/getlimits.py=MachArLike=_float_conv=101
/home/jiangt/FaaSLight-Re/Original_app/app3-dynamic/numpy/core/getlimits.py=MachArLike=_float_to_float=91
/home/jiangt/FaaSLight-Re/Original_app/app3-dynamic/numpy/core/getlimits.py=MachArLike=_float_conv=101
/home/jiangt/FaaSLight-Re/Original_app/app3-dynamic/numpy/core/getlimits.py=_fr1=24
/home/jiangt/FaaSLight-Re/Original_app/app3-dynamic/numpy/core/getlimits.py=MachArLike=_float_to_str=111
/home/jiangt/FaaSLight-Re/Original_app/app3-dynamic/numpy/core/getlimits.py=_fr0=16
/home/jiangt/FaaSLight-Re/Original_app/app3-dynamic/numpy/core/arrayprint.py=_array_str_implementation=1571
/home/jiangt/FaaSLight-Re/Original_app/app3-dynamic/numpy/core/arrayprint.py=_recursive_guard=decorating_function=wrapper=506
/home/jiangt/FaaSLight-Re/Original_app/app3-dynamic/numpy/core/arrayprint.py=_guarded_repr_or_str=1564
/home/jiangt/FaaSLight-Re/Original_app/app3-dynamic/numpy/core/getlimits.py=MachArLike=_float_to_str=111
/home/jiangt/FaaSLight-Re/Original_app/app3-dynamic/numpy/core/getlimits.py=_fr0=16
/home/jiangt/FaaSLight-Re/Original_app/app3-dynamic/numpy/core/arrayprint.py=_array_str_implementation=1571
/home/jiangt/FaaSLight-Re/Original_app/app3-dynamic/numpy/core/arrayprint.py=_recursive_guard=decorating_function=wrapper=506
/home/jiangt/FaaSLight-Re/Original_app/app3-dynamic/numpy/core/arrayprint.py=_guarded_repr_or_str=1564
/home/jiangt/FaaSLight-Re/Original_app/app3-dynamic/numpy/core/getlimits.py=MachArLike=_float_to_str=111
/home/jiangt/FaaSLight-Re/Original_app/app3-dynamic/numpy/core/getlimits.py=_fr0=16
/home/jiangt/FaaSLight-Re/Original_app/app3-dynamic/numpy/core/arrayprint.py=_array_str_implementation=1571
/home/jiangt/FaaSLight-Re/Original_app/app3-dynamic/numpy/core/arrayprint.py=_recursive_guard=decorating_function=wrapper=506
/home/jiangt/FaaSLight-Re/Original_app/app3-dynamic/numpy/core/arrayprint.py=_guarded_repr_or_str=1564
/home/jiangt/FaaSLight-Re/Original_app/app3-dynamic/numpy/core/getlimits.py=MachArLike=_float_to_str=111
/home/jiangt/FaaSLight-Re/Original_app/app3-dynamic/numpy/core/getlimits.py=_fr0=16
/home/jiangt/FaaSLight-Re/Original_app/app3-dynamic/numpy/core/arrayprint.py=_array_str_implementation=1571
/home/jiangt/FaaSLight-Re/Original_app/app3-dynamic/numpy/core/arrayprint.py=_recursive_guard=decorating_function=wrapper=506
/home/jiangt/FaaSLight-Re/Original_app/app3-dynamic/numpy/core/arrayprint.py=_guarded_repr_or_str=1564
/home/jiangt/FaaSLight-Re/Original_app/app3-dynamic/numpy/core/getlimits.py=MachArLike=_float_to_str=111
/home/jiangt/FaaSLight-Re/Original_app/app3-dynamic/numpy/core/getlimits.py=_fr0=16
/home/jiangt/FaaSLight-Re/Original_app/app3-dynamic/numpy/core/arrayprint.py=_array_str_implementation=1571
/home/jiangt/FaaSLight-Re/Original_app/app3-dynamic/numpy/core/arrayprint.py=_recursive_guard=decorating_function=wrapper=506
/home/jiangt/FaaSLight-Re/Original_app/app3-dynamic/numpy/core/arrayprint.py=_guarded_repr_or_str=1564
/home/jiangt/FaaSLight-Re/Original_app/app3-dynamic/numpy/core/getlimits.py=MachArLike=_float_to_str=111
/home/jiangt/FaaSLight-Re/Original_app/app3-dynamic/numpy/core/getlimits.py=_fr0=16
/home/jiangt/FaaSLight-Re/Original_app/app3-dynamic/numpy/core/arrayprint.py=_array_str_implementation=1571
/home/jiangt/FaaSLight-Re/Original_app/app3-dynamic/numpy/core/arrayprint.py=_recursive_guard=decorating_function=wrapper=506
/home/jiangt/FaaSLight-Re/Original_app/app3-dynamic/numpy/core/arrayprint.py=_guarded_repr_or_str=1564
/home/jiangt/FaaSLight-Re/Original_app/app3-dynamic/numpy/core/getlimits.py=_register_type=153
/home/jiangt/FaaSLight-Re/Original_app/app3-dynamic/numpy/core/getlimits.py=MachArLike=__init__=34
/home/jiangt/FaaSLight-Re/Original_app/app3-dynamic/numpy/core/getlimits.py=MachArLike=_float_to_float=91
/home/jiangt/FaaSLight-Re/Original_app/app3-dynamic/numpy/core/getlimits.py=MachArLike=_float_conv=101
/home/jiangt/FaaSLight-Re/Original_app/app3-dynamic/numpy/core/getlimits.py=_fr1=24
/home/jiangt/FaaSLight-Re/Original_app/app3-dynamic/numpy/core/getlimits.py=MachArLike=_float_to_float=91
/home/jiangt/FaaSLight-Re/Original_app/app3-dynamic/numpy/core/getlimits.py=MachArLike=_float_conv=101
/home/jiangt/FaaSLight-Re/Original_app/app3-dynamic/numpy/core/getlimits.py=_fr1=24
/home/jiangt/FaaSLight-Re/Original_app/app3-dynamic/numpy/core/getlimits.py=MachArLike=_float_to_float=91
/home/jiangt/FaaSLight-Re/Original_app/app3-dynamic/numpy/core/getlimits.py=MachArLike=_float_conv=101
/home/jiangt/FaaSLight-Re/Original_app/app3-dynamic/numpy/core/getlimits.py=_fr1=24
/home/jiangt/FaaSLight-Re/Original_app/app3-dynamic/numpy/core/getlimits.py=MachArLike=_float_to_float=91
/home/jiangt/FaaSLight-Re/Original_app/app3-dynamic/numpy/core/getlimits.py=MachArLike=_float_conv=101
/home/jiangt/FaaSLight-Re/Original_app/app3-dynamic/numpy/core/getlimits.py=_fr1=24
/home/jiangt/FaaSLight-Re/Original_app/app3-dynamic/numpy/core/getlimits.py=MachArLike=_float_to_float=91
/home/jiangt/FaaSLight-Re/Original_app/app3-dynamic/numpy/core/getlimits.py=MachArLike=_float_conv=101
/home/jiangt/FaaSLight-Re/Original_app/app3-dynamic/numpy/core/getlimits.py=_fr1=24
/home/jiangt/FaaSLight-Re/Original_app/app3-dynamic/numpy/core/getlimits.py=MachArLike=_float_conv=101
/home/jiangt/FaaSLight-Re/Original_app/app3-dynamic/numpy/core/getlimits.py=MachArLike=_float_to_float=91
/home/jiangt/FaaSLight-Re/Original_app/app3-dynamic/numpy/core/getlimits.py=MachArLike=_float_conv=101
/home/jiangt/FaaSLight-Re/Original_app/app3-dynamic/numpy/core/getlimits.py=_fr1=24
/home/jiangt/FaaSLight-Re/Original_app/app3-dynamic/numpy/core/getlimits.py=MachArLike=_float_to_str=111
/home/jiangt/FaaSLight-Re/Original_app/app3-dynamic/numpy/core/getlimits.py=_fr0=16
/home/jiangt/FaaSLight-Re/Original_app/app3-dynamic/numpy/core/arrayprint.py=_array_str_implementation=1571
/home/jiangt/FaaSLight-Re/Original_app/app3-dynamic/numpy/core/arrayprint.py=_recursive_guard=decorating_function=wrapper=506
/home/jiangt/FaaSLight-Re/Original_app/app3-dynamic/numpy/core/arrayprint.py=_guarded_repr_or_str=1564
/home/jiangt/FaaSLight-Re/Original_app/app3-dynamic/numpy/core/getlimits.py=MachArLike=_float_to_str=111
/home/jiangt/FaaSLight-Re/Original_app/app3-dynamic/numpy/core/getlimits.py=_fr0=16
/home/jiangt/FaaSLight-Re/Original_app/app3-dynamic/numpy/core/arrayprint.py=_array_str_implementation=1571
/home/jiangt/FaaSLight-Re/Original_app/app3-dynamic/numpy/core/arrayprint.py=_recursive_guard=decorating_function=wrapper=506
/home/jiangt/FaaSLight-Re/Original_app/app3-dynamic/numpy/core/arrayprint.py=_guarded_repr_or_str=1564
/home/jiangt/FaaSLight-Re/Original_app/app3-dynamic/numpy/core/getlimits.py=MachArLike=_float_to_str=111
/home/jiangt/FaaSLight-Re/Original_app/app3-dynamic/numpy/core/getlimits.py=_fr0=16
/home/jiangt/FaaSLight-Re/Original_app/app3-dynamic/numpy/core/arrayprint.py=_array_str_implementation=1571
/home/jiangt/FaaSLight-Re/Original_app/app3-dynamic/numpy/core/arrayprint.py=_recursive_guard=decorating_function=wrapper=506
/home/jiangt/FaaSLight-Re/Original_app/app3-dynamic/numpy/core/arrayprint.py=_guarded_repr_or_str=1564
/home/jiangt/FaaSLight-Re/Original_app/app3-dynamic/numpy/core/getlimits.py=MachArLike=_float_to_str=111
/home/jiangt/FaaSLight-Re/Original_app/app3-dynamic/numpy/core/getlimits.py=_fr0=16
/home/jiangt/FaaSLight-Re/Original_app/app3-dynamic/numpy/core/arrayprint.py=_array_str_implementation=1571
/home/jiangt/FaaSLight-Re/Original_app/app3-dynamic/numpy/core/arrayprint.py=_recursive_guard=decorating_function=wrapper=506
/home/jiangt/FaaSLight-Re/Original_app/app3-dynamic/numpy/core/arrayprint.py=_guarded_repr_or_str=1564
/home/jiangt/FaaSLight-Re/Original_app/app3-dynamic/numpy/core/getlimits.py=MachArLike=_float_to_str=111
/home/jiangt/FaaSLight-Re/Original_app/app3-dynamic/numpy/core/getlimits.py=_fr0=16
/home/jiangt/FaaSLight-Re/Original_app/app3-dynamic/numpy/core/arrayprint.py=_array_str_implementation=1571
/home/jiangt/FaaSLight-Re/Original_app/app3-dynamic/numpy/core/arrayprint.py=_recursive_guard=decorating_function=wrapper=506
/home/jiangt/FaaSLight-Re/Original_app/app3-dynamic/numpy/core/arrayprint.py=_guarded_repr_or_str=1564
/home/jiangt/FaaSLight-Re/Original_app/app3-dynamic/numpy/core/getlimits.py=MachArLike=_float_to_str=111
/home/jiangt/FaaSLight-Re/Original_app/app3-dynamic/numpy/core/getlimits.py=_fr0=16
/home/jiangt/FaaSLight-Re/Original_app/app3-dynamic/numpy/core/arrayprint.py=_array_str_implementation=1571
/home/jiangt/FaaSLight-Re/Original_app/app3-dynamic/numpy/core/arrayprint.py=_recursive_guard=decorating_function=wrapper=506
/home/jiangt/FaaSLight-Re/Original_app/app3-dynamic/numpy/core/arrayprint.py=_guarded_repr_or_str=1564
/home/jiangt/FaaSLight-Re/Original_app/app3-dynamic/numpy/core/getlimits.py=_register_type=153
/home/jiangt/FaaSLight-Re/Original_app/app3-dynamic/numpy/core/getlimits.py=_register_type=153
/home/jiangt/FaaSLight-Re/Original_app/app3-dynamic/numpy/_pytesttester.py=PytestTester=__init__=76
/home/jiangt/FaaSLight-Re/Original_app/app3-dynamic/numpy/__init__.py=_sanity_check=335
/home/jiangt/FaaSLight-Re/Original_app/app3-dynamic/numpy/core/numeric.py=ones=150
/home/jiangt/FaaSLight-Re/Original_app/app3-dynamic/numpy/core/overrides.py=array_function_dispatch=decorator=public_api=177
/home/jiangt/FaaSLight-Re/Original_app/app3-dynamic/numpy/core/multiarray.py=copyto=1079
